id_registro,id_departamento,id_municipio,id_producto,fecha,cantidad,estado,id_region,validacion,causa_modificacion
10001,5723,5723009,2,2024-08-21,180,F,4,modificado,A: fecha 2024-8-21 -> 2024-08-21. Normalization by format and calendar.
10002,5725,5725007,2,2024-01-19,133,F,2,valido,
10003,5719,5719016,3,2024-11-24,182,F,6,valido,
10004,5720,5720005,3,2024-01-14,69,F,4,valido,
10005,5776,5776007,4,2024-09-18,55,F,6,valido,
10006,5785,5785014,2,2024-03-09,73,F,5,valido,
10007,5715,5715112,4,2024-03-08,116,F,2,valido,
10008,5715,5715035,1,2024-12-19,60,F,2,valido,
10009,5773,5773036,4,2024-07-22,162,F,3,valido,
10010,5752,5752030,3,2024-12-14,22,F,6,valido,
10011,5717,5717007,3,2024-08-03,12,F,1,valido,
10012,5713,5713024,2,2024-03-19,88,F,4,valido,
10013,5715,5715043,2,2024-07-13,157,F,2,valido,
10014,5715,5715078,4,2024-12-09,198,F,2,modificado,C: cantidad -198 -> 198. Remove the negative sign with abs().
10015,5719,5719006,4,2024-01-28,7,F,6,valido,
10016,5770,5770026,3,2024-02-02,113,F,4,valido,
10017,5705,5705049,4,2024-07-21,21,F,1,valido,
10018,5794,5794005,4,2024-06-19,145,F,5,valido,
10019,5768,5768031,3,2024-04-24,114,F,2,valido,
10020,5708,5708002,4,2024-12-16,13,F,4,valido,
10021,5713,5713029,3,2024-08-20,162,F,4,valido,
10022,5717,5717002,4,2024-12-05,12,F,1,valido,
10023,5768,5768083,4,2024-12-17,15,F,2,valido,
10024,5725,5725017,3,2024-12-07,142,F,2,valido,
10025,5768,5768061,1,2024-09-04,89,F,2,valido,
10026,5794,5794003,3,2024-07-10,38,F,5,valido,
10027,5752,5752024,3,2024-02-18,79,F,6,valido,
10028,5727,5727010,4,2024-05-07,32,F,6,valido,
10029,5750,5750008,3,2024-06-08,79,F,5,valido,
10030,5776,5776013,4,2024-05-04,11,F,6,valido,
10031,5713,5713002,1,2024-04-14,148,F,4,valido,
10032,5752,5752051,1,2024-05-27,70,F,6,valido,
10033,5744,5744002,2,2024-07-09,147,F,4,valido,
10034,5727,5727020,1,2024-11-13,2,F,6,valido,
10035,5744,5744010,4,2024-04-21,8,F,4,valido,
10036,5741,5741017,4,2024-11-25,9,F,3,valido,
10037,5715,5715119,1,2024-04-12,99,F,2,valido,
10038,5705,5705008,2,2024-06-02,142,F,1,valido,
10039,5754,5754030,2,2024-03-14,32,F,2,valido,
10040,5725,5725021,4,2024-07-02,149,F,2,valido,
10041,5725,5725087,3,2024-05-12,148,F,2,valido,
10042,5715,5715026,4,2024-09-12,82,F,2,valido,
10043,5776,5776005,2,2024-11-11,9,F,6,valido,
10044,5768,5768050,3,2024-03-04,92,F,2,valido,
10045,5705,5705107,2,2024-03-06,7,F,1,valido,
10046,5725,5725024,2,2024-02-03,25,F,2,valido,
10047,5741,5741035,1,2024-07-19,12,F,3,valido,
10048,5720,5720016,2,2024-06-04,11,F,4,valido,
10049,5768,5768065,4,2024-08-20,111,F,2,valido,
10050,5719,5719008,3,2024-12-04,151,F,6,valido,
10051,5715,5715060,1,2024-06-16,53,F,2,valido,
10052,5705,5705105,4,2024-06-20,57,F,1,valido,
10053,5725,5725076,4,2024-10-05,123,F,2,valido,
10054,5776,5776017,3,2024-05-21,164,F,6,valido,
10055,5705,5705031,1,2024-03-19,108,F,1,valido,
10056,5713,5713019,4,2024-08-13,131,F,4,valido,
10057,5752,5752059,4,2024-02-21,47,F,6,valido,
10058,5713,5713004,2,2024-08-26,63,F,4,valido,
10059,5773,5773035,2,2024-08-13,12,F,3,valido,
10060,5705,5705063,4,2024-08-25,196,F,1,valido,
10061,5715,5715059,1,2024-01-05,11,F,2,valido,
10062,5725,5725019,1,2024-06-24,38,F,2,valido,
10063,5725,5725004,1,2024-08-19,6,F,2,valido,
10064,5715,5715093,1,2024-05-21,114,F,2,valido,
10065,5768,5768009,2,2024-01-11,164,F,2,valido,
10066,5768,5768016,1,2024-08-03,116,F,2,valido,
10067,5720,5720017,1,2024-08-17,30,F,4,valido,
10068,5715,5715116,4,2024-04-13,176,F,2,valido,
10069,5727,5727019,4,2024-03-03,171,F,6,valido,
10070,5719,5719009,3,2024-05-19,122,F,6,valido,
10071,5754,5754031,4,2024-10-23,170,F,2,valido,
10072,5705,5705107,2,2024-08-06,195,F,1,valido,
10073,5794,5794006,1,2024-11-01,95,F,5,valido,
10074,5776,5776004,2,2024-09-17,40,F,6,valido,
10075,5725,5725081,4,2024-06-27,53,F,2,valido,
10076,5708,5708022,1,2024-08-25,101,F,4,valido,
10077,5794,5794007,1,2024-03-19,151,F,5,valido,
10078,5768,5768060,1,2024-02-10,39,F,2,valido,
10079,5713,5713037,1,2024-07-26,74,F,4,valido,
10080,5711,5711001,2,2024-02-14,6,F,2,valido,
10081,5768,5768029,1,2024-12-16,156,F,2,valido,
10082,5776,5776020,4,2024-10-12,131,F,6,valido,
10083,5705,5705062,1,2024-11-20,181,F,1,valido,
10084,5713,5713045,1,2024-09-26,77,F,4,valido,
10085,5773,5773006,2,2024-10-09,27,F,3,valido,
10086,5715,5715076,1,2024-03-14,145,F,2,valido,
10087,5705,5705055,2,2024-05-28,184,F,1,valido,
10088,5786,5786001,1,2024-06-06,8,F,3,valido,
10089,5773,5773011,1,2024-11-20,12,F,3,valido,
10090,5770,5770010,4,2024-01-04,191,F,4,valido,
10091,5741,5741029,3,2024-02-14,47,F,3,valido,
10092,5744,5744011,3,2024-06-11,57,F,4,valido,
10093,5785,5785019,1,2024-08-09,75,F,5,valido,
10094,5741,5741021,4,2024-03-08,86,F,3,valido,
10095,5708,5708019,3,2024-09-18,112,F,4,valido,
10096,5713,5713042,4,2024-01-09,92,F,4,valido,
10097,5720,5720003,4,2024-01-14,199,F,4,valido,
10098,5768,5768057,3,2024-07-08,111,F,2,valido,
10099,5766,5766001,2,2024-09-16,186,F,1,valido,
10100,5725,5725050,4,2024-07-01,67,F,2,valido,
10101,5752,5752011,3,2024-02-17,30,F,6,valido,
10102,5708,5708009,2,2024-05-27,166,F,4,valido,
10103,5725,5725092,1,2024-05-28,126,F,2,valido,
10104,5725,5725110,4,2024-07-11,161,F,2,valido,
10105,5708,5708019,1,2024-05-01,138,F,4,valido,
10106,5776,5776014,3,2024-12-07,34,F,6,valido,
10107,5725,5725047,4,2024-05-12,57,F,2,valido,
10108,5754,5754001,3,2024-01-11,136,F,2,valido,
10109,5768,5768086,2,2024-08-26,44,F,2,valido,
10110,5705,5705008,2,2024-03-23,194,F,1,valido,
10111,5713,5713032,3,2024-05-02,102,F,4,valido,
10112,5754,5754033,3,2024-05-20,114,F,2,valido,
10113,5773,5773013,3,2024-01-28,174,F,3,valido,
10114,5752,5752022,1,2024-11-19,23,F,6,valido,
10115,5747,5747013,4,2024-04-08,10,F,4,valido,
10116,5768,5768029,2,2024-07-05,42,F,2,valido,
10117,5705,5705098,3,2024-02-19,121,F,1,valido,
10118,5725,5725092,2,2024-02-24,69,F,2,valido,
10119,5773,5773046,1,2024-05-23,34,F,3,valido,
10120,5766,5766008,3,2024-05-15,192,F,1,valido,
10121,5715,5715030,1,2024-01-21,171,F,2,valido,
10122,5705,5705117,1,2024-08-07,133,F,1,valido,
10123,5752,5752035,4,2024-08-14,57,F,6,valido,
10124,5768,5768055,3,2024-08-16,193,F,2,valido,
10125,5752,5752030,4,2024-05-08,173,F,6,valido,
10126,5715,5715043,1,2024-05-17,100,F,2,valido,
10127,5741,5741014,2,2024-07-18,78,F,3,valido,
10128,5725,5725102,2,2024-05-13,195,F,2,valido,
10129,5715,5715060,1,2024-06-07,182,F,2,valido,
10130,5781,5781002,3,2024-02-25,178,F,5,valido,
10131,5741,5741032,1,2024-03-27,73,F,3,valido,
10132,5705,5705009,1,2024-11-16,152,F,1,valido,
10133,5720,5720001,2,2024-01-07,146,F,4,valido,
10134,5776,5776032,3,2024-02-18,142,F,6,valido,
10135,5752,5752015,3,2024-09-20,71,F,6,valido,
10136,5754,5754010,2,2024-05-15,49,F,2,valido,
10137,5705,5705042,2,2024-04-02,93,F,1,valido,
10138,5799,5799003,2,2024-07-14,197,F,5,valido,
10139,5754,5754020,3,2024-03-25,125,F,2,valido,
10140,5741,5741028,2,2024-08-05,188,F,3,valido,
10141,5747,5747030,3,2024-12-12,157,F,4,valido,
10142,5776,5776021,1,2024-09-04,136,F,6,valido,
10143,5715,5715025,3,2024-05-14,21,F,2,valido,
10144,5766,5766006,1,2024-05-14,14,F,1,valido,
10145,5768,5768061,2,2024-09-18,165,F,2,valido,
10146,5719,5719006,3,2024-04-13,161,F,6,valido,
10147,5725,5725102,2,2024-12-08,56,F,2,valido,
10148,5741,5741008,1,2024-12-25,115,F,3,valido,
10149,5794,5794006,1,2024-10-05,120,F,5,valido,
10150,5720,5720007,1,2024-03-08,199,F,4,valido,
10151,5719,5719015,4,2024-11-02,143,F,6,valido,
10152,5725,5725016,4,2024-02-01,5,F,2,valido,
10153,5791,5791010,3,2024-08-18,32,F,3,valido,
10154,5768,5768021,4,2024-08-21,181,F,2,valido,
10155,5797,5797004,1,2024-10-08,78,F,3,valido,
10156,5770,5770011,3,2024-08-22,99,F,4,valido,
10157,5727,5727027,1,2024-01-08,112,F,6,valido,
10158,5715,5715047,2,2024-12-14,158,F,2,valido,
10159,5770,5770022,2,2024-11-02,11,F,4,valido,
10160,5768,5768075,3,2024-05-26,79,F,2,valido,
10161,5776,5776004,1,2024-04-28,6,F,6,valido,
10162,5785,5785005,4,2024-02-20,186,F,5,valido,
10163,5719,5719002,1,2024-09-09,112,F,6,valido,
10164,5773,5773044,4,2024-04-20,121,F,3,valido,
10165,5708,5708014,2,2024-10-11,168,F,4,valido,
10166,5723,5723020,3,2024-10-27,130,F,4,valido,
10167,5744,5744013,1,2024-05-02,36,F,4,valido,
10168,5747,5747011,4,2024-02-09,188,F,4,valido,
10169,5752,5752019,3,2024-11-16,169,F,6,valido,
10170,5785,5785006,4,2024-09-10,58,F,5,valido,
10171,5705,5705033,4,2024-05-20,94,F,1,valido,
10172,5715,5715102,3,2024-08-21,153,F,2,valido,
10173,5770,5770006,4,2024-04-09,94,F,4,valido,
10174,5727,5727004,2,2024-09-20,81,F,6,valido,
10175,5754,5754008,2,2024-06-14,99,F,2,valido,
10176,5744,5744008,4,2024-09-13,86,F,4,valido,
10177,5754,5754003,3,2024-07-06,187,F,2,valido,
10178,5715,5715033,4,2024-08-21,140,F,2,valido,
10179,5725,5725086,4,2024-04-05,197,F,2,valido,
10180,5705,5705060,3,2024-11-24,136,F,1,valido,
10181,5768,5768068,2,2024-09-25,132,F,2,valido,
10182,5725,5725058,4,2024-05-15,88,F,2,valido,
10183,5715,5715005,2,2024-06-01,89,F,2,valido,
10184,5768,5768069,2,2024-03-04,96,F,2,valido,
10185,5786,5786004,2,2024-01-01,33,F,3,valido,
10186,5773,5773028,4,2024-11-26,34,F,3,valido,
10187,5708,5708008,2,2024-05-09,45,F,4,valido,
10188,5791,5791005,3,2024-04-23,111,F,3,valido,
10189,5754,5754039,3,2024-02-15,34,F,2,valido,
10190,5725,5725036,1,2024-03-17,163,F,2,valido,
10191,5705,5705119,1,2024-12-08,191,F,1,valido,
10192,5770,5770010,1,2024-09-27,67,F,4,valido,
10193,5715,5715060,2,2024-04-28,32,F,2,valido,
10194,5705,5705011,1,2024-03-23,140,F,1,valido,
10195,5705,5705009,3,2024-10-10,27,F,1,valido,
10196,5719,5719011,3,2024-08-17,74,F,6,valido,
10197,5768,5768047,4,2024-03-02,61,F,2,valido,
10198,5725,5725018,3,2024-08-17,196,F,2,valido,
10199,5717,5717017,1,2024-05-28,72,F,1,valido,
10200,5785,5785017,1,2024-03-13,101,F,5,valido,
10201,5752,5752023,2,2024-05-25,76,F,6,valido,
10202,5715,5715123,1,2024-01-22,112,F,2,valido,
10203,5713,5713012,1,2024-04-03,174,F,4,valido,
10204,5727,5727026,1,2024-10-13,137,F,6,valido,
10205,5725,5725060,1,2024-07-16,126,F,2,valido,
10206,5785,5785016,2,2024-10-18,69,F,5,valido,
10207,5725,5725103,3,2024-08-08,37,F,2,valido,
10208,5768,5768082,3,2024-10-01,63,F,2,valido,
10209,5705,5705042,1,2024-01-21,160,F,1,valido,
10210,5768,5768069,3,2024-10-17,70,F,2,valido,
10211,5725,5725062,2,2024-12-03,137,F,2,valido,
10212,5719,5719041,1,2024-07-18,199,F,6,valido,
10213,5708,5708001,4,2024-11-18,195,F,4,valido,
10214,5705,5705031,1,2024-01-15,51,F,1,valido,
10215,5719,5719025,3,2024-09-28,59,F,6,valido,
10216,5713,5713007,2,2024-07-17,142,F,4,valido,
10217,5717,5717004,3,2024-04-16,199,F,1,valido,
10218,5770,5770026,3,2024-03-20,143,F,4,valido,
10219,5715,5715122,2,2024-07-24,17,F,2,valido,
10220,5713,5713001,3,2024-01-02,75,F,4,valido,
10221,5719,5719031,1,2024-10-02,169,F,6,valido,
10222,5754,5754016,1,2024-02-17,118,F,2,valido,
10223,5781,5781001,3,2024-10-18,106,F,5,valido,
10224,5718,5718010,4,2024-05-24,184,F,3,valido,
10225,5725,5725005,2,2024-03-26,136,F,2,modificado,B: cantidad 0 -> 136. Municipal average 136.000000 from 7 positive quantities; rounded to unit.
10226,5752,5752001,2,2024-05-06,29,F,6,valido,
10227,5770,5770009,3,2024-06-20,13,F,4,valido,
10228,5773,5773002,4,2024-12-01,30,F,3,valido,
10229,5725,5725083,2,2024-01-18,146,F,2,valido,
10230,5723,5723019,2,2024-03-19,168,F,4,valido,
10231,5715,5715045,4,2024-08-11,75,F,2,valido,
10232,5768,5768032,3,2024-11-02,78,F,2,valido,
10233,5713,5713044,3,2024-12-07,185,F,4,valido,
10234,5768,5768012,3,2024-12-10,179,F,2,valido,
10235,5705,5705095,1,2024-11-28,143,F,1,valido,
10236,5776,5776023,4,2024-08-09,71,F,6,valido,
10237,5727,5727018,1,2024-11-19,161,F,6,valido,
10238,5715,5715016,1,2024-03-15,135,F,2,valido,
10239,5747,5747006,4,2024-02-10,188,F,4,valido,
10240,5741,5741002,4,2024-04-02,127,F,3,valido,
10241,5719,5719009,2,2024-04-24,54,F,6,valido,
10242,5763,5763008,4,2024-11-26,33,F,1,valido,
10243,5747,5747010,4,2024-12-20,179,F,4,valido,
10244,5768,5768003,1,2024-01-14,75,F,2,valido,
10245,5750,5750003,3,2024-08-14,115,F,5,valido,
10246,5773,5773017,2,2024-11-10,124,F,3,valido,
10247,5754,5754002,3,2024-09-16,197,F,2,valido,
10248,5747,5747024,3,2024-04-28,149,F,4,valido,
10249,5713,5713017,3,2024-03-22,155,F,4,valido,
10250,5768,5768019,2,2024-08-07,108,F,2,valido,
10251,5719,5719032,4,2024-01-10,144,F,6,valido,
10252,5750,5750002,4,2024-01-07,115,F,5,valido,
10253,5720,5720025,1,2024-03-26,20,F,4,valido,
10254,5741,5741005,3,2024-11-13,186,F,3,valido,
10255,5715,5715005,1,2024-04-13,136,F,2,valido,
10256,5768,5768024,2,2024-08-23,159,F,2,valido,
10257,5785,5785005,2,2024-09-14,187,F,5,valido,
10258,5705,5705112,2,2024-06-04,36,F,1,valido,
10259,5766,5766010,1,2024-10-23,170,F,1,valido,
10260,5717,5717025,3,2024-10-11,157,F,1,valido,
10261,5715,5715012,3,2024-12-03,80,F,2,valido,
10262,5725,5725056,3,2024-11-13,143,F,2,valido,
10263,5768,5768027,3,2024-12-04,183,F,2,valido,
10264,5708,5708002,1,2024-12-15,195,F,4,valido,
10265,5723,5723006,3,2024-03-11,42,F,4,valido,
10266,5705,5705046,4,2024-09-20,181,F,1,valido,
10267,5741,5741017,4,2024-03-22,86,F,3,valido,
10268,5768,5768034,1,2024-04-20,96,F,2,valido,
10269,5715,5715033,3,2024-06-13,166,F,2,valido,
10270,5763,5763010,3,2024-03-07,44,F,1,valido,
10271,5708,5708006,4,2024-10-09,9,F,4,valido,
10272,5725,5725077,2,2024-07-02,54,F,2,valido,
10273,5715,5715081,3,2024-11-11,102,F,2,valido,
10274,5750,5750013,4,2024-02-17,63,F,5,valido,
10275,5705,5705102,3,2024-08-04,83,F,1,valido,
10276,5725,5725025,2,2024-09-23,122,F,2,valido,
10277,5773,5773004,1,2024-11-18,49,F,3,valido,
10278,5719,5719004,2,2024-10-17,51,F,6,valido,
10279,5715,5715078,2,2024-06-01,131,F,2,valido,
10280,5727,5727008,3,2024-04-04,197,F,6,valido,
10281,5718,5718008,2,2024-10-14,143,F,3,valido,
10282,5791,5791001,1,2024-01-12,72,F,3,valido,
10283,5713,5713010,4,2024-02-14,197,F,4,valido,
10284,5776,5776032,1,2024-02-01,40,F,6,valido,
10285,5725,5725090,2,2024-12-02,39,F,2,valido,
10286,5705,5705040,4,2024-03-01,79,F,1,valido,
10287,5768,5768022,3,2024-01-05,8,F,2,valido,
10288,5752,5752038,3,2024-03-20,156,F,6,valido,
10289,5770,5770001,2,2024-11-21,76,F,4,valido,
10290,5752,5752011,4,2024-06-22,76,F,6,valido,
10291,5705,5705087,3,2024-06-04,58,F,1,valido,
10292,5752,5752044,2,2024-08-05,120,F,6,valido,
10293,5705,5705014,3,2024-10-26,196,F,1,valido,
10294,5725,5725083,4,2024-09-26,180,F,2,valido,
10295,5773,5773034,2,2024-11-07,46,F,3,valido,
10296,5718,5718007,3,2024-02-10,144,F,3,valido,
10297,5705,5705124,3,2024-08-26,182,F,1,valido,
10298,5725,5725057,1,2024-10-20,54,F,2,valido,
10299,5725,5725074,3,2024-02-16,129,F,2,valido,
10300,5752,5752033,3,2024-05-22,154,F,6,valido,
10301,5741,5741010,1,2024-09-04,32,F,3,valido,
10302,5752,5752038,4,2024-05-09,126,F,6,valido,
10303,5768,5768014,1,2024-05-05,55,F,2,valido,
10304,5705,5705123,4,2024-03-12,156,F,1,valido,
10305,5715,5715073,1,2024-12-19,180,F,2,valido,
10306,5705,5705097,1,2024-08-08,87,F,1,valido,
10307,5725,5725099,4,2024-03-01,97,F,2,valido,
10308,5715,5715061,3,2024-12-11,123,F,2,valido,
10309,5773,5773007,3,2024-05-03,5,F,3,valido,
10310,5752,5752008,4,2024-09-24,45,F,6,valido,
10311,5718,5718016,4,2024-05-19,156,F,3,valido,
10312,5717,5717001,2,2024-07-18,102,F,1,valido,
10313,5708,5708009,2,2024-10-25,14,F,4,valido,
10314,5727,5727031,2,2024-08-02,33,F,6,valido,
10315,5725,5725008,2,2024-07-09,193,F,2,valido,
10316,5705,5705043,2,2024-09-28,98,F,1,valido,
10317,5715,5715075,3,2024-12-09,9,F,2,valido,
10318,5705,5705012,3,2024-10-24,192,F,1,valido,
10319,5781,5781007,1,2024-03-14,39,F,5,valido,
10320,5795,5795004,4,2024-10-03,109,F,5,valido,
10321,5754,5754007,4,2024-06-03,42,F,2,valido,
10322,5754,5754012,3,2024-03-13,54,F,2,valido,
10323,5754,5754030,4,2024-07-24,56,F,2,valido,
10324,5719,5719040,1,2024-06-18,98,F,6,valido,
10325,5718,5718006,1,2024-12-25,46,F,3,valido,
10326,5715,5715051,3,2024-06-21,105,F,2,modificado,D: id_departamento 0 -> 5715. Department obtained from the municipality catalog.
10327,5786,5786006,3,2024-09-27,68,F,3,valido,
10328,5717,5717018,4,2024-01-23,122,F,1,valido,
10329,5717,5717009,1,2024-03-20,39,F,1,valido,
10330,5705,5705049,2,2024-08-19,12,F,1,valido,
10331,5773,5773018,3,2024-03-15,7,F,3,valido,
10332,5773,5773034,1,2024-03-20,4,F,3,valido,
10333,5776,5776013,2,2024-04-19,144,F,6,valido,
10334,5747,5747011,4,2024-01-27,110,F,4,valido,
10335,5713,5713006,4,2024-12-20,14,F,4,valido,
10336,5713,5713025,4,2024-01-23,36,F,4,valido,
10337,5747,5747003,1,2024-11-10,15,F,4,valido,
10338,5727,5727024,2,2024-08-06,158,F,6,valido,
10339,5752,5752059,2,2024-10-13,149,F,6,valido,
10340,5773,5773040,1,2024-03-13,76,F,3,valido,
10341,5741,5741029,1,2024-05-19,35,F,3,valido,
10342,5715,5715007,4,2024-12-20,26,F,2,valido,
10343,5752,5752043,4,2024-03-22,41,F,6,valido,
10344,5797,5797001,2,2024-09-23,140,F,3,valido,
10345,5725,5725102,4,2024-05-05,16,F,2,valido,
10346,5786,5786003,3,2024-02-14,188,F,3,valido,
10347,5715,5715022,1,2024-07-16,50,F,2,valido,
10348,5794,5794007,2,2024-03-17,98,F,5,valido,
10349,5791,5791001,4,2024-09-15,157,F,3,valido,
10350,5725,5725053,1,2024-02-10,90,F,2,valido,
10351,5747,5747010,4,2024-06-25,89,F,4,valido,
10352,5717,5717015,3,2024-04-13,185,F,1,valido,
10353,5768,5768022,2,2024-10-02,162,F,2,valido,
10354,5768,5768014,1,2024-11-18,38,F,2,valido,
10355,5752,5752045,1,2024-09-10,164,F,6,valido,
10356,5741,5741036,4,2024-04-06,11,F,3,valido,
10357,5727,5727013,2,2024-08-02,161,F,6,valido,
10358,5725,5725044,1,2024-03-19,90,F,2,valido,
10359,5773,5773029,2,2024-04-24,67,F,3,valido,
10360,5754,5754017,4,2024-10-25,121,F,2,valido,
10361,5752,5752055,3,2024-02-20,60,F,6,valido,
10362,5768,5768006,3,2024-08-27,107,F,2,valido,
10363,5727,5727023,4,2024-12-21,103,F,6,valido,
10364,5773,5773006,4,2024-07-03,194,F,3,valido,
10365,5723,5723022,2,2024-05-28,21,F,4,valido,
10366,5715,5715061,2,2024-10-22,177,F,2,valido,
10367,5754,5754005,1,2024-04-15,163,F,2,valido,
10368,5773,5773002,3,2024-09-15,90,F,3,valido,
10369,5744,5744001,3,2024-04-13,164,F,4,valido,
10370,5768,5768014,4,2024-11-19,161,F,2,valido,
10371,5720,5720020,1,2024-08-09,171,F,4,valido,
10372,5705,5705009,3,2024-06-19,108,F,1,valido,
10373,5725,5725049,1,2024-08-17,31,F,2,valido,
10374,5776,5776017,3,2024-05-13,198,F,6,valido,
10375,5715,5715054,1,2024-08-03,185,F,2,valido,
10376,5752,5752064,2,2024-02-19,138,F,6,valido,
10377,5715,5715004,1,2024-05-28,184,F,2,valido,
10378,5719,5719015,3,2024-05-24,22,F,6,valido,
10379,5741,5741035,1,2024-09-10,27,F,3,valido,
10380,5713,5713025,4,2024-09-16,194,F,4,valido,
10381,5715,5715106,3,2024-07-09,100,F,2,valido,
10382,5744,5744014,3,2024-11-17,153,F,4,valido,
10383,5770,5770023,4,2024-10-16,55,F,4,valido,
10384,5723,5723025,1,2024-11-08,88,F,4,valido,
10385,5768,5768085,2,2024-08-15,196,F,2,valido,
10386,5719,5719005,1,2024-07-16,107,F,6,valido,
10387,5766,5766007,3,2024-01-02,94,F,1,valido,
10388,5715,5715043,1,2024-01-01,67,F,2,valido,
10389,5754,5754009,2,2024-01-03,39,F,2,valido,
10390,5725,5725103,2,2024-07-22,190,F,2,valido,
10391,5727,5727020,3,2024-09-26,141,F,6,valido,
10392,5725,5725093,3,2024-11-28,157,F,2,valido,
10393,5719,5719009,2,2024-08-03,160,F,6,valido,
10394,5705,5705101,4,2024-04-01,118,F,1,valido,
10395,5719,5719013,3,2024-09-27,68,F,6,valido,
10396,5725,5725046,1,2024-11-28,111,F,2,valido,
10397,5785,5785013,4,2024-01-21,16,F,5,valido,
10398,5715,5715014,3,2024-04-10,172,F,2,valido,
10399,5725,5725083,4,2024-07-27,184,F,2,valido,
10400,5723,5723007,1,2024-07-04,163,F,4,valido,
10401,5715,5715065,4,2024-12-24,135,F,2,valido,
10402,5725,5725102,2,2024-08-10,56,F,2,valido,
10403,5754,5754033,3,2024-10-12,86,F,2,valido,
10404,5713,5713021,1,2024-11-02,96,F,4,valido,
10405,5713,5713022,3,2024-11-28,50,F,4,valido,
10406,5752,5752058,1,2024-04-21,166,F,6,valido,
10407,5750,5750008,4,2024-01-17,41,F,5,valido,
10408,5717,5717007,3,2024-07-23,198,F,1,valido,
10409,5723,5723006,2,2024-10-02,188,F,4,valido,
10410,5725,5725067,3,2024-09-11,138,F,2,valido,
10411,5754,5754036,2,2024-10-25,27,F,2,valido,
10412,5713,5713024,1,2024-02-09,130,F,4,valido,
10413,5705,5705028,4,2024-11-03,21,F,1,valido,
10414,5705,5705058,1,2024-07-19,86,F,1,valido,
10415,5718,5718004,4,2024-05-07,4,F,3,valido,
10416,5705,5705024,4,2024-04-02,57,F,1,valido,
10417,5768,5768042,1,2024-03-11,119,F,2,valido,
10418,5717,5717007,3,2024-03-08,170,F,1,valido,
10419,5715,5715120,2,2024-11-26,177,F,2,valido,
10420,5752,5752053,3,2024-10-10,43,F,6,valido,
10421,5713,5713023,2,2024-11-27,180,F,4,valido,
10422,5768,5768022,2,2024-01-25,1,F,2,valido,
10423,5713,5713034,3,2024-12-03,150,F,4,valido,
10424,5799,5799002,2,2024-03-22,85,F,5,valido,
10425,5791,5791011,1,2024-08-28,68,F,3,valido,
10426,5717,5717025,3,2024-05-07,50,F,1,valido,
10427,5797,5797004,3,2024-03-12,167,F,3,valido,
10428,5752,5752040,1,2024-03-24,107,F,6,valido,
10429,5718,5718008,1,2024-06-18,84,F,3,valido,
10430,5713,5713027,2,2024-02-21,68,F,4,valido,
10431,5768,5768018,4,2024-09-23,24,F,2,valido,
10432,5768,5768066,4,2024-08-01,145,F,2,valido,
10433,5727,5727030,1,2024-07-11,90,F,6,valido,
10434,5715,5715084,1,2024-11-17,22,F,2,valido,
10435,5717,5717004,3,2024-12-22,126,F,1,valido,
10436,5754,5754031,3,2024-10-04,151,F,2,valido,
10437,5727,5727029,4,2024-05-12,100,F,6,valido,
10438,5715,5715068,4,2024-06-14,171,F,2,valido,
10439,5752,5752045,4,2024-06-07,136,F,6,valido,
10440,5725,5725063,2,2024-09-27,18,F,2,valido,
10441,5747,5747014,4,2024-12-15,168,F,4,valido,
10442,5713,5713031,4,2024-11-12,98,F,4,valido,
10443,5750,5750004,3,2024-08-27,163,F,5,valido,
10444,5725,5725049,4,2024-03-17,74,F,2,valido,
10445,5725,5725057,1,2024-01-02,105,F,2,valido,
10446,5708,5708004,4,2024-10-13,112,F,4,valido,
10447,5719,5719006,4,2024-05-24,42,F,6,valido,
10448,5717,5717027,3,2024-09-09,190,F,1,valido,
10449,5744,5744009,1,2024-12-19,55,F,4,valido,
10450,5705,5705003,2,2024-03-03,179,F,1,valido,
10451,5776,5776023,1,2024-11-02,167,F,6,valido,
10452,5754,5754016,3,2024-01-13,166,F,2,valido,
10453,5750,5750002,2,2024-09-05,175,F,5,valido,
10454,5727,5727004,1,2024-02-12,162,F,6,valido,
10455,5750,5750009,4,2024-04-24,122,F,5,valido,
10456,5727,5727003,4,2024-10-18,67,F,6,valido,
10457,5752,5752032,4,2024-10-05,116,F,6,valido,
10458,5725,5725114,3,2024-03-02,190,F,2,valido,
10459,5752,5752005,1,2024-08-07,199,F,6,valido,
10460,5713,5713017,1,2024-05-27,113,F,4,valido,
10461,5715,5715039,2,2024-02-05,179,F,2,valido,
10462,5715,5715031,4,2024-06-13,151,F,2,valido,
10463,5713,5713028,4,2024-03-16,25,F,4,valido,
10464,5785,5785013,4,2024-09-16,51,F,5,valido,
10465,5727,5727001,3,2024-10-04,62,F,6,valido,
10466,5725,5725056,1,2024-07-18,25,F,2,valido,
10467,5773,5773027,1,2024-10-01,118,F,3,valido,
10468,5705,5705120,4,2024-07-19,56,F,1,valido,
10469,5718,5718009,1,2024-06-28,189,F,3,valido,
10470,5705,5705044,4,2024-04-20,120,F,1,valido,
10471,5797,5797002,1,2024-08-06,23,F,3,valido,
10472,5719,5719029,3,2024-04-19,195,F,6,valido,
10473,5768,5768005,3,2024-04-09,134,F,2,valido,
10474,5741,5741018,2,2024-06-17,183,F,3,valido,
10475,5705,5705099,2,2024-12-11,193,F,1,valido,
10476,5741,5741001,1,2024-08-11,135,F,3,valido,
10477,5776,5776018,3,2024-04-11,183,F,6,valido,
10478,5768,5768058,2,2024-12-10,162,F,2,valido,
10479,5713,5713042,1,2024-11-02,83,F,4,valido,
10480,5723,5723007,3,2024-11-11,200,F,4,valido,
10481,5725,5725003,2,2024-01-25,137,F,2,valido,
10482,5766,5766003,2,2024-03-08,152,F,1,valido,
10483,5705,5705101,1,2024-01-11,43,F,1,valido,
10484,5768,5768024,2,2024-01-07,87,F,2,valido,
10485,5741,5741009,4,2024-01-01,76,F,3,valido,
10486,5768,5768004,2,2024-08-11,192,F,2,valido,
10487,5768,5768068,3,2024-09-21,53,F,2,valido,
10488,5785,5785002,2,2024-07-08,103,F,5,valido,
10489,5713,5713035,1,2024-06-03,80,F,4,valido,
10490,5741,5741026,3,2024-05-21,68,F,3,valido,
10491,5770,5770006,3,2024-01-18,94,F,4,valido,
10492,5705,5705026,3,2024-11-02,82,F,1,valido,
10493,5727,5727031,3,2024-09-14,128,F,6,valido,
10494,5752,5752017,4,2024-05-27,31,F,6,valido,
10495,5747,5747020,1,2024-12-23,20,F,4,valido,
10496,5797,5797006,4,2024-05-21,158,F,3,valido,
10497,5725,5725023,2,2024-08-10,82,F,2,valido,
10498,5776,5776010,3,2024-08-26,20,F,6,valido,
10499,5713,5713001,2,2024-09-08,77,F,4,valido,
10500,5781,5781006,2,2024-05-11,9,F,5,valido,
10501,5725,5725004,3,2024-08-23,118,F,2,valido,
10502,5768,5768009,1,2024-09-26,180,F,2,valido,
10503,5713,5713033,4,2024-06-18,100,F,4,valido,
10504,5768,5768029,4,2024-12-02,23,F,2,valido,
10505,5705,5705095,1,2024-12-28,196,F,1,valido,
10506,5725,5725008,2,2024-04-08,17,F,2,valido,
10507,5705,5705017,3,2024-02-28,108,F,1,valido,
10508,5713,5713022,2,2024-04-26,181,F,4,valido,
10509,5715,5715003,1,2024-08-09,24,F,2,valido,
10510,5715,5715055,2,2024-11-05,12,F,2,valido,
10511,5744,5744012,2,2024-12-02,163,F,4,valido,
10512,5725,5725094,4,2024-03-25,38,F,2,valido,
10513,5741,5741019,3,2024-02-12,143,F,3,valido,
10514,5768,5768085,1,2024-03-19,86,F,2,valido,
10515,5768,5768020,3,2024-03-22,141,F,2,valido,
10516,5747,5747014,4,2024-10-07,12,F,4,valido,
10517,5713,5713015,3,2024-08-22,70,F,4,valido,
10518,5713,5713003,3,2024-04-02,140,F,4,valido,
10519,5715,5715071,2,2024-03-20,73,F,2,valido,
10520,5776,5776008,2,2024-04-18,7,F,6,valido,
10521,5705,5705099,3,2024-03-22,194,F,1,valido,
10522,5763,5763001,1,2024-05-23,70,F,1,valido,
10523,5723,5723005,1,2024-02-11,86,F,4,valido,
10524,5768,5768087,4,2024-10-03,58,F,2,valido,
10525,5705,5705075,3,2024-05-18,155,F,1,valido,
10526,5776,5776030,4,2024-02-24,49,F,6,valido,
10527,5725,5725058,4,2024-07-16,41,F,2,valido,
10528,5725,5725094,2,2024-08-08,3,F,2,valido,
10529,5708,5708004,2,2024-06-25,174,F,4,valido,
10530,5719,5719026,4,2024-02-27,85,F,6,valido,
10531,5715,5715021,2,2024-08-05,92,F,2,valido,
10532,5747,5747029,2,2024-09-11,25,F,4,valido,
10533,5715,5715106,4,2024-11-11,24,F,2,valido,
10534,5715,5715017,2,2024-03-19,90,F,2,valido,
10535,5715,5715074,1,2024-07-04,19,F,2,valido,
10536,5719,5719029,3,2024-05-14,168,F,6,valido,
10537,5768,5768078,4,2024-03-12,133,F,2,valido,
10538,5715,5715088,2,2024-11-16,105,F,2,valido,
10539,5723,5723016,4,2024-02-26,117,F,4,valido,
10540,5754,5754015,3,2024-03-15,35,F,2,valido,
10541,5741,5741018,1,2024-01-02,100,F,3,valido,
10542,5747,5747013,4,2024-05-10,5,F,4,valido,
10543,5720,5720012,4,2024-08-06,194,F,4,valido,
10544,5768,5768066,2,2024-03-24,13,F,2,valido,
10545,5713,5713012,1,2024-05-26,24,F,4,valido,
10546,5705,5705010,2,2024-12-01,86,F,1,valido,
10547,5752,5752006,2,2024-05-14,55,F,6,valido,
10548,5715,5715027,3,2024-12-28,30,F,2,valido,
10549,5715,5715103,4,2024-11-03,55,F,2,valido,
10550,5705,5705080,2,2024-07-21,152,F,1,valido,
10551,5713,5713005,3,2024-12-22,89,F,4,valido,
10552,5776,5776034,3,2024-01-22,6,F,6,valido,
10553,5718,5718010,3,2024-01-24,186,F,3,valido,
10554,5795,5795002,4,2024-10-23,62,F,5,valido,
10555,5752,5752010,2,2024-05-06,85,F,6,valido,
10556,5715,5715033,3,2024-02-15,170,F,2,valido,
10557,5723,5723002,4,2024-04-08,61,F,4,valido,
10558,5752,5752018,4,2024-10-12,195,F,6,valido,
10559,5719,5719012,3,2024-07-27,10,F,6,valido,
10560,5750,5750016,4,2024-05-09,130,F,5,valido,
10561,5752,5752038,1,2024-01-13,73,F,6,valido,
10562,5708,5708003,4,2024-01-17,168,F,4,valido,
10563,5715,5715106,2,2024-09-03,197,F,2,valido,
10564,5741,5741022,2,2024-05-17,141,F,3,valido,
10565,5752,5752006,1,2024-07-17,190,F,6,valido,
10566,5715,5715062,4,2024-08-06,140,F,2,valido,
10567,5768,5768036,2,2024-12-12,78,F,2,valido,
10568,5773,5773026,3,2024-07-22,163,F,3,valido,
10569,5791,5791007,4,2024-09-21,105,F,3,valido,
10570,5747,5747020,1,2024-05-11,52,F,4,valido,
10571,5725,5725055,3,2024-11-22,72,F,2,valido,
10572,5715,5715081,3,2024-10-10,113,F,2,valido,
10573,5718,5718009,3,2024-07-26,108,F,3,valido,
10574,5744,5744011,3,2024-06-12,89,F,4,valido,
10575,5754,5754023,2,2024-02-14,194,F,2,valido,
10576,5773,5773013,3,2024-02-20,118,F,3,valido,
10577,5705,5705051,1,2024-11-17,167,F,1,valido,
10578,5768,5768053,1,2024-09-06,36,F,2,valido,
10579,5768,5768050,4,2024-05-24,165,F,2,valido,
10580,5752,5752051,4,2024-07-18,96,F,6,valido,
10581,5713,5713020,3,2024-10-15,158,F,4,valido,
10582,5752,5752064,1,2024-02-10,168,F,6,valido,
10583,5715,5715096,3,2024-03-28,3,F,2,valido,
10584,5754,5754012,1,2024-12-23,12,F,2,valido,
10585,5791,5791002,4,2024-08-24,169,F,3,valido,
10586,5752,5752030,2,2024-09-16,180,F,6,valido,
10587,5773,5773022,1,2024-04-20,132,F,3,valido,
10588,5773,5773019,3,2024-02-27,108,F,3,valido,
10589,5752,5752054,2,2024-01-07,146,F,6,valido,
10590,5715,5715061,3,2024-03-12,154,F,2,valido,
10591,5727,5727003,4,2024-09-17,109,F,6,valido,
10592,5754,5754037,1,2024-09-17,192,F,2,valido,
10593,5718,5718016,2,2024-02-20,132,F,3,valido,
10594,5794,5794006,4,2024-03-13,124,F,5,valido,
10595,5705,5705038,3,2024-07-01,129,F,1,valido,
10596,5744,5744011,1,2024-11-28,54,F,4,valido,
10597,5715,5715123,4,2024-08-03,171,F,2,valido,
10598,5785,5785002,3,2024-08-10,148,F,5,valido,
10599,5747,5747008,4,2024-12-28,35,F,4,valido,
10600,5720,5720001,1,2024-03-13,85,F,4,valido,
10601,5727,5727026,3,2024-03-26,31,F,6,valido,
10602,5773,5773046,3,2024-07-20,142,F,3,valido,
10603,5794,5794002,3,2024-09-07,38,F,5,valido,
10604,5773,5773013,3,2024-09-14,145,F,3,valido,
10605,5715,5715034,1,2024-05-08,40,F,2,valido,
10606,5752,5752042,4,2024-12-11,122,F,6,valido,
10607,5725,5725100,2,2024-04-27,147,F,2,valido,
10608,5754,5754014,3,2024-12-26,68,F,2,valido,
10609,5768,5768059,4,2024-04-01,80,F,2,valido,
10610,5754,5754012,2,2024-08-02,133,F,2,valido,
10611,5727,5727007,3,2024-09-13,76,F,6,valido,
10612,5713,5713017,1,2024-06-10,191,F,4,valido,
10613,5770,5770011,2,2024-12-22,141,F,4,valido,
10614,5715,5715055,3,2024-08-11,2,F,2,valido,
10615,5715,5715098,4,2024-08-14,145,F,2,valido,
10616,5725,5725101,3,2024-12-12,185,F,2,valido,
10617,5768,5768001,2,2024-03-16,61,F,2,valido,
10618,5797,5797005,2,2024-02-14,98,F,3,valido,
10619,5713,5713020,3,2024-11-07,98,F,4,valido,
10620,5715,5715088,4,2024-06-23,41,F,2,valido,
10621,5747,5747019,3,2024-12-27,84,F,4,valido,
10622,5715,5715064,2,2024-09-25,151,F,2,valido,
10623,5768,5768071,3,2024-10-01,36,F,2,valido,
10624,5725,5725007,3,2024-02-13,35,F,2,valido,
10625,5725,5725115,1,2024-12-08,94,F,2,valido,
10626,5705,5705041,1,2024-10-22,71,F,1,valido,
10627,5719,5719009,2,2024-02-27,183,F,6,valido,
10628,5747,5747030,4,2024-02-22,135,F,4,valido,
10629,5768,5768022,2,2024-05-06,188,F,2,valido,
10630,5725,5725055,2,2024-06-17,119,F,2,valido,
10631,5741,5741036,4,2024-10-28,170,F,3,valido,
10632,5715,5715011,4,2024-09-06,178,F,2,valido,
10633,5752,5752054,2,2024-04-05,69,F,6,valido,
10634,5770,5770009,1,2024-10-08,90,F,4,valido,
10635,5754,5754008,3,2024-04-03,130,F,2,valido,
10636,5776,5776026,4,2024-09-10,105,F,6,valido,
10637,5776,5776038,3,2024-05-28,179,F,6,valido,
10638,5799,5799004,4,2024-06-12,181,F,5,valido,
10639,5785,5785013,2,2024-08-21,187,F,5,valido,
10640,5713,5713038,4,2024-06-08,123,F,4,valido,
10641,5725,5725076,3,2024-07-08,86,F,2,valido,
10642,5725,5725108,2,2024-12-22,63,F,2,valido,
10643,5750,5750021,1,2024-09-14,9,F,5,valido,
10644,5791,5791003,4,2024-04-03,100,F,3,valido,
10645,5752,5752035,2,2024-11-25,27,F,6,valido,
10646,5708,5708022,2,2024-07-08,134,F,4,valido,
10647,5776,5776025,2,2024-07-02,151,F,6,valido,
10648,5720,5720014,4,2024-10-17,37,F,4,valido,
10649,5705,5705099,4,2024-02-16,112,F,1,valido,
10650,5773,5773026,2,2024-05-02,123,F,3,valido,
10651,5754,5754022,3,2024-08-18,10,F,2,valido,
10652,5715,5715052,2,2024-09-03,136,F,2,valido,
10653,5725,5725044,3,2024-03-02,82,F,2,valido,
10654,5766,5766004,3,2024-09-21,192,F,1,valido,
10655,5791,5791010,3,2024-02-24,13,F,3,valido,
10656,5720,5720023,1,2024-03-18,121,F,4,valido,
10657,5725,5725016,4,2024-10-09,84,F,2,valido,
10658,5781,5781006,1,2024-09-28,119,F,5,valido,
10659,5705,5705072,1,2024-05-19,30,F,1,valido,
10660,5725,5725061,3,2024-06-11,83,F,2,valido,
10661,5715,5715116,1,2024-01-10,16,F,2,valido,
10662,5785,5785013,1,2024-08-17,46,F,5,valido,
10663,5725,5725023,1,2024-07-20,32,F,2,valido,
10664,5750,5750011,1,2024-04-27,29,F,5,valido,
10665,5747,5747026,1,2024-12-16,157,F,4,valido,
10666,5713,5713035,2,2024-10-15,53,F,4,valido,
10667,5776,5776029,3,2024-11-13,55,F,6,valido,
10668,5797,5797002,1,2024-04-08,191,F,3,valido,
10669,5768,5768050,4,2024-10-14,77,F,2,valido,
10670,5705,5705070,3,2024-03-02,163,F,1,valido,
10671,5705,5705073,1,2024-12-06,61,F,1,valido,
10672,5754,5754025,1,2024-09-09,101,F,2,valido,
10673,5754,5754008,2,2024-05-01,165,F,2,valido,
10674,5725,5725003,3,2024-04-02,109,F,2,valido,
10675,5705,5705066,1,2024-02-19,40,F,1,valido,
10676,5719,5719037,4,2024-09-20,58,F,6,valido,
10677,5794,5794002,3,2024-02-07,119,F,5,valido,
10678,5727,5727003,1,2024-09-13,92,F,6,valido,
10679,5727,5727013,2,2024-05-09,113,F,6,valido,
10680,5776,5776039,2,2024-11-03,54,F,6,valido,
10681,5727,5727010,1,2024-06-27,160,F,6,valido,
10682,5747,5747016,3,2024-12-02,140,F,4,valido,
10683,5752,5752015,4,2024-03-04,149,F,6,valido,
10684,5715,5715117,1,2024-09-05,132,F,2,valido,
10685,5794,5794008,2,2024-06-14,121,F,5,valido,
10686,5705,5705108,4,2024-06-17,176,F,1,modificado,"E: id_producto 0 -> 4. Case rule: only NARANJITA is sold in Támesis, Antioquia."
10687,5725,5725100,2,2024-03-05,39,F,2,valido,
10688,5747,5747008,3,2024-11-22,185,F,4,valido,
10689,5719,5719032,3,2024-11-10,103,F,6,valido,
10690,5785,5785019,3,2024-06-14,199,F,5,valido,
10691,5773,5773043,4,2024-02-23,106,F,3,valido,
10692,5754,5754014,2,2024-06-07,40,F,2,valido,
10693,5773,5773004,3,2024-12-19,150,F,3,valido,
10694,5768,5768022,1,2024-02-27,175,F,2,valido,
10695,5741,5741034,1,2024-12-25,63,F,3,valido,
10696,5776,5776016,1,2024-06-13,49,F,6,valido,
10697,5705,5705113,2,2024-08-09,165,F,1,valido,
10698,5725,5725013,2,2024-09-20,130,F,2,valido,
10699,5752,5752050,2,2024-01-28,118,F,6,valido,
10700,5754,5754002,1,2024-08-01,117,F,2,valido,
10701,5715,5715005,1,2024-09-07,123,F,2,valido,
10702,5744,5744002,4,2024-09-20,49,F,4,valido,
10703,5773,5773023,1,2024-10-05,83,F,3,valido,
10704,5719,5719007,2,2024-08-15,40,F,6,valido,
10705,5766,5766014,1,2024-07-10,169,F,1,valido,
10706,5725,5725100,3,2024-12-24,157,F,2,valido,
10707,5715,5715080,2,2024-11-03,131,F,2,valido,
10708,5715,5715007,2,2024-09-21,155,F,2,valido,
10709,5776,5776018,1,2024-10-08,50,F,6,valido,
10710,5705,5705078,4,2024-05-13,105,F,1,valido,
10711,5752,5752037,3,2024-09-16,200,F,6,valido,
10712,5754,5754021,2,2024-06-02,99,F,2,valido,
10713,5785,5785018,2,2024-05-18,21,F,5,valido,
10714,5715,5715005,3,2024-05-23,175,F,2,valido,
10715,5785,5785004,2,2024-01-07,19,F,5,valido,
10716,5754,5754032,4,2024-12-20,91,F,2,valido,
10717,5717,5717024,3,2024-06-11,120,F,1,valido,
10718,5727,5727028,4,2024-01-14,64,F,6,valido,
10719,5773,5773011,2,2024-02-19,149,F,3,valido,
10720,5770,5770023,3,2024-10-01,166,F,4,valido,
10721,5708,5708023,3,2024-01-04,184,F,4,valido,
10722,5708,5708009,1,2024-12-02,116,F,4,valido,
10723,5720,5720024,1,2024-11-18,94,F,4,valido,
10724,5773,5773014,3,2024-11-09,91,F,3,valido,
10725,5727,5727024,4,2024-09-01,60,F,6,valido,
10726,5768,5768033,1,2024-11-10,1,F,2,valido,
10727,5705,5705067,2,2024-10-03,45,F,1,valido,
10728,5715,5715119,3,2024-06-01,29,F,2,valido,
10729,5744,5744015,1,2024-04-03,121,F,4,valido,
10730,5715,5715006,3,2024-03-24,51,F,2,valido,
10731,5725,5725006,2,2024-03-08,146,F,2,valido,
10732,5715,5715117,3,2024-04-17,98,F,2,valido,
10733,5770,5770020,4,2024-05-11,4,F,4,valido,
10734,5705,5705032,2,2024-08-25,27,F,1,valido,
10735,5725,5725110,4,2024-12-25,185,F,2,valido,
10736,5713,5713026,3,2024-03-08,133,F,4,valido,
10737,5719,5719028,1,2024-12-02,190,F,6,valido,
10738,5725,5725043,4,2024-06-05,105,F,2,valido,
10739,5705,5705072,2,2024-06-14,116,F,1,valido,
10740,5776,5776012,3,2024-04-10,10,F,6,valido,
10741,5708,5708004,2,2024-08-27,123,F,4,valido,
10742,5747,5747020,1,2024-07-10,141,F,4,valido,
10743,5763,5763009,4,2024-10-05,17,F,1,valido,
10744,5766,5766007,4,2024-03-12,161,F,1,valido,
10745,5705,5705109,3,2024-12-11,9,F,1,valido,
10746,5747,5747022,2,2024-03-20,131,F,4,valido,
10747,5776,5776004,4,2024-02-25,82,F,6,valido,
10748,5770,5770024,2,2024-12-11,163,F,4,valido,
10749,5727,5727007,1,2024-07-18,78,F,6,valido,
10750,5705,5705032,1,2024-11-02,52,F,1,valido,
10751,5754,5754017,1,2024-04-08,106,F,2,valido,
10752,5741,5741013,1,2024-10-27,54,F,3,valido,
10753,5705,5705084,2,2024-09-19,116,F,1,valido,
10754,5715,5715003,4,2024-06-24,122,F,2,valido,
10755,5708,5708015,1,2024-06-11,138,F,4,valido,
10756,5715,5715072,4,2024-05-03,136,F,2,valido,
10757,5705,5705056,2,2024-11-24,106,F,1,valido,
10758,5727,5727023,1,2024-12-05,96,F,6,valido,
10759,5719,5719030,2,2024-05-26,90,F,6,valido,
10760,5770,5770020,4,2024-04-22,136,F,4,valido,
10761,5725,5725013,1,2024-09-09,138,F,2,valido,
10762,5705,5705034,4,2024-08-13,16,F,1,valido,
10763,5770,5770024,3,2024-04-21,147,F,4,valido,
10764,5750,5750025,1,2024-11-13,59,F,5,valido,
10765,5763,5763008,4,2024-07-21,165,F,1,valido,
10766,5785,5785005,2,2024-11-08,174,F,5,valido,
10767,5719,5719025,2,2024-07-20,152,F,6,valido,
10768,5713,5713021,1,2024-07-16,7,F,4,valido,
10769,5705,5705039,1,2024-12-22,114,F,1,valido,
10770,5795,5795004,3,2024-09-04,117,F,5,valido,
10771,5768,5768014,2,2024-11-02,58,F,2,valido,
10772,5750,5750022,2,2024-08-09,17,F,5,valido,
10773,5717,5717003,4,2024-08-20,194,F,1,valido,
10774,5754,5754012,3,2024-11-07,136,F,2,valido,
10775,5715,5715062,1,2024-01-17,120,F,2,valido,
10776,5750,5750023,1,2024-06-21,42,F,5,valido,
10777,5773,5773007,3,2024-06-07,191,F,3,valido,
10778,5717,5717019,2,2024-09-12,178,F,1,valido,
10779,5768,5768081,1,2024-08-04,23,F,2,valido,
10780,5752,5752023,1,2024-10-02,174,F,6,valido,
10781,5705,5705006,3,2024-10-10,160,F,1,valido,
10782,5776,5776033,3,2024-08-13,60,F,6,valido,
10783,5776,5776030,4,2024-01-24,129,F,6,valido,
10784,5773,5773037,2,2024-06-05,13,F,3,valido,
10785,5715,5715038,3,2024-04-08,119,F,2,valido,
10786,5770,5770024,3,2024-06-20,67,F,4,valido,
10787,5752,5752030,4,2024-02-24,22,F,6,valido,
10788,5750,5750025,1,2024-09-01,48,F,5,valido,
10789,5770,5770016,3,2024-05-17,56,F,4,valido,
10790,5799,5799002,2,2024-10-12,186,F,5,valido,
10791,5750,5750001,2,2024-11-17,23,F,5,valido,
10792,5717,5717025,2,2024-01-23,75,F,1,valido,
10793,5715,5715040,2,2024-08-10,196,F,2,valido,
10794,5713,5713007,1,2024-01-26,91,F,4,valido,
10795,5741,5741026,2,2024-09-11,69,F,3,valido,
10796,5750,5750012,1,2024-10-24,195,F,5,valido,
10797,5723,5723013,1,2024-07-03,70,F,4,valido,
10798,5725,5725085,2,2024-01-04,17,F,2,valido,
10799,5725,5725106,4,2024-07-11,113,F,2,valido,
10800,5776,5776002,3,2024-06-01,167,F,6,valido,
10801,5747,5747002,2,2024-06-09,162,F,4,valido,
10802,5715,5715076,3,2024-02-26,109,F,2,valido,
10803,5715,5715093,3,2024-11-13,183,F,2,valido,
10804,5727,5727029,4,2024-07-14,118,F,6,valido,
10805,5715,5715048,2,2024-09-11,142,F,2,valido,
10806,5723,5723018,2,2024-02-22,119,F,4,valido,
10807,5725,5725075,1,2024-10-16,10,F,2,valido,
10808,5725,5725057,2,2024-07-23,41,F,2,valido,
10809,5776,5776010,4,2024-10-06,168,F,6,valido,
10810,5776,5776004,2,2024-05-05,157,F,6,valido,
10811,5741,5741023,4,2024-10-25,179,F,3,valido,
10812,5718,5718006,3,2024-03-26,145,F,3,valido,
10813,5776,5776010,1,2024-12-04,70,F,6,valido,
10814,5725,5725030,1,2024-02-02,126,F,2,valido,
10815,5718,5718004,4,2024-10-13,81,F,3,valido,
10816,5715,5715074,4,2024-01-07,64,F,2,valido,
10817,5766,5766014,3,2024-02-28,29,F,1,valido,
10818,5705,5705016,4,2024-09-22,89,F,1,valido,
10819,5752,5752034,1,2024-06-15,33,F,6,valido,
10820,5768,5768023,4,2024-08-24,146,F,2,valido,
10821,5715,5715075,3,2024-06-24,198,F,2,valido,
10822,5705,5705124,3,2024-08-07,69,F,1,valido,
10823,5708,5708012,2,2024-01-26,193,F,4,valido,
10824,5770,5770010,3,2024-04-03,176,F,4,valido,
10825,5705,5705024,2,2024-02-09,25,F,1,valido,
10826,5705,5705101,2,2024-03-07,69,F,1,valido,
10827,5770,5770015,4,2024-10-22,144,F,4,valido,
10828,5705,5705058,3,2024-11-03,66,F,1,valido,
10829,5747,5747017,3,2024-09-12,103,F,4,valido,
10830,5752,5752062,2,2024-04-19,4,F,6,valido,
10831,5713,5713004,2,2024-12-05,109,F,4,valido,
10832,5715,5715098,1,2024-12-23,74,F,2,valido,
10833,5785,5785005,1,2024-03-01,162,F,5,valido,
10834,5776,5776036,2,2024-09-23,177,F,6,valido,
10835,5768,5768008,3,2024-03-24,145,F,2,valido,
10836,5768,5768067,1,2024-09-16,183,F,2,valido,
10837,5715,5715106,1,2024-01-21,119,F,2,valido,
10838,5713,5713031,4,2024-01-12,62,F,4,valido,
10839,5708,5708016,1,2024-10-03,65,F,4,valido,
10840,5773,5773021,1,2024-11-13,54,F,3,valido,
10841,5717,5717026,4,2024-07-21,125,F,1,valido,
10842,5715,5715102,3,2024-12-25,18,F,2,valido,
10843,5705,5705014,2,2024-04-01,22,F,1,valido,
10844,5785,5785003,2,2024-07-15,82,F,5,valido,
10845,5705,5705113,2,2024-04-01,111,F,1,valido,
10846,5752,5752025,4,2024-02-20,89,F,6,valido,
10847,5705,5705045,4,2024-06-14,197,F,1,valido,
10848,5752,5752056,2,2024-04-03,127,F,6,valido,
10849,5725,5725080,2,2024-08-22,123,F,2,valido,
10850,5752,5752009,4,2024-02-18,50,F,6,valido,
10851,5717,5717003,4,2024-11-12,196,F,1,valido,
10852,5725,5725081,1,2024-10-25,15,F,2,valido,
10853,5705,5705113,2,2024-03-24,114,F,1,valido,
10854,5773,5773011,3,2024-02-13,107,F,3,valido,
10855,5752,5752004,3,2024-03-19,185,F,6,valido,
10856,5719,5719015,3,2024-02-14,76,F,6,valido,
10857,5725,5725046,2,2024-05-01,111,F,2,valido,
10858,5715,5715016,2,2024-10-13,30,F,2,valido,
10859,5754,5754013,2,2024-06-07,28,F,2,valido,
10860,5725,5725110,2,2024-09-04,82,F,2,valido,
10861,5744,5744006,2,2024-01-26,133,F,4,valido,
10862,5713,5713040,1,2024-09-05,183,F,4,valido,
10863,5768,5768036,2,2024-12-12,15,F,2,valido,
10864,5768,5768032,1,2024-05-10,136,F,2,valido,
10865,5719,5719032,3,2024-03-04,142,F,6,valido,
10866,5727,5727006,3,2024-12-28,68,F,6,valido,
10867,5773,5773006,4,2024-01-28,144,F,3,valido,
10868,5720,5720008,2,2024-09-07,66,F,4,valido,
10869,5766,5766006,3,2024-07-27,196,F,1,valido,
10870,5725,5725104,3,2024-06-18,187,F,2,valido,
10871,5797,5797003,4,2024-05-07,110,F,3,valido,
10872,5770,5770022,4,2024-07-24,103,F,4,valido,
10873,5754,5754038,3,2024-09-06,162,F,2,valido,
10874,5763,5763011,4,2024-12-05,129,F,1,valido,
10875,5776,5776013,4,2024-10-21,111,F,6,valido,
10876,5747,5747004,4,2024-10-01,185,F,4,valido,
10877,5725,5725054,4,2024-02-14,1,F,2,valido,
10878,5727,5727022,1,2024-11-17,38,F,6,valido,
10879,5785,5785015,2,2024-07-14,173,F,5,valido,
10880,5776,5776002,2,2024-03-03,121,F,6,valido,
10881,5741,5741028,4,2024-07-19,134,F,3,valido,
10882,5719,5719012,3,2024-09-16,111,F,6,valido,
10883,5725,5725060,4,2024-11-26,49,F,2,valido,
10884,5725,5725040,2,2024-11-10,132,F,2,valido,
10885,5715,5715063,1,2024-09-09,132,F,2,valido,
10886,5750,5750016,3,2024-02-20,197,F,5,valido,
10887,5725,5725013,2,2024-01-15,181,F,2,valido,
10888,5768,5768053,1,2024-03-11,12,F,2,valido,
10889,5768,5768066,4,2024-06-24,125,F,2,valido,
10890,5717,5717017,3,2024-06-21,146,F,1,valido,
10891,5725,5725109,3,2024-12-05,26,F,2,valido,
10892,5752,5752001,3,2024-06-26,186,F,6,valido,
10893,5720,5720014,2,2024-06-05,32,F,4,valido,
10894,5791,5791004,4,2024-03-04,21,F,3,valido,
10895,5723,5723019,4,2024-06-14,182,F,4,valido,
10896,5776,5776011,1,2024-04-15,103,F,6,valido,
10897,5715,5715003,4,2024-03-26,135,F,2,valido,
10898,5713,5713008,3,2024-10-09,195,F,4,valido,
10899,5781,5781005,4,2024-05-19,109,F,5,valido,
10900,5705,5705032,2,2024-12-23,46,F,1,valido,
10901,5725,5725039,3,2024-06-22,164,F,2,valido,
10902,5713,5713020,3,2024-11-17,188,F,4,valido,
10903,5715,5715004,2,2024-06-23,193,F,2,valido,
10904,5720,5720025,1,2024-04-16,108,F,4,valido,
10905,5705,5705059,3,2024-12-25,38,F,1,valido,
10906,5741,5741033,4,2024-12-10,115,F,3,valido,
10907,5752,5752059,4,2024-06-16,35,F,6,valido,
10908,5754,5754039,3,2024-09-05,108,F,2,valido,
10909,5725,5725105,1,2024-11-28,182,F,2,valido,
10910,5794,5794009,1,2024-11-06,3,F,5,valido,
10911,5715,5715019,2,2024-08-15,163,F,2,valido,
10912,5768,5768038,2,2024-11-18,132,F,2,valido,
10913,5727,5727022,4,2024-02-03,47,F,6,valido,
10914,5720,5720011,1,2024-12-09,195,F,4,valido,
10915,5773,5773009,3,2024-05-26,87,F,3,valido,
10916,5727,5727018,2,2024-10-06,16,F,6,valido,
10917,5725,5725085,1,2024-01-21,179,F,2,valido,
10918,5723,5723004,4,2024-10-11,129,F,4,valido,
10919,5752,5752039,1,2024-06-11,163,F,6,valido,
10920,5705,5705025,3,2024-05-09,192,F,1,valido,
10921,5718,5718015,4,2024-07-09,138,F,3,valido,
10922,5754,5754026,4,2024-03-23,172,F,2,valido,
10923,5705,5705092,4,2024-12-13,198,F,1,valido,
10924,5750,5750009,3,2024-01-03,123,F,5,valido,
10925,5754,5754036,4,2024-04-02,51,F,2,valido,
10926,5715,5715093,2,2024-11-24,195,F,2,valido,
10927,5768,5768067,2,2024-07-27,68,F,2,valido,
10928,5725,5725070,2,2024-06-03,9,F,2,valido,
10929,5723,5723010,2,2024-05-19,67,F,4,valido,
10930,5715,5715051,1,2024-06-28,194,F,2,valido,
10931,5752,5752023,2,2024-12-15,40,F,6,valido,
10932,5744,5744005,3,2024-10-01,64,F,4,valido,
10933,5768,5768029,2,2024-04-27,133,F,2,valido,
10934,5776,5776035,3,2024-03-04,144,F,6,valido,
10935,5715,5715029,1,2024-11-04,98,F,2,valido,
10936,5705,5705121,1,2024-02-04,11,F,1,valido,
10937,5711,5711001,3,2024-06-25,143,F,2,valido,
10938,5768,5768030,2,2024-09-04,91,F,2,valido,
10939,5725,5725072,1,2024-05-19,132,F,2,valido,
10940,5705,5705009,3,2024-10-25,73,F,1,valido,
10941,5717,5717022,3,2024-11-23,133,F,1,valido,
10942,5705,5705073,4,2024-05-12,106,F,1,valido,
10943,5794,5794003,4,2024-03-02,52,F,5,valido,
10944,5768,5768005,1,2024-03-22,165,F,2,valido,
10945,5773,5773002,2,2024-10-12,192,F,3,valido,
10946,5717,5717021,2,2024-01-15,172,F,1,valido,
10947,5705,5705022,3,2024-07-08,33,F,1,valido,
10948,5776,5776029,1,2024-06-03,169,F,6,valido,
10949,5768,5768041,4,2024-05-05,145,F,2,valido,
10950,5768,5768005,4,2024-11-09,21,F,2,valido,
10951,5725,5725052,3,2024-03-03,9,F,2,valido,
10952,5754,5754003,3,2024-01-12,154,F,2,valido,
10953,5723,5723017,3,2024-09-21,142,F,4,valido,
10954,5768,5768035,4,2024-12-16,11,F,2,valido,
10955,5794,5794006,1,2024-09-13,197,F,5,valido,
10956,5791,5791002,4,2024-09-17,9,F,3,valido,
10957,5720,5720017,4,2024-11-19,23,F,4,valido,
10958,5754,5754033,2,2024-10-16,65,F,2,valido,
10959,5768,5768069,2,2024-11-10,70,F,2,valido,
10960,5752,5752046,2,2024-09-05,153,F,6,valido,
10961,5718,5718008,1,2024-04-24,163,F,3,valido,
10962,5719,5719003,1,2024-02-04,80,F,6,valido,
10963,5725,5725085,1,2024-08-05,20,F,2,valido,
10964,5713,5713042,4,2024-08-25,84,F,4,valido,
10965,5773,5773018,2,2024-11-15,28,F,3,valido,
10966,5705,5705122,4,2024-04-15,200,F,1,valido,
10967,5773,5773010,4,2024-05-18,125,F,3,valido,
10968,5768,5768032,2,2024-10-24,78,F,2,valido,
10969,5727,5727030,2,2024-09-28,29,F,6,valido,
10970,5717,5717002,1,2024-11-19,54,F,1,valido,
10971,5715,5715102,1,2024-04-08,3,F,2,valido,
10972,5715,5715024,1,2024-12-27,92,F,2,valido,
10973,5776,5776029,2,2024-02-18,152,F,6,valido,
10974,5708,5708016,3,2024-12-16,100,F,4,valido,
10975,5708,5708009,1,2024-01-21,102,F,4,valido,
10976,5717,5717010,1,2024-10-12,109,F,1,valido,
10977,5741,5741036,2,2024-04-17,120,F,3,valido,
10978,5791,5791005,1,2024-01-03,175,F,3,valido,
10979,5750,5750025,2,2024-09-15,190,F,5,valido,
10980,5763,5763008,2,2024-03-24,111,F,1,valido,
10981,5727,5727006,4,2024-07-16,167,F,6,valido,
10982,5773,5773022,2,2024-12-11,15,F,3,valido,
10983,5715,5715121,3,2024-12-11,178,F,2,valido,
10984,5715,5715075,1,2024-06-15,149,F,2,valido,
10985,5773,5773018,2,2024-11-10,113,F,3,valido,
10986,5768,5768010,4,2024-12-10,84,F,2,valido,
10987,5768,5768010,1,2024-09-08,63,F,2,valido,
10988,5719,5719029,2,2024-01-25,148,F,6,valido,
10989,5752,5752024,2,2024-02-09,66,F,6,valido,
10990,5752,5752004,3,2024-11-22,113,F,6,valido,
10991,5705,5705018,4,2024-10-20,54,F,1,valido,
10992,5719,5719038,2,2024-09-23,112,F,6,valido,
10993,5725,5725111,2,2024-08-23,12,F,2,valido,
10994,5725,5725071,4,2024-08-20,185,F,2,valido,
10995,5720,5720011,1,2024-09-22,100,F,4,valido,
10996,5770,5770024,3,2024-06-17,143,F,4,valido,
10997,5768,5768011,4,2024-03-15,153,F,2,valido,
10998,5725,5725060,3,2024-09-22,135,F,2,valido,
10999,5715,5715070,2,2024-06-07,168,F,2,valido,
11000,5752,5752047,1,2024-01-22,68,F,6,valido,
11001,5715,5715002,4,2024-04-26,140,F,2,valido,
11002,5752,5752046,3,2024-06-28,54,F,6,valido,
11003,5776,5776014,2,2024-12-11,72,F,6,valido,
11004,5717,5717010,1,2024-01-17,113,F,1,valido,
11005,5752,5752018,4,2024-03-12,167,F,6,valido,
11006,5725,5725041,2,2024-05-11,35,F,2,valido,
11007,5754,5754037,4,2024-03-14,117,F,2,valido,
11008,5785,5785009,3,2024-12-15,33,F,5,valido,
11009,5705,5705029,3,2024-12-18,179,F,1,valido,
11010,5725,5725059,1,2024-04-09,98,F,2,valido,
11011,5705,5705079,1,2024-05-03,64,F,1,valido,
11012,5720,5720023,3,2024-07-18,110,F,4,valido,
11013,5773,5773029,3,2024-11-05,162,F,3,valido,
11014,5768,5768071,1,2024-05-10,11,F,2,valido,
11015,5773,5773044,1,2024-05-12,76,F,3,valido,
11016,5705,5705120,3,2024-08-07,35,F,1,valido,
11017,5720,5720007,3,2024-03-21,96,F,4,valido,
11018,5705,5705021,1,2024-02-20,79,F,1,valido,
11019,5715,5715077,2,2024-03-28,47,F,2,valido,
11020,5768,5768070,1,2024-06-11,64,F,2,valido,
11021,5715,5715042,2,2024-11-05,102,F,2,valido,
11022,5705,5705002,2,2024-04-09,119,F,1,valido,
11023,5727,5727004,3,2024-05-04,84,F,6,valido,
11024,5791,5791008,3,2024-03-14,155,F,3,valido,
11025,5773,5773013,2,2024-06-28,60,F,3,valido,
11026,5766,5766002,3,2024-03-14,96,F,1,valido,
11027,5786,5786009,2,2024-03-05,24,F,3,valido,
11028,5705,5705022,2,2024-08-11,31,F,1,valido,
11029,5725,5725044,4,2024-07-02,186,F,2,valido,
11030,5752,5752029,2,2024-04-18,8,F,6,valido,
11031,5741,5741028,2,2024-11-10,64,F,3,valido,
11032,5708,5708023,3,2024-01-02,159,F,4,valido,
11033,5715,5715064,3,2024-11-19,25,F,2,valido,
11034,5754,5754008,2,2024-12-06,186,F,2,valido,
11035,5715,5715099,4,2024-11-25,59,F,2,valido,
11036,5776,5776009,1,2024-02-19,50,F,6,valido,
11037,5770,5770017,1,2024-10-13,89,F,4,valido,
11038,5705,5705098,2,2024-05-04,20,F,1,valido,
11039,5727,5727013,1,2024-02-11,70,F,6,valido,
11040,5715,5715004,3,2024-08-11,68,F,2,valido,
11041,5725,5725106,3,2024-12-11,84,F,2,valido,
11042,5725,5725012,4,2024-11-02,3,F,2,valido,
11043,5776,5776035,4,2024-06-24,3,F,6,valido,
11044,5797,5797005,3,2024-05-18,142,F,3,valido,
11045,5705,5705051,1,2024-09-08,132,F,1,valido,
11046,5752,5752028,1,2024-06-01,97,F,6,valido,
11047,5723,5723004,1,2024-06-14,156,F,4,valido,
11048,5747,5747026,2,2024-02-02,44,F,4,valido,
11049,5705,5705044,4,2024-03-12,161,F,1,valido,
11050,5715,5715048,2,2024-02-19,170,F,2,valido,
11051,5791,5791008,2,2024-01-13,98,F,3,valido,
11052,5725,5725061,1,2024-05-17,96,F,2,valido,
11053,5768,5768086,1,2024-08-01,159,F,2,valido,
11054,5794,5794001,4,2024-04-16,120,F,5,valido,
11055,5715,5715020,3,2024-09-16,72,F,2,valido,
11056,5713,5713005,3,2024-07-01,2,F,4,valido,
11057,5752,5752005,2,2024-05-17,98,F,6,valido,
11058,5713,5713025,4,2024-10-28,177,F,4,valido,
11059,5713,5713027,1,2024-01-16,169,F,4,valido,
11060,5713,5713022,3,2024-05-14,67,F,4,valido,
11061,5763,5763003,1,2024-04-21,168,F,1,valido,
11062,5797,5797004,2,2024-02-17,170,F,3,valido,
11063,5727,5727019,3,2024-04-09,165,F,6,valido,
11064,5727,5727013,3,2024-05-05,78,F,6,valido,
11065,5725,5725080,3,2024-06-15,6,F,2,valido,
11066,5750,5750028,4,2024-06-16,115,F,5,valido,
11067,5725,5725067,4,2024-09-25,108,F,2,valido,
11068,5715,5715119,1,2024-07-25,79,F,2,valido,
11069,5752,5752036,2,2024-04-25,130,F,6,valido,
11070,5768,5768044,2,2024-06-16,150,F,2,valido,
11071,5725,5725108,2,2024-09-10,141,F,2,valido,
11072,5768,5768084,2,2024-01-27,174,F,2,valido,
11073,5705,5705039,1,2024-02-27,93,F,1,valido,
11074,5705,5705019,2,2024-03-08,104,F,1,valido,
11075,5768,5768053,4,2024-05-16,35,F,2,valido,
11076,5705,5705083,1,2024-01-01,129,F,1,valido,
11077,5768,5768024,3,2024-01-17,21,F,2,valido,
11078,5741,5741028,2,2024-02-06,131,F,3,valido,
11079,5705,5705107,1,2024-06-22,86,F,1,valido,
11080,5727,5727024,2,2024-04-26,99,F,6,valido,
11081,5776,5776039,1,2024-07-16,181,F,6,valido,
11082,5718,5718014,1,2024-05-28,17,F,3,valido,
11083,5776,5776019,1,2024-04-12,49,F,6,valido,
11084,5786,5786005,1,2024-10-13,179,F,3,valido,
11085,5715,5715008,4,2024-09-25,7,F,2,valido,
11086,5715,5715050,2,2024-05-02,111,F,2,valido,
11087,5752,5752060,4,2024-08-21,69,F,6,valido,
11088,5715,5715006,2,2024-03-16,136,F,2,valido,
11089,5725,5725101,3,2024-05-08,97,F,2,valido,
11090,5705,5705006,2,2024-02-03,40,F,1,valido,
11091,5768,5768026,4,2024-12-26,120,F,2,valido,
11092,5752,5752022,3,2024-09-26,151,F,6,valido,
11093,5715,5715047,4,2024-03-24,160,F,2,valido,
11094,5768,5768067,3,2024-12-19,146,F,2,valido,
11095,5785,5785010,1,2024-10-10,183,F,5,valido,
11096,5717,5717012,2,2024-07-14,103,F,1,valido,
11097,5715,5715043,1,2024-01-18,182,F,2,valido,
11098,5768,5768086,2,2024-06-02,61,F,2,valido,
11099,5752,5752055,1,2024-08-02,114,F,6,valido,
11100,5713,5713024,3,2024-04-19,24,F,4,valido,
11101,5705,5705040,2,2024-11-28,160,F,1,valido,
11102,5776,5776023,1,2024-12-01,7,F,6,valido,
11103,5705,5705093,2,2024-08-09,188,F,1,valido,
11104,5713,5713008,1,2024-07-04,132,F,4,valido,
11105,5725,5725088,1,2024-03-04,80,F,2,valido,
11106,5752,5752031,4,2024-11-11,52,F,6,valido,
11107,5776,5776007,1,2024-03-22,180,F,6,valido,
11108,5727,5727007,1,2024-05-26,66,F,6,valido,
11109,5718,5718012,2,2024-11-06,53,F,3,valido,
11110,5795,5795002,4,2024-12-02,141,F,5,valido,
11111,5705,5705092,4,2024-03-24,49,F,1,valido,
11112,5773,5773032,1,2024-06-22,59,F,3,valido,
11113,5718,5718008,1,2024-11-10,95,F,3,valido,
11114,5768,5768012,4,2024-02-09,52,F,2,valido,
11115,5725,5725017,1,2024-06-02,156,F,2,valido,
11116,5754,5754030,2,2024-01-08,12,F,2,valido,
11117,5768,5768037,4,2024-07-23,146,F,2,valido,
11118,5723,5723030,1,2024-09-26,151,F,4,valido,
11119,5715,5715044,4,2024-08-25,60,F,2,valido,
11120,5719,5719030,1,2024-04-17,194,F,6,valido,
11121,5705,5705071,1,2024-06-04,42,F,1,valido,
11122,5770,5770024,2,2024-05-09,74,F,4,valido,
11123,5705,5705012,4,2024-11-03,84,F,1,valido,
11124,5708,5708005,1,2024-01-14,26,F,4,valido,
11125,5713,5713001,1,2024-01-05,109,F,4,valido,
11126,5725,5725033,2,2024-06-16,107,F,2,valido,
11127,5719,5719031,1,2024-10-23,86,F,6,valido,
11128,5725,5725037,1,2024-05-26,169,F,2,valido,
11129,5713,5713011,2,2024-03-24,180,F,4,valido,
11130,5750,5750010,3,2024-03-17,175,F,5,valido,
11131,5717,5717017,3,2024-07-02,149,F,1,valido,
11132,5727,5727013,2,2024-02-05,152,F,6,valido,
11133,5708,5708007,1,2024-03-26,53,F,4,valido,
11134,5717,5717012,3,2024-05-24,166,F,1,valido,
11135,5705,5705024,4,2024-11-15,148,F,1,valido,
11136,5776,5776004,1,2024-06-26,45,F,6,valido,
11137,5768,5768002,2,2024-12-25,66,F,2,valido,
11138,5715,5715046,3,2024-10-14,1,F,2,valido,
11139,5747,5747003,2,2024-03-19,184,F,4,valido,
11140,5715,5715063,4,2024-07-11,25,F,2,valido,
11141,5773,5773025,4,2024-06-03,13,F,3,valido,
11142,5713,5713014,1,2024-05-17,44,F,4,valido,
11143,5705,5705082,4,2024-03-22,140,F,1,valido,
11144,5713,5713012,1,2024-09-26,181,F,4,valido,
11145,5715,5715076,2,2024-05-06,74,F,2,valido,
11146,5725,5725066,4,2024-12-21,196,F,2,valido,
11147,5718,5718006,1,2024-02-28,25,F,3,valido,
11148,5725,5725038,3,2024-08-11,126,F,2,valido,
11149,5754,5754005,3,2024-10-14,143,F,2,valido,
11150,5725,5725097,3,2024-04-11,8,F,2,valido,
11151,5773,5773038,3,2024-06-25,153,F,3,valido,
11152,5705,5705065,1,2024-12-01,181,F,1,valido,
11153,5715,5715060,3,2024-05-15,134,F,2,valido,
11154,5723,5723009,4,2024-05-28,75,F,4,valido,
11155,5708,5708019,1,2024-09-27,134,F,4,valido,
11156,5725,5725081,3,2024-07-20,152,F,2,valido,
11157,5752,5752020,1,2024-09-10,101,F,6,valido,
11158,5781,5781005,1,2024-08-01,46,F,5,valido,
11159,5717,5717018,2,2024-07-08,67,F,1,valido,
11160,5705,5705034,1,2024-01-12,31,F,1,valido,
11161,5715,5715012,1,2024-07-05,4,F,2,valido,
11162,5768,5768030,1,2024-08-25,81,F,2,valido,
11163,5705,5705107,1,2024-11-13,48,F,1,valido,
11164,5752,5752044,4,2024-05-03,101,F,6,valido,
11165,5725,5725044,3,2024-03-07,191,F,2,valido,
11166,5715,5715113,4,2024-07-22,89,F,2,valido,
11167,5747,5747017,4,2024-09-08,126,F,4,valido,
11168,5770,5770022,3,2024-12-02,14,F,4,valido,
11169,5705,5705011,4,2024-09-19,72,F,1,valido,
11170,5744,5744002,1,2024-09-10,73,F,4,valido,
11171,5750,5750010,4,2024-02-16,190,F,5,valido,
11172,5791,5791009,3,2024-06-14,38,F,3,valido,
11173,5723,5723018,4,2024-09-20,13,F,4,valido,
11174,5705,5705048,4,2024-05-19,136,F,1,valido,
11175,5741,5741005,1,2024-03-28,40,F,3,valido,
11176,5719,5719019,3,2024-09-27,133,F,6,valido,
11177,5705,5705062,2,2024-01-03,169,F,1,valido,
11178,5725,5725053,1,2024-04-08,144,F,2,valido,
11179,5725,5725064,1,2024-12-28,124,F,2,valido,
11180,5763,5763004,2,2024-06-27,165,F,1,valido,
11181,5770,5770014,2,2024-01-27,9,F,4,valido,
11182,5705,5705021,1,2024-04-27,161,F,1,valido,
11183,5715,5715080,3,2024-09-16,26,F,2,valido,
11184,5766,5766009,3,2024-11-27,60,F,1,valido,
11185,5776,5776041,4,2024-05-11,7,F,6,valido,
11186,5727,5727023,3,2024-04-12,85,F,6,valido,
11187,5744,5744002,4,2024-01-28,107,F,4,valido,
11188,5715,5715079,1,2024-05-18,112,F,2,valido,
11189,5715,5715116,2,2024-10-27,21,F,2,valido,
11190,5720,5720001,3,2024-02-10,183,F,4,valido,
11191,5715,5715101,1,2024-07-24,91,F,2,valido,
11192,5768,5768009,2,2024-05-24,125,F,2,valido,
11193,5720,5720021,4,2024-02-13,71,F,4,valido,
11194,5752,5752036,3,2024-11-21,4,F,6,valido,
11195,5754,5754008,1,2024-02-26,108,F,2,valido,
11196,5705,5705051,4,2024-04-16,50,F,1,valido,
11197,5720,5720012,3,2024-06-16,27,F,4,valido,
11198,5776,5776001,1,2024-04-13,82,F,6,valido,
11199,5725,5725022,1,2024-09-14,163,F,2,valido,
11200,5705,5705125,1,2024-04-02,180,F,1,valido,
11201,5763,5763011,3,2024-05-26,170,F,1,valido,
11202,5723,5723007,3,2024-05-24,13,F,4,valido,
11203,5754,5754010,1,2024-02-28,152,F,2,valido,
11204,5770,5770020,2,2024-03-22,137,F,4,valido,
11205,5776,5776035,2,2024-11-21,6,F,6,valido,
11206,5752,5752051,2,2024-11-07,24,F,6,valido,
11207,5786,5786011,2,2024-11-07,67,F,3,valido,
11208,5754,5754001,4,2024-04-07,200,F,2,valido,
11209,5725,5725050,3,2024-04-22,29,F,2,valido,
11210,5715,5715026,4,2024-11-14,182,F,2,valido,
11211,5705,5705024,3,2024-01-20,89,F,1,valido,
11212,5786,5786013,2,2024-08-07,37,F,3,valido,
11213,5752,5752018,3,2024-12-18,79,F,6,valido,
11214,5723,5723027,2,2024-05-09,86,F,4,valido,
11215,5723,5723020,1,2024-01-21,165,F,4,valido,
11216,5744,5744002,1,2024-08-22,14,F,4,valido,
11217,5717,5717026,1,2024-07-19,192,F,1,valido,
11218,5705,5705124,2,2024-11-16,198,F,1,valido,
11219,5773,5773012,4,2024-01-02,180,F,3,valido,
11220,5719,5719030,3,2024-02-25,122,F,6,valido,
11221,5768,5768046,2,2024-01-07,59,F,2,valido,
11222,5715,5715093,3,2024-12-22,129,F,2,valido,
11223,5773,5773027,2,2024-08-07,183,F,3,valido,
11224,5752,5752001,1,2024-06-06,37,F,6,valido,
11225,5715,5715054,3,2024-05-28,195,F,2,valido,
11226,5715,5715081,2,2024-11-01,170,F,2,valido,
11227,5708,5708021,4,2024-06-07,172,F,4,valido,
11228,5713,5713003,3,2024-04-12,4,F,4,valido,
11229,5715,5715095,3,2024-01-10,8,F,2,valido,
11230,5715,5715081,2,2024-01-06,8,F,2,valido,
11231,5705,5705090,1,2024-08-03,25,F,1,valido,
11232,5705,5705020,4,2024-10-12,168,F,1,valido,
11233,5725,5725041,3,2024-02-13,163,F,2,valido,
11234,5768,5768029,4,2024-08-26,119,F,2,valido,
11235,5752,5752025,1,2024-02-02,99,F,6,valido,
11236,5705,5705119,4,2024-06-10,22,F,1,valido,
11237,5725,5725038,4,2024-11-04,98,F,2,valido,
11238,5713,5713023,1,2024-12-02,168,F,4,valido,
11239,5747,5747001,1,2024-08-05,28,F,4,valido,
11240,5752,5752005,2,2024-05-27,182,F,6,valido,
11241,5705,5705110,4,2024-01-12,151,F,1,valido,
11242,5713,5713001,4,2024-01-23,51,F,4,valido,
11243,5725,5725015,4,2024-08-11,101,F,2,valido,
11244,5768,5768027,4,2024-01-27,72,F,2,valido,
11245,5752,5752007,4,2024-08-17,59,F,6,valido,
11246,5705,5705049,1,2024-10-13,89,F,1,valido,
11247,5768,5768019,2,2024-07-03,93,F,2,valido,
11248,5744,5744015,3,2024-04-25,62,F,4,valido,
11249,5723,5723010,4,2024-02-20,12,F,4,valido,
11250,5705,5705017,4,2024-09-01,102,F,1,valido,
11251,5766,5766008,2,2024-06-26,117,F,1,valido,
11252,5744,5744003,4,2024-07-12,143,F,4,valido,
11253,5766,5766013,1,2024-11-21,91,F,1,valido,
11254,5713,5713006,3,2024-09-26,67,F,4,valido,
11255,5717,5717025,2,2024-04-11,145,F,1,valido,
11256,5752,5752023,4,2024-02-25,100,F,6,valido,
11257,5715,5715020,2,2024-09-03,52,F,2,valido,
11258,5720,5720021,4,2024-08-11,59,F,4,valido,
11259,5725,5725023,1,2024-11-04,165,F,2,valido,
11260,5723,5723020,4,2024-03-06,99,F,4,valido,
11261,5750,5750021,1,2024-09-08,136,F,5,valido,
11262,5776,5776032,4,2024-09-27,128,F,6,valido,
11263,5741,5741009,1,2024-01-25,122,F,3,valido,
11264,5719,5719027,1,2024-10-11,79,F,6,valido,
11265,5715,5715080,1,2024-05-16,191,F,2,valido,
11266,5752,5752027,2,2024-06-19,92,F,6,valido,
11267,5717,5717021,1,2024-03-26,140,F,1,valido,
11268,5752,5752034,4,2024-07-19,187,F,6,valido,
11269,5715,5715012,2,2024-05-18,193,F,2,valido,
11270,5752,5752002,3,2024-11-26,161,F,6,valido,
11271,5705,5705043,2,2024-06-17,84,F,1,valido,
11272,5794,5794006,3,2024-10-24,37,F,5,valido,
11273,5750,5750012,1,2024-10-15,152,F,5,valido,
11274,5718,5718014,2,2024-06-13,21,F,3,valido,
11275,5750,5750024,4,2024-08-04,162,F,5,valido,
11276,5705,5705005,2,2024-12-13,31,F,1,valido,
11277,5727,5727027,1,2024-10-26,76,F,6,valido,
11278,5741,5741022,4,2024-11-24,77,F,3,valido,
11279,5725,5725111,4,2024-05-24,77,F,2,valido,
11280,5776,5776013,3,2024-11-08,100,F,6,valido,
11281,5752,5752035,2,2024-09-24,53,F,6,valido,
11282,5754,5754011,1,2024-11-07,194,F,2,valido,
11283,5725,5725103,2,2024-05-08,26,F,2,valido,
11284,5715,5715105,2,2024-04-21,161,F,2,valido,
11285,5768,5768054,2,2024-05-03,42,F,2,valido,
11286,5725,5725042,2,2024-03-06,65,F,2,valido,
11287,5705,5705118,4,2024-09-13,63,F,1,valido,
11288,5776,5776039,3,2024-12-01,89,F,6,valido,
11289,5723,5723008,4,2024-12-17,186,F,4,valido,
11290,5795,5795001,3,2024-01-17,43,F,5,valido,
11291,5791,5791007,2,2024-12-26,187,F,3,valido,
11292,5727,5727015,2,2024-07-27,132,F,6,valido,
11293,5718,5718010,1,2024-03-28,77,F,3,valido,
11294,5713,5713003,4,2024-06-19,176,F,4,valido,
11295,5770,5770016,2,2024-03-10,57,F,4,valido,
11296,5741,5741032,2,2024-05-11,10,F,3,valido,
11297,5744,5744012,1,2024-08-20,66,F,4,valido,
11298,5705,5705103,1,2024-02-10,189,F,1,valido,
11299,5752,5752026,3,2024-05-04,45,F,6,valido,
11300,5723,5723017,2,2024-08-19,79,F,4,valido,
11301,5708,5708008,2,2024-04-07,133,F,4,valido,
11302,5718,5718005,4,2024-10-13,23,F,3,valido,
11303,5723,5723001,3,2024-04-04,185,F,4,valido,
11304,5752,5752064,2,2024-03-08,121,F,6,valido,
11305,5708,5708018,3,2024-07-14,1,F,4,valido,
11306,5705,5705062,4,2024-03-03,12,F,1,valido,
11307,5785,5785016,2,2024-07-21,151,F,5,valido,
11308,5725,5725071,3,2024-01-05,21,F,2,valido,
11309,5713,5713007,3,2024-01-27,88,F,4,valido,
11310,5770,5770015,3,2024-07-01,47,F,4,valido,
11311,5705,5705060,2,2024-01-07,64,F,1,valido,
11312,5763,5763002,2,2024-04-26,127,F,1,valido,
11313,5723,5723017,1,2024-01-08,193,F,4,valido,
11314,5768,5768054,4,2024-12-27,118,F,2,valido,
11315,5715,5715119,1,2024-08-22,138,F,2,valido,
11316,5715,5715069,4,2024-12-11,156,F,2,valido,
11317,5791,5791001,1,2024-02-24,90,F,3,valido,
11318,5754,5754003,3,2024-10-19,48,F,2,valido,
11319,5768,5768023,3,2024-02-11,43,F,2,valido,
11320,5781,5781003,3,2024-04-11,129,F,5,valido,
11321,5794,5794001,4,2024-03-23,77,F,5,valido,
11322,5715,5715025,1,2024-04-01,153,F,2,valido,
11323,5750,5750021,2,2024-10-20,71,F,5,valido,
11324,5713,5713043,4,2024-09-05,180,F,4,valido,
11325,5741,5741005,4,2024-04-23,185,F,3,valido,
11326,5725,5725030,4,2024-01-28,174,F,2,valido,
11327,5776,5776002,4,2024-05-07,88,F,6,valido,
11328,5715,5715050,1,2024-10-12,35,F,2,valido,
11329,5717,5717014,4,2024-05-01,197,F,1,valido,
11330,5785,5785011,1,2024-04-10,126,F,5,valido,
11331,5773,5773029,1,2024-01-15,8,F,3,valido,
11332,5713,5713035,3,2024-01-09,18,F,4,valido,
11333,5752,5752038,2,2024-05-18,95,F,6,valido,
11334,5715,5715047,1,2024-03-08,98,F,2,valido,
11335,5725,5725066,1,2024-12-14,52,F,2,valido,
11336,5717,5717012,1,2024-08-08,180,F,1,valido,
11337,5725,5725025,3,2024-04-04,93,F,2,valido,
11338,5752,5752010,4,2024-10-10,168,F,6,valido,
11339,5752,5752051,4,2024-09-24,140,F,6,valido,
11340,5715,5715040,1,2024-09-10,173,F,2,valido,
11341,5768,5768002,3,2024-01-16,155,F,2,valido,
11342,5715,5715095,3,2024-07-08,69,F,2,valido,
11343,5763,5763004,2,2024-06-15,116,F,1,valido,
11344,5776,5776036,1,2024-01-25,159,F,6,valido,
11345,5752,5752021,1,2024-09-05,48,F,6,valido,
11346,5715,5715028,2,2024-02-18,149,F,2,valido,
11347,5718,5718004,3,2024-12-28,23,F,3,valido,
11348,5725,5725020,2,2024-06-11,97,F,2,valido,
11349,5725,5725076,2,2024-12-08,32,F,2,valido,
11350,5720,5720011,3,2024-11-14,101,F,4,valido,
11351,5768,5768068,2,2024-05-06,124,F,2,valido,
11352,5768,5768004,1,2024-08-05,125,F,2,valido,
11353,5776,5776009,1,2024-05-18,64,F,6,valido,
11354,5719,5719037,1,2024-02-08,64,F,6,valido,
11355,5768,5768029,1,2024-08-20,40,F,2,valido,
11356,5705,5705027,3,2024-11-21,111,F,1,valido,
11357,5752,5752013,3,2024-04-02,187,F,6,valido,
11358,5727,5727012,4,2024-12-20,73,F,6,valido,
11359,5752,5752035,3,2024-12-12,190,F,6,valido,
11360,5791,5791009,2,2024-08-20,10,F,3,valido,
11361,5725,5725045,2,2024-03-14,86,F,2,valido,
11362,5776,5776040,4,2024-12-26,166,F,6,valido,
11363,5754,5754035,1,2024-09-10,195,F,2,valido,
11364,5708,5708004,3,2024-11-04,110,F,4,valido,
11365,5768,5768044,2,2024-11-19,72,F,2,valido,
11366,5770,5770013,4,2024-03-01,191,F,4,valido,
11367,5725,5725016,1,2024-01-21,174,F,2,valido,
11368,5715,5715057,4,2024-07-20,67,F,2,valido,
11369,5708,5708019,3,2024-10-27,2,F,4,valido,
11370,5766,5766008,1,2024-04-22,56,F,1,valido,
11371,5727,5727025,4,2024-02-26,153,F,6,valido,
11372,5747,5747015,1,2024-12-21,78,F,4,valido,
11373,5705,5705047,1,2024-10-14,191,F,1,valido,
11374,5752,5752046,2,2024-04-04,17,F,6,valido,
11375,5715,5715024,2,2024-05-28,149,F,2,valido,
11376,5705,5705030,3,2024-07-08,130,F,1,valido,
11377,5720,5720007,2,2024-10-25,26,F,4,valido,
11378,5773,5773025,4,2024-01-28,35,F,3,valido,
11379,5768,5768024,1,2024-01-25,186,F,2,valido,
11380,5715,5715047,4,2024-01-03,193,F,2,valido,
11381,5785,5785003,3,2024-01-23,48,F,5,valido,
11382,5725,5725068,3,2024-06-02,70,F,2,valido,
11383,5715,5715054,4,2024-07-16,66,F,2,valido,
11384,5718,5718001,2,2024-07-25,65,F,3,valido,
11385,5768,5768058,1,2024-07-01,191,F,2,valido,
11386,5747,5747025,3,2024-03-15,3,F,4,valido,
11387,5713,5713012,2,2024-01-15,120,F,4,valido,
11388,5725,5725024,3,2024-06-06,55,F,2,valido,
11389,5719,5719038,4,2024-09-18,122,F,6,valido,
11390,5715,5715092,4,2024-06-25,181,F,2,valido,
11391,5768,5768067,1,2024-08-25,63,F,2,valido,
11392,5719,5719023,3,2024-06-23,25,F,6,valido,
11393,5715,5715056,3,2024-09-12,86,F,2,valido,
11394,5768,5768068,4,2024-10-02,85,F,2,valido,
11395,5768,5768086,3,2024-09-13,172,F,2,valido,
11396,5768,5768012,4,2024-01-06,127,F,2,valido,
11397,5768,5768075,1,2024-04-22,1,F,2,valido,
11398,5720,5720019,2,2024-09-14,102,F,4,valido,
11399,5768,5768030,1,2024-05-22,86,F,2,valido,
11400,5744,5744001,3,2024-08-08,51,F,4,valido,
11401,5791,5791009,4,2024-07-05,97,F,3,valido,
11402,5705,5705051,1,2024-05-06,110,F,1,valido,
11403,5744,5744012,4,2024-08-01,175,F,4,valido,
11404,5791,5791005,3,2024-04-22,16,F,3,valido,
11405,5720,5720001,2,2024-06-26,156,F,4,valido,
11406,5705,5705069,2,2024-12-24,26,F,1,valido,
11407,5725,5725106,3,2024-07-16,98,F,2,valido,
11408,5752,5752064,3,2024-08-08,90,F,6,valido,
11409,5725,5725091,4,2024-09-07,114,F,2,valido,
11410,5754,5754037,2,2024-04-13,196,F,2,valido,
11411,5741,5741009,2,2024-11-17,48,F,3,valido,
11412,5763,5763002,3,2024-06-05,116,F,1,valido,
11413,5717,5717024,2,2024-06-19,71,F,1,valido,
11414,5705,5705047,1,2024-03-04,170,F,1,valido,
11415,5752,5752004,4,2024-04-08,122,F,6,valido,
11416,5725,5725098,1,2024-09-22,22,F,2,valido,
11417,5713,5713006,3,2024-08-14,195,F,4,valido,
11418,5717,5717001,1,2024-04-16,144,F,1,valido,
11419,5715,5715114,4,2024-11-24,193,F,2,valido,
11420,5785,5785014,4,2024-12-08,42,F,5,valido,
11421,5776,5776012,2,2024-04-15,146,F,6,valido,
11422,5776,5776005,1,2024-04-15,102,F,6,valido,
11423,5725,5725100,1,2024-08-03,99,F,2,valido,
11424,5773,5773040,2,2024-01-25,75,F,3,valido,
11425,5705,5705013,1,2024-12-18,40,F,1,valido,
11426,5720,5720013,3,2024-12-21,61,F,4,valido,
11427,5773,5773046,3,2024-12-09,125,F,3,valido,
11428,5727,5727014,4,2024-06-05,35,F,6,valido,
11429,5794,5794001,3,2024-07-19,144,F,5,valido,
11430,5717,5717021,3,2024-02-11,44,F,1,valido,
11431,5741,5741012,4,2024-10-07,197,F,3,valido,
11432,5763,5763006,1,2024-11-19,78,F,1,valido,
11433,5725,5725088,1,2024-10-04,188,F,2,valido,
11434,5723,5723016,4,2024-07-18,154,F,4,valido,
11435,5768,5768036,1,2024-07-13,89,F,2,valido,
11436,5752,5752021,1,2024-01-26,129,F,6,valido,
11437,5752,5752022,4,2024-02-04,72,F,6,valido,
11438,5795,5795003,3,2024-12-02,174,F,5,valido,
11439,5768,5768037,1,2024-08-09,25,F,2,valido,
11440,5715,5715042,1,2024-01-15,197,F,2,valido,
11441,5741,5741016,4,2024-09-05,49,F,3,valido,
11442,5770,5770018,1,2024-06-26,80,F,4,valido,
11443,5750,5750022,3,2024-01-10,176,F,5,valido,
11444,5727,5727021,2,2024-11-18,45,F,6,valido,
11445,5725,5725001,4,2024-03-19,91,F,2,valido,
11446,5720,5720020,2,2024-07-20,52,F,4,valido,
11447,5752,5752033,4,2024-12-22,28,F,6,valido,
11448,5727,5727014,4,2024-05-10,37,F,6,valido,
11449,5720,5720005,4,2024-03-21,33,F,4,valido,
11450,5713,5713037,1,2024-07-09,7,F,4,valido,
11451,5754,5754007,2,2024-12-08,174,F,2,valido,
11452,5776,5776030,1,2024-06-17,160,F,6,valido,
11453,5741,5741033,3,2024-05-03,117,F,3,valido,
11454,5705,5705119,3,2024-02-28,161,F,1,valido,
11455,5715,5715103,3,2024-10-22,2,F,2,valido,
11456,5705,5705076,3,2024-10-25,188,F,1,valido,
11457,5719,5719019,3,2024-11-25,171,F,6,valido,
11458,5754,5754014,4,2024-08-21,194,F,2,valido,
11459,5713,5713039,1,2024-08-10,132,F,4,valido,
11460,5715,5715105,4,2024-06-12,194,F,2,valido,
11461,5776,5776029,3,2024-10-08,149,F,6,valido,
11462,5768,5768063,3,2024-10-03,101,F,2,valido,
11463,5715,5715072,1,2024-05-25,19,F,2,valido,
11464,5770,5770017,2,2024-05-08,94,F,4,valido,
11465,5719,5719016,4,2024-03-03,111,F,6,valido,
11466,5768,5768031,3,2024-10-14,159,F,2,valido,
11467,5768,5768008,2,2024-01-01,116,F,2,valido,
11468,5705,5705007,2,2024-03-07,12,F,1,valido,
11469,5705,5705035,2,2024-02-25,200,F,1,valido,
11470,5715,5715119,1,2024-03-24,128,F,2,valido,
11471,5727,5727001,4,2024-04-05,124,F,6,valido,
11472,5768,5768058,1,2024-08-26,80,F,2,valido,
11473,5713,5713016,4,2024-10-21,112,F,4,valido,
11474,5752,5752041,2,2024-11-12,185,F,6,valido,
11475,5741,5741008,3,2024-08-24,83,F,3,valido,
11476,5797,5797004,2,2024-10-01,131,F,3,valido,
11477,5713,5713002,1,2024-09-23,185,F,4,valido,
11478,5752,5752053,2,2024-10-03,190,F,6,valido,
11479,5747,5747016,4,2024-01-23,47,F,4,valido,
11480,5715,5715017,2,2024-01-10,39,F,2,valido,
11481,5713,5713039,1,2024-03-06,60,F,4,valido,
11482,5708,5708005,3,2024-03-13,59,F,4,valido,
11483,5723,5723028,2,2024-12-07,17,F,4,valido,
11484,5750,5750011,1,2024-04-20,39,F,5,valido,
11485,5705,5705005,4,2024-12-11,143,F,1,valido,
11486,5768,5768035,3,2024-02-25,97,F,2,valido,
11487,5725,5725004,1,2024-10-21,79,F,2,valido,
11488,5725,5725094,4,2024-03-26,46,F,2,valido,
11489,5768,5768036,3,2024-05-20,165,F,2,valido,
11490,5705,5705063,2,2024-10-10,144,F,1,valido,
11491,5705,5705014,4,2024-06-23,165,F,1,valido,
11492,5741,5741012,3,2024-04-02,42,F,3,valido,
11493,5705,5705064,1,2024-07-26,129,F,1,valido,
11494,5705,5705037,1,2024-02-05,24,F,1,valido,
11495,5715,5715048,4,2024-02-25,158,F,2,valido,
11496,5727,5727025,1,2024-04-03,168,F,6,valido,
11497,5763,5763001,4,2024-01-02,42,F,1,valido,
11498,5773,5773023,4,2024-01-13,116,F,3,valido,
11499,5768,5768015,1,2024-09-26,33,F,2,valido,
11500,5705,5705041,3,2024-08-07,18,F,1,valido,
11501,5705,5705113,1,2024-12-24,33,F,1,valido,
11502,5768,5768045,4,2024-08-18,191,F,2,valido,
11503,5773,5773027,3,2024-09-28,31,F,3,valido,
11504,5770,5770007,4,2024-07-17,24,F,4,valido,
11505,5754,5754017,4,2024-12-20,50,F,2,valido,
11506,5713,5713031,4,2024-04-23,11,F,4,valido,
11507,5773,5773013,1,2024-04-26,4,F,3,valido,
11508,5750,5750018,1,2024-05-01,47,F,5,valido,
11509,5715,5715061,1,2024-07-25,89,F,2,valido,
11510,5773,5773003,2,2024-08-20,151,F,3,valido,
11511,5776,5776041,2,2024-09-08,134,F,6,valido,
11512,5747,5747028,3,2024-11-02,24,F,4,valido,
11513,5741,5741026,3,2024-07-16,177,F,3,valido,
11514,5727,5727024,3,2024-07-15,57,F,6,valido,
11515,5752,5752063,3,2024-09-21,81,F,6,valido,
11516,5744,5744002,4,2024-06-11,37,F,4,valido,
11517,5752,5752001,3,2024-05-02,130,F,6,valido,
11518,5708,5708021,2,2024-01-05,166,F,4,valido,
11519,5715,5715035,4,2024-10-21,63,F,2,valido,
11520,5727,5727015,1,2024-07-25,108,F,6,valido,
11521,5705,5705021,3,2024-05-28,125,F,1,valido,
11522,5725,5725028,4,2024-01-05,32,F,2,valido,
11523,5773,5773033,4,2024-10-12,180,F,3,valido,
11524,5754,5754012,3,2024-09-05,134,F,2,valido,
11525,5713,5713036,3,2024-04-17,154,F,4,valido,
11526,5744,5744010,1,2024-07-10,116,F,4,valido,
11527,5715,5715085,1,2024-07-10,64,F,2,valido,
11528,5719,5719006,3,2024-08-01,155,F,6,valido,
11529,5754,5754027,2,2024-06-09,87,F,2,valido,
11530,5795,5795003,4,2024-12-14,51,F,5,valido,
11531,5705,5705058,1,2024-03-27,19,F,1,valido,
11532,5713,5713005,4,2024-12-09,59,F,4,valido,
11533,5776,5776026,3,2024-03-07,41,F,6,valido,
11534,5766,5766014,4,2024-09-02,116,F,1,valido,
11535,5776,5776028,2,2024-11-02,124,F,6,valido,
11536,5727,5727001,4,2024-07-01,14,F,6,valido,
11537,5727,5727001,1,2024-04-01,101,F,6,valido,
11538,5715,5715067,2,2024-06-11,116,F,2,valido,
11539,5719,5719034,1,2024-06-25,197,F,6,valido,
11540,5773,5773003,1,2024-01-28,179,F,3,valido,
11541,5715,5715016,3,2024-02-01,4,F,2,valido,
11542,5705,5705026,4,2024-11-21,43,F,1,valido,
11543,5715,5715079,3,2024-03-21,139,F,2,valido,
11544,5718,5718015,1,2024-08-06,162,F,3,valido,
11545,5725,5725078,2,2024-12-05,138,F,2,valido,
11546,5713,5713005,1,2024-07-27,198,F,4,valido,
11547,5786,5786001,3,2024-08-07,26,F,3,valido,
11548,5705,5705021,3,2024-10-15,88,F,1,valido,
11549,5750,5750028,3,2024-02-07,36,F,5,valido,
11550,5719,5719008,3,2024-07-23,20,F,6,valido,
11551,5766,5766001,3,2024-11-21,71,F,1,valido,
11552,5766,5766008,4,2024-11-15,18,F,1,valido,
11553,5708,5708001,3,2024-07-24,141,F,4,valido,
11554,5719,5719005,3,2024-10-21,163,F,6,valido,
11555,5725,5725095,4,2024-04-23,9,F,2,valido,
11556,5744,5744012,4,2024-08-09,164,F,4,valido,
11557,5720,5720013,1,2024-08-24,93,F,4,valido,
11558,5719,5719012,3,2024-01-14,104,F,6,valido,
11559,5725,5725022,4,2024-06-04,144,F,2,valido,
11560,5786,5786001,4,2024-03-26,183,F,3,valido,
11561,5747,5747018,4,2024-07-26,30,F,4,valido,
11562,5768,5768077,1,2024-01-17,79,F,2,valido,
11563,5715,5715041,3,2024-01-08,17,F,2,valido,
11564,5754,5754011,4,2024-10-05,118,F,2,valido,
11565,5768,5768085,1,2024-10-04,102,F,2,valido,
11566,5773,5773012,2,2024-10-22,18,F,3,valido,
11567,5725,5725111,2,2024-09-09,7,F,2,valido,
11568,5713,5713039,4,2024-12-08,177,F,4,valido,
11569,5705,5705094,3,2024-01-09,167,F,1,valido,
11570,5773,5773047,4,2024-02-18,148,F,3,valido,
11571,5776,5776006,3,2024-02-01,121,F,6,valido,
11572,5725,5725102,1,2024-09-23,33,F,2,valido,
11573,5741,5741018,2,2024-11-08,111,F,3,valido,
11574,5750,5750028,2,2024-01-19,30,F,5,valido,
11575,5752,5752014,1,2024-08-17,178,F,6,valido,
11576,5720,5720015,3,2024-08-14,182,F,4,valido,
11577,5776,5776020,4,2024-02-09,39,F,6,valido,
11578,5705,5705051,4,2024-11-11,11,F,1,valido,
11579,5773,5773019,3,2024-04-15,151,F,3,valido,
11580,5723,5723001,3,2024-07-21,58,F,4,valido,
11581,5725,5725071,4,2024-05-04,151,F,2,valido,
11582,5705,5705016,4,2024-02-01,185,F,1,valido,
11583,5725,5725100,4,2024-11-22,83,F,2,valido,
11584,5719,5719003,4,2024-06-14,134,F,6,valido,
11585,5723,5723028,4,2024-06-08,165,F,4,valido,
11586,5715,5715117,4,2024-10-16,94,F,2,valido,
11587,5727,5727022,2,2024-10-05,18,F,6,valido,
11588,5705,5705099,2,2024-02-05,148,F,1,valido,
11589,5725,5725044,2,2024-02-27,193,F,2,valido,
11590,5705,5705031,4,2024-08-05,179,F,1,valido,
11591,5708,5708021,1,2024-06-10,1,F,4,valido,
11592,5719,5719007,2,2024-10-05,112,F,6,valido,
11593,5773,5773033,1,2024-10-13,185,F,3,valido,
11594,5705,5705026,3,2024-11-24,186,F,1,valido,
11595,5752,5752012,1,2024-11-23,11,F,6,valido,
11596,5741,5741008,3,2024-03-15,86,F,3,valido,
11597,5768,5768007,2,2024-12-03,41,F,2,valido,
11598,5773,5773006,2,2024-06-11,61,F,3,valido,
11599,5708,5708013,2,2024-02-08,99,F,4,modificado,A: fecha 24-02-08 -> 2024-02-08. Normalization by format and calendar. Year 2024 based on complete dataset dates.
11600,5747,5747016,1,2024-06-05,152,F,4,valido,
11601,5725,5725095,2,2024-07-27,151,F,2,valido,
11602,5766,5766007,1,2024-11-13,172,F,1,valido,
11603,5719,5719041,3,2024-08-16,39,F,6,valido,
11604,5717,5717025,4,2024-01-28,56,F,1,valido,
11605,5715,5715023,4,2024-03-09,53,F,2,valido,
11606,5781,5781001,4,2024-12-17,100,F,5,valido,
11607,5744,5744015,4,2024-04-06,2,F,4,valido,
11608,5768,5768040,3,2024-04-10,19,F,2,valido,
11609,5705,5705043,2,2024-09-09,21,F,1,valido,
11610,5768,5768062,2,2024-12-09,162,F,2,valido,
11611,5773,5773032,4,2024-04-27,196,F,3,valido,
11612,5776,5776025,1,2024-02-05,30,F,6,valido,
11613,5723,5723001,2,2024-09-22,25,F,4,valido,
11614,5705,5705009,3,2024-07-24,85,F,1,valido,
11615,5795,5795003,1,2024-03-07,66,F,5,valido,
11616,5725,5725061,3,2024-12-10,60,F,2,valido,
11617,5773,5773001,4,2024-03-28,55,F,3,valido,
11618,5766,5766006,4,2024-09-07,25,F,1,valido,
11619,5713,5713003,2,2024-03-27,17,F,4,valido,
11620,5773,5773040,2,2024-10-17,102,F,3,valido,
11621,5768,5768042,2,2024-08-24,110,F,2,valido,
11622,5747,5747008,4,2024-01-09,87,F,4,valido,
11623,5719,5719012,2,2024-04-08,165,F,6,valido,
11624,5773,5773020,4,2024-06-01,99,F,3,valido,
11625,5727,5727025,2,2024-04-16,47,F,6,valido,
11626,5723,5723021,3,2024-05-08,16,F,4,valido,
11627,5725,5725113,3,2024-01-06,128,F,2,valido,
11628,5719,5719009,1,2024-02-15,74,F,6,valido,
11629,5720,5720007,2,2024-12-06,165,F,4,valido,
11630,5727,5727012,4,2024-05-14,129,F,6,valido,
11631,5794,5794005,2,2024-10-26,115,F,5,valido,
11632,5750,5750006,4,2024-01-05,153,F,5,valido,
11633,5754,5754010,2,2024-10-13,129,F,2,valido,
11634,5720,5720017,4,2024-03-19,155,F,4,valido,
11635,5727,5727009,3,2024-08-14,1,F,6,valido,
11636,5723,5723008,4,2024-07-24,99,F,4,valido,
11637,5725,5725085,2,2024-03-06,23,F,2,valido,
11638,5741,5741005,1,2024-11-27,56,F,3,valido,
11639,5754,5754030,3,2024-06-10,165,F,2,valido,
11640,5715,5715010,4,2024-04-06,32,F,2,valido,
11641,5752,5752019,2,2024-12-19,1,F,6,valido,
11642,5713,5713022,4,2024-02-16,49,F,4,valido,
11643,5776,5776037,1,2024-04-03,170,F,6,valido,
11644,5705,5705082,4,2024-05-23,9,F,1,valido,
11645,5750,5750025,2,2024-04-28,28,F,5,valido,
11646,5754,5754010,1,2024-08-14,32,F,2,valido,
11647,5763,5763005,3,2024-07-05,194,F,1,valido,
11648,5715,5715041,2,2024-08-24,200,F,2,valido,
11649,5725,5725106,4,2024-10-21,112,F,2,valido,
11650,5713,5713033,4,2024-01-24,55,F,4,valido,
11651,5791,5791002,2,2024-07-04,146,F,3,valido,
11652,5754,5754018,3,2024-09-26,194,F,2,valido,
11653,5717,5717019,3,2024-09-12,124,F,1,valido,
11654,5754,5754024,2,2024-12-09,106,F,2,valido,
11655,5713,5713019,3,2024-05-21,33,F,4,valido,
11656,5713,5713016,4,2024-03-26,55,F,4,valido,
11657,5705,5705080,2,2024-03-06,102,F,1,valido,
11658,5725,5725051,2,2024-10-17,177,F,2,valido,
11659,5719,5719033,3,2024-05-21,102,F,6,valido,
11660,5795,5795001,2,2024-07-07,193,F,5,valido,
11661,5768,5768073,4,2024-02-13,18,F,2,valido,
11662,5725,5725113,4,2024-06-27,106,F,2,valido,
11663,5725,5725027,4,2024-11-16,22,F,2,valido,
11664,5713,5713043,1,2024-09-03,176,F,4,valido,
11665,5705,5705105,1,2024-09-11,20,F,1,valido,
11666,5776,5776038,4,2024-09-22,180,F,6,valido,
11667,5705,5705013,3,2024-09-10,73,F,1,valido,
11668,5715,5715122,3,2024-08-24,113,F,2,valido,
11669,5776,5776038,2,2024-03-24,185,F,6,valido,
11670,5768,5768087,2,2024-12-05,113,F,2,valido,
11671,5725,5725040,1,2024-03-19,191,F,2,valido,
11672,5750,5750002,3,2024-02-06,95,F,5,valido,
11673,5744,5744015,2,2024-07-07,44,F,4,valido,
11674,5770,5770015,1,2024-05-09,72,F,4,valido,
11675,5752,5752019,4,2024-09-26,12,F,6,valido,
11676,5797,5797001,1,2024-04-22,187,F,3,valido,
11677,5725,5725109,4,2024-02-28,188,F,2,valido,
11678,5725,5725032,2,2024-04-05,14,F,2,valido,
11679,5717,5717026,3,2024-08-12,142,F,1,valido,
11680,5715,5715089,1,2024-11-10,64,F,2,valido,
11681,5717,5717008,4,2024-08-20,39,F,1,valido,
11682,5725,5725085,3,2024-05-06,35,F,2,valido,
11683,5713,5713017,2,2024-02-11,148,F,4,valido,
11684,5725,5725007,2,2024-08-10,41,F,2,valido,
11685,5768,5768078,4,2024-05-05,194,F,2,valido,
11686,5776,5776036,3,2024-01-27,165,F,6,valido,
11687,5776,5776011,1,2024-04-13,156,F,6,valido,
11688,5786,5786011,1,2024-06-01,39,F,3,valido,
11689,5715,5715082,3,2024-02-20,183,F,2,valido,
11690,5752,5752020,3,2024-07-08,129,F,6,valido,
11691,5705,5705012,2,2024-06-02,172,F,1,valido,
11692,5768,5768002,3,2024-11-15,143,F,2,valido,
11693,5705,5705051,1,2024-02-19,17,F,1,valido,
11694,5719,5719042,2,2024-01-28,151,F,6,valido,
11695,5768,5768024,2,2024-06-25,77,F,2,valido,
11696,5708,5708023,3,2024-04-11,37,F,4,valido,
11697,5725,5725048,4,2024-05-16,168,F,2,valido,
11698,5705,5705019,3,2024-12-26,159,F,1,valido,
11699,5750,5750017,3,2024-10-09,50,F,5,valido,
11700,5715,5715030,2,2024-01-02,69,F,2,valido,
11701,5752,5752059,3,2024-08-20,17,F,6,valido,
11702,5705,5705118,2,2024-12-24,60,F,1,valido,
11703,5750,5750019,2,2024-04-10,171,F,5,valido,
11704,5705,5705008,2,2024-06-20,193,F,1,valido,
11705,5763,5763008,2,2024-03-25,120,F,1,valido,
11706,5717,5717001,4,2024-09-08,5,F,1,valido,
11707,5750,5750021,4,2024-07-02,154,F,5,valido,
11708,5776,5776011,4,2024-01-05,194,F,6,valido,
11709,5768,5768012,2,2024-05-10,182,F,2,valido,
11710,5776,5776018,2,2024-09-03,132,F,6,valido,
11711,5725,5725004,1,2024-11-12,175,F,2,valido,
11712,5752,5752036,2,2024-03-20,101,F,6,valido,
11713,5715,5715111,2,2024-01-23,4,F,2,valido,
11714,5723,5723007,2,2024-12-15,192,F,4,valido,
11715,5718,5718008,4,2024-11-12,98,F,3,valido,
11716,5705,5705081,4,2024-11-13,33,F,1,valido,
11717,5723,5723014,1,2024-03-07,79,F,4,valido,
11718,5725,5725046,3,2024-09-16,47,F,2,valido,
11719,5725,5725018,4,2024-07-25,28,F,2,valido,
11720,5752,5752022,1,2024-06-03,188,F,6,valido,
11721,5768,5768048,4,2024-09-20,150,F,2,valido,
11722,5768,5768006,4,2024-02-07,161,F,2,valido,
11723,5727,5727004,1,2024-02-04,72,F,6,valido,
11724,5768,5768021,2,2024-02-09,148,F,2,valido,
11725,5705,5705120,2,2024-12-07,66,F,1,valido,
11726,5750,5750019,1,2024-01-16,104,F,5,valido,
11727,5719,5719032,2,2024-12-15,122,F,6,valido,
11728,5725,5725098,2,2024-06-04,96,F,2,valido,
11729,5786,5786007,4,2024-07-28,46,F,3,valido,
11730,5725,5725070,4,2024-08-25,129,F,2,valido,
11731,5794,5794004,1,2024-01-13,11,F,5,valido,
11732,5727,5727002,4,2024-02-14,183,F,6,valido,
11733,5741,5741014,3,2024-01-23,130,F,3,valido,
11734,5705,5705108,4,2024-11-09,107,F,1,modificado,"E: id_producto 0 -> 4. Case rule: only NARANJITA is sold in Támesis, Antioquia."
11735,5719,5719003,3,2024-06-01,55,F,6,valido,
11736,5768,5768040,2,2024-03-04,79,F,2,valido,
11737,5705,5705038,3,2024-03-03,28,F,1,valido,
11738,5727,5727020,2,2024-01-04,59,F,6,valido,
11739,5717,5717026,3,2024-07-08,11,F,1,valido,
11740,5718,5718003,3,2024-10-13,106,F,3,valido,
11741,5776,5776036,1,2024-09-17,154,F,6,valido,
11742,5727,5727011,1,2024-08-07,139,F,6,valido,
11743,5752,5752046,3,2024-10-11,66,F,6,valido,
11744,5768,5768004,4,2024-12-18,87,F,2,valido,
11745,5705,5705086,1,2024-02-04,64,F,1,valido,
11746,5785,5785008,2,2024-11-19,175,F,5,valido,
11747,5725,5725095,2,2024-09-18,145,F,2,valido,
11748,5725,5725093,4,2024-06-11,175,F,2,valido,
11749,5719,5719026,4,2024-10-12,179,F,6,valido,
11750,5752,5752064,4,2024-06-11,118,F,6,valido,
11751,5723,5723009,4,2024-11-01,28,F,4,valido,
11752,5725,5725021,4,2024-05-01,137,F,2,valido,
11753,5715,5715037,3,2024-08-24,39,F,2,valido,
11754,5715,5715024,2,2024-03-01,62,F,2,valido,
11755,5725,5725024,1,2024-07-12,149,F,2,valido,
11756,5785,5785009,2,2024-07-24,59,F,5,valido,
11757,5768,5768062,1,2024-03-06,136,F,2,valido,
11758,5750,5750008,3,2024-02-11,193,F,5,valido,
11759,5785,5785012,3,2024-01-20,152,F,5,valido,
11760,5768,5768062,2,2024-09-13,142,F,2,valido,
11761,5744,5744010,4,2024-06-03,193,F,4,valido,
11762,5773,5773042,3,2024-06-27,36,F,3,valido,
11763,5705,5705061,3,2024-02-22,39,F,1,valido,
11764,5752,5752016,1,2024-05-04,87,F,6,valido,
11765,5705,5705090,4,2024-10-16,92,F,1,valido,
11766,5773,5773005,4,2024-02-14,86,F,3,valido,
11767,5717,5717013,3,2024-10-01,23,F,1,valido,
11768,5768,5768015,1,2024-06-12,177,F,2,valido,
11769,5725,5725091,2,2024-09-14,187,F,2,valido,
11770,5754,5754005,4,2024-10-03,63,F,2,valido,
11771,5705,5705106,4,2024-03-09,149,F,1,valido,
11772,5768,5768057,1,2024-07-14,134,F,2,valido,
11773,5705,5705039,3,2024-09-07,136,F,1,valido,
11774,5776,5776036,3,2024-01-06,65,F,6,valido,
11775,5725,5725040,4,2024-04-08,144,F,2,valido,
11776,5719,5719028,2,2024-08-26,34,F,6,valido,
11777,5715,5715016,3,2024-08-05,116,F,2,valido,
11778,5776,5776034,1,2024-06-28,180,F,6,valido,
11779,5715,5715108,2,2024-06-10,64,F,2,valido,
11780,5776,5776040,4,2024-10-18,126,F,6,valido,
11781,5768,5768062,2,2024-05-07,167,F,2,valido,
11782,5773,5773004,3,2024-10-01,160,F,3,valido,
11783,5705,5705050,2,2024-11-10,55,F,1,valido,
11784,5781,5781002,4,2024-03-12,128,F,5,valido,
11785,5715,5715017,4,2024-02-18,52,F,2,valido,
11786,5725,5725023,3,2024-10-13,58,F,2,valido,
11787,5768,5768033,1,2024-01-25,151,F,2,valido,
11788,5741,5741030,1,2024-06-17,40,F,3,valido,
11789,5776,5776028,2,2024-09-17,164,F,6,valido,
11790,5791,5791009,4,2024-09-09,6,F,3,valido,
11791,5773,5773039,2,2024-10-09,153,F,3,valido,
11792,5727,5727030,1,2024-04-08,160,F,6,valido,
11793,5705,5705038,4,2024-10-26,56,F,1,valido,
11794,5754,5754001,4,2024-12-13,109,F,2,valido,
11795,5747,5747019,4,2024-02-18,96,F,4,valido,
11796,5713,5713022,3,2024-08-10,191,F,4,valido,
11797,5708,5708022,2,2024-08-22,187,F,4,valido,
11798,5747,5747020,3,2024-07-11,180,F,4,valido,
11799,5768,5768084,2,2024-01-15,178,F,2,valido,
11800,5768,5768010,2,2024-03-06,171,F,2,valido,
11801,5725,5725055,2,2024-01-09,158,F,2,valido,
11802,5747,5747017,1,2024-09-02,65,F,4,valido,
11803,5768,5768079,2,2024-05-03,124,F,2,valido,
11804,5725,5725034,4,2024-02-27,140,F,2,valido,
11805,5741,5741020,4,2024-08-08,150,F,3,valido,
11806,5750,5750015,2,2024-12-22,145,F,5,valido,
11807,5713,5713006,4,2024-09-23,168,F,4,valido,
11808,5715,5715093,3,2024-04-17,154,F,2,valido,
11809,5776,5776025,3,2024-06-26,170,F,6,valido,
11810,5705,5705090,4,2024-03-19,83,F,1,valido,
11811,5715,5715034,1,2024-04-13,19,F,2,valido,
11812,5747,5747027,3,2024-05-28,143,F,4,valido,
11813,5705,5705079,1,2024-09-15,162,F,1,valido,
11814,5725,5725058,4,2024-04-26,9,F,2,valido,
11815,5720,5720002,4,2024-03-18,75,F,4,valido,
11816,5754,5754029,1,2024-10-17,25,F,2,valido,
11817,5725,5725097,4,2024-02-25,179,F,2,valido,
11818,5718,5718008,4,2024-08-11,36,F,3,valido,
11819,5715,5715034,4,2024-03-19,159,F,2,valido,
11820,5741,5741023,2,2024-08-15,132,F,3,valido,
11821,5752,5752056,1,2024-08-13,145,F,6,valido,
11822,5763,5763010,1,2024-05-26,159,F,1,valido,
11823,5750,5750011,2,2024-06-25,33,F,5,valido,
11824,5750,5750012,1,2024-06-05,168,F,5,valido,
11825,5725,5725017,1,2024-10-17,60,F,2,valido,
11826,5705,5705123,1,2024-11-12,83,F,1,valido,
11827,5718,5718005,2,2024-04-12,134,F,3,valido,
11828,5715,5715024,2,2024-03-13,96,F,2,valido,
11829,5727,5727018,1,2024-06-04,194,F,6,valido,
11830,5752,5752026,3,2024-08-23,100,F,6,valido,
11831,5708,5708001,1,2024-07-19,181,F,4,valido,
11832,5725,5725007,4,2024-06-05,119,F,2,valido,
11833,5715,5715011,1,2024-12-22,135,F,2,valido,
11834,5705,5705038,2,2024-10-20,131,F,1,valido,
11835,5719,5719018,2,2024-12-17,122,F,6,valido,
11836,5713,5713042,2,2024-02-15,72,F,4,valido,
11837,5705,5705105,4,2024-04-21,186,F,1,valido,
11838,5705,5705114,2,2024-01-05,186,F,1,valido,
11839,5752,5752050,4,2024-06-04,139,F,6,valido,
11840,5752,5752061,1,2024-09-26,42,F,6,valido,
11841,5725,5725015,1,2024-08-05,120,F,2,valido,
11842,5705,5705066,2,2024-11-19,169,F,1,valido,
11843,5773,5773034,2,2024-03-11,50,F,3,valido,
11844,5763,5763002,2,2024-12-18,15,F,1,valido,
11845,5750,5750007,2,2024-02-10,106,F,5,valido,
11846,5727,5727027,4,2024-06-28,38,F,6,valido,
11847,5773,5773013,1,2024-11-18,168,F,3,valido,
11848,5754,5754027,4,2024-03-08,44,F,2,valido,
11849,5705,5705043,4,2024-01-10,28,F,1,valido,
11850,5715,5715051,3,2024-09-24,84,F,2,valido,
11851,5705,5705058,4,2024-08-28,16,F,1,valido,
11852,5791,5791007,1,2024-08-21,97,F,3,valido,
11853,5786,5786008,2,2024-11-26,75,F,3,valido,
11854,5713,5713032,4,2024-01-20,132,F,4,valido,
11855,5747,5747005,2,2024-11-06,100,F,4,valido,
11856,5715,5715112,4,2024-01-09,99,F,2,valido,
11857,5717,5717003,1,2024-08-11,64,F,1,valido,
11858,5719,5719040,3,2024-11-16,37,F,6,valido,
11859,5719,5719016,4,2024-01-04,149,F,6,valido,
11860,5754,5754010,4,2024-03-14,69,F,2,valido,
11861,5718,5718012,3,2024-07-03,91,F,3,valido,
11862,5752,5752009,4,2024-04-21,120,F,6,valido,
11863,5705,5705115,1,2024-09-03,55,F,1,valido,
11864,5770,5770018,2,2024-03-02,98,F,4,valido,
11865,5752,5752008,2,2024-04-24,65,F,6,valido,
11866,5768,5768062,1,2024-04-24,3,F,2,valido,
11867,5725,5725070,3,2024-02-16,59,F,2,valido,
11868,5713,5713018,4,2024-04-08,66,F,4,valido,
11869,5719,5719032,1,2024-03-24,4,F,6,valido,
11870,5705,5705069,3,2024-02-18,54,F,1,valido,
11871,5725,5725028,1,2024-10-13,16,F,2,valido,
11872,5715,5715004,1,2024-05-24,148,F,2,valido,
11873,5791,5791002,4,2024-02-22,99,F,3,valido,
11874,5713,5713037,4,2024-05-19,11,F,4,valido,
11875,5750,5750022,3,2024-01-01,91,F,5,valido,
11876,5719,5719042,1,2024-07-26,187,F,6,valido,
11877,5719,5719037,4,2024-05-04,171,F,6,valido,
11878,5768,5768062,2,2024-07-13,9,F,2,valido,
11879,5723,5723016,3,2024-09-09,168,F,4,valido,
11880,5725,5725058,2,2024-08-13,27,F,2,valido,
11881,5705,5705077,2,2024-05-10,185,F,1,valido,
11882,5705,5705116,4,2024-01-22,63,F,1,valido,
11883,5727,5727025,4,2024-09-19,39,F,6,valido,
11884,5723,5723020,1,2024-11-13,127,F,4,valido,
11885,5768,5768080,2,2024-02-25,137,F,2,valido,
11886,5791,5791001,1,2024-06-09,139,F,3,valido,
11887,5754,5754022,3,2024-10-16,160,F,2,valido,
11888,5705,5705040,2,2024-06-28,33,F,1,valido,
11889,5750,5750002,4,2024-01-20,77,F,5,valido,
11890,5773,5773001,3,2024-11-16,126,F,3,valido,
11891,5720,5720022,2,2024-03-13,7,F,4,valido,
11892,5763,5763004,2,2024-05-05,23,F,1,valido,
11893,5713,5713030,2,2024-04-27,180,F,4,valido,
11894,5727,5727009,3,2024-08-08,30,F,6,valido,
11895,5705,5705101,1,2024-12-01,111,F,1,valido,
11896,5763,5763002,4,2024-09-24,63,F,1,valido,
11897,5752,5752005,2,2024-03-03,45,F,6,valido,
11898,5705,5705099,4,2024-12-05,78,F,1,valido,
11899,5715,5715087,4,2024-10-02,98,F,2,valido,
11900,5776,5776027,4,2024-08-01,166,F,6,valido,
11901,5705,5705125,4,2024-07-06,122,F,1,valido,
11902,5752,5752002,2,2024-06-21,69,F,6,valido,
11903,5773,5773033,4,2024-02-15,27,F,3,valido,
11904,5719,5719017,1,2024-11-24,120,F,6,valido,
11905,5705,5705073,4,2024-12-11,81,F,1,valido,
11906,5719,5719035,4,2024-01-06,53,F,6,valido,
11907,5715,5715104,2,2024-06-10,144,F,2,modificado,C: cantidad -144 -> 144. Remove the negative sign with abs().
11908,5725,5725054,3,2024-03-14,120,F,2,valido,
11909,5752,5752013,3,2024-02-17,145,F,6,valido,
11910,5768,5768059,1,2024-10-11,119,F,2,valido,
11911,5727,5727029,1,2024-09-01,124,F,6,valido,
11912,5725,5725050,3,2024-02-18,85,F,2,valido,
11913,5752,5752012,3,2024-06-16,133,F,6,valido,
11914,5715,5715079,1,2024-02-12,88,F,2,valido,
11915,5727,5727012,1,2024-01-04,74,F,6,valido,
11916,5705,5705001,4,2024-03-03,69,F,1,valido,
11917,5770,5770020,3,2024-05-16,155,F,4,valido,
11918,5752,5752044,3,2024-08-04,41,F,6,valido,
11919,5719,5719022,3,2024-06-05,195,F,6,valido,
11920,5713,5713036,1,2024-03-10,139,F,4,valido,
11921,5791,5791006,2,2024-01-17,200,F,3,valido,
11922,5715,5715081,3,2024-08-20,49,F,2,valido,
11923,5718,5718007,1,2024-02-24,164,F,3,valido,
11924,5705,5705071,4,2024-01-02,177,F,1,valido,
11925,5715,5715054,1,2024-12-04,189,F,2,valido,
11926,5715,5715118,1,2024-12-10,164,F,2,valido,
11927,5718,5718013,1,2024-02-16,120,F,3,valido,
11928,5770,5770008,2,2024-07-28,191,F,4,valido,
11929,5773,5773020,2,2024-12-02,99,F,3,valido,
11930,5776,5776020,2,2024-10-15,90,F,6,valido,
11931,5713,5713017,3,2024-09-24,159,F,4,valido,
11932,5705,5705084,4,2024-12-04,49,F,1,valido,
11933,5725,5725106,2,2024-05-18,102,F,2,valido,
11934,5719,5719007,1,2024-09-22,34,F,6,valido,
11935,5720,5720014,3,2024-02-14,138,F,4,valido,
11936,5752,5752057,1,2024-11-19,46,F,6,valido,
11937,5768,5768034,3,2024-09-28,28,F,2,valido,
11938,5750,5750029,4,2024-06-07,44,F,5,valido,
11939,5719,5719005,3,2024-03-24,157,F,6,valido,
11940,5715,5715004,3,2024-02-05,90,F,2,valido,
11941,5744,5744011,1,2024-02-26,45,F,4,valido,
11942,5725,5725058,3,2024-09-17,181,F,2,valido,
11943,5725,5725101,1,2024-07-20,190,F,2,valido,
11944,5744,5744009,1,2024-12-07,18,F,4,valido,
11945,5773,5773029,4,2024-04-13,177,F,3,valido,
11946,5715,5715035,2,2024-09-16,62,F,2,valido,
11947,5773,5773030,4,2024-06-26,103,F,3,valido,
11948,5715,5715118,2,2024-07-09,181,F,2,valido,
11949,5715,5715106,3,2024-03-14,159,F,2,valido,
11950,5768,5768038,2,2024-01-17,33,F,2,valido,
11951,5747,5747006,3,2024-07-13,150,F,4,valido,
11952,5776,5776034,4,2024-05-04,103,F,6,valido,
11953,5718,5718008,3,2024-02-06,8,F,3,valido,
11954,5770,5770020,2,2024-06-24,52,F,4,valido,
11955,5768,5768007,4,2024-11-21,121,F,2,valido,
11956,5754,5754035,1,2024-02-01,113,F,2,valido,
11957,5720,5720024,1,2024-04-09,79,F,4,valido,
11958,5713,5713011,2,2024-11-08,115,F,4,valido,
11959,5715,5715092,3,2024-11-14,14,F,2,valido,
11960,5725,5725092,2,2024-01-25,77,F,2,valido,
11961,5776,5776018,3,2024-05-13,198,F,6,valido,
11962,5720,5720015,1,2024-11-01,73,F,4,valido,
11963,5713,5713023,4,2024-03-28,71,F,4,valido,
11964,5715,5715065,3,2024-01-04,80,F,2,valido,
11965,5705,5705039,1,2024-11-09,51,F,1,valido,
11966,5776,5776018,2,2024-02-21,72,F,6,valido,
11967,5785,5785015,2,2024-03-14,145,F,5,valido,
11968,5744,5744010,2,2024-01-04,165,F,4,valido,
11969,5786,5786005,1,2024-03-14,178,F,3,valido,
11970,5708,5708009,1,2024-04-25,98,F,4,valido,
11971,5725,5725074,2,2024-09-08,39,F,2,valido,
11972,5705,5705023,2,2024-08-05,159,F,1,valido,
11973,5705,5705020,4,2024-09-04,31,F,1,valido,
11974,5708,5708003,2,2024-10-26,187,F,4,valido,
11975,5715,5715044,2,2024-11-25,66,F,2,valido,
11976,5723,5723009,4,2024-03-24,78,F,4,valido,
11977,5713,5713036,4,2024-07-25,78,F,4,valido,
11978,5725,5725007,2,2024-03-23,103,F,2,valido,
11979,5715,5715116,4,2024-04-26,24,F,2,valido,
11980,5763,5763006,3,2024-12-16,12,F,1,valido,
11981,5715,5715059,1,2024-02-11,143,F,2,valido,
11982,5715,5715081,2,2024-09-15,59,F,2,valido,
11983,5715,5715058,1,2024-11-28,155,F,2,valido,
11984,5705,5705041,1,2024-11-08,143,F,1,valido,
11985,5776,5776017,4,2024-01-01,99,F,6,valido,
11986,5727,5727026,2,2024-06-25,152,F,6,valido,
11987,5708,5708013,1,2024-10-20,172,F,4,valido,
11988,5754,5754040,3,2024-07-12,69,F,2,valido,
11989,5705,5705009,4,2024-05-05,190,F,1,valido,
11990,5752,5752051,4,2024-09-20,137,F,6,valido,
11991,5720,5720019,4,2024-07-13,55,F,4,valido,
11992,5741,5741008,3,2024-12-11,92,F,3,valido,
11993,5713,5713037,2,2024-12-04,153,F,4,valido,
11994,5776,5776013,2,2024-09-20,161,F,6,valido,
11995,5725,5725115,2,2024-04-16,117,F,2,valido,
11996,5768,5768074,2,2024-05-22,74,F,2,valido,
11997,5747,5747029,4,2024-12-24,77,F,4,valido,
11998,5715,5715109,3,2024-04-26,158,F,2,valido,
11999,5705,5705103,2,2024-06-14,152,F,1,valido,
12000,5776,5776036,3,2024-10-25,1,F,6,valido,
12001,5720,5720021,4,2024-02-12,126,F,4,valido,
12002,5705,5705001,1,2024-09-17,117,F,1,valido,
12003,5725,5725109,1,2024-01-28,81,F,2,valido,
12004,5768,5768076,1,2024-03-16,27,F,2,valido,
12005,5747,5747025,2,2024-03-15,155,F,4,valido,
12006,5719,5719009,1,2024-05-07,157,F,6,valido,
12007,5752,5752041,4,2024-10-26,110,F,6,valido,
12008,5747,5747024,1,2024-08-11,75,F,4,valido,
12009,5750,5750019,4,2024-07-20,80,F,5,valido,
12010,5719,5719035,2,2024-03-08,16,F,6,valido,
12011,5768,5768047,2,2024-05-04,99,F,2,valido,
12012,5786,5786009,3,2024-02-17,82,F,3,valido,
12013,5705,5705082,2,2024-12-03,162,F,1,valido,
12014,5776,5776029,3,2024-06-04,141,F,6,valido,
12015,5752,5752063,1,2024-05-28,73,F,6,valido,
12016,5725,5725059,2,2024-04-22,185,F,2,valido,
12017,5725,5725065,4,2024-12-12,4,F,2,valido,
12018,5705,5705061,3,2024-04-03,117,F,1,valido,
12019,5768,5768011,4,2024-07-20,193,F,2,valido,
12020,5725,5725109,1,2024-02-09,83,F,2,valido,
12021,5717,5717027,1,2024-02-04,89,F,1,valido,
12022,5725,5725108,3,2024-11-02,192,F,2,valido,
12023,5747,5747002,2,2024-04-04,154,F,4,valido,
12024,5752,5752019,4,2024-03-07,86,F,6,valido,
12025,5725,5725066,2,2024-01-18,49,F,2,valido,
12026,5754,5754039,3,2024-09-10,193,F,2,valido,
12027,5705,5705078,3,2024-07-21,107,F,1,valido,
12028,5725,5725014,4,2024-11-18,123,F,2,valido,
12029,5752,5752030,1,2024-02-02,94,F,6,valido,
12030,5717,5717013,3,2024-02-01,95,F,1,valido,
12031,5741,5741012,4,2024-08-11,168,F,3,valido,
12032,5752,5752017,4,2024-04-17,185,F,6,valido,
12033,5725,5725083,2,2024-08-27,56,F,2,valido,
12034,5770,5770010,4,2024-05-18,186,F,4,valido,
12035,5725,5725107,1,2024-03-04,72,F,2,valido,
12036,5750,5750023,1,2024-09-16,39,F,5,valido,
12037,5768,5768065,3,2024-09-16,90,F,2,valido,
12038,5725,5725037,3,2024-06-24,5,F,2,valido,
12039,5752,5752064,4,2024-01-28,175,F,6,valido,
12040,5715,5715095,1,2024-06-11,94,F,2,valido,
12041,5768,5768019,2,2024-10-16,9,F,2,valido,
12042,5768,5768058,4,2024-06-22,196,F,2,valido,
12043,5747,5747010,3,2024-04-11,37,F,4,valido,
12044,5752,5752029,3,2024-08-07,97,F,6,valido,
12045,5768,5768025,3,2024-08-15,79,F,2,valido,
12046,5713,5713004,2,2024-12-26,168,F,4,valido,
12047,5752,5752063,2,2024-01-14,98,F,6,valido,
12048,5725,5725053,4,2024-09-23,189,F,2,valido,
12049,5768,5768018,4,2024-11-11,186,F,2,valido,
12050,5705,5705121,4,2024-01-01,163,F,1,valido,
12051,5786,5786013,4,2024-03-12,194,F,3,valido,
12052,5705,5705095,1,2024-04-13,133,F,1,valido,
12053,5719,5719013,1,2024-01-12,43,F,6,valido,
12054,5725,5725029,1,2024-05-03,11,F,2,valido,
12055,5715,5715063,2,2024-08-12,54,F,2,valido,
12056,5725,5725081,4,2024-05-09,103,F,2,valido,
12057,5763,5763001,1,2024-02-07,168,F,1,valido,
12058,5754,5754011,1,2024-05-05,137,F,2,valido,
12059,5720,5720020,3,2024-06-07,99,F,4,valido,
12060,5705,5705054,1,2024-12-10,196,F,1,valido,
12061,5705,5705016,4,2024-10-01,190,F,1,valido,
12062,5744,5744009,1,2024-09-01,96,F,4,valido,
12063,5747,5747010,1,2024-01-23,88,F,4,valido,
12064,5725,5725028,1,2024-06-01,49,F,2,valido,
12065,5773,5773035,2,2024-01-11,39,F,3,valido,
12066,5725,5725057,1,2024-12-25,38,F,2,valido,
12067,5725,5725014,4,2024-07-10,80,F,2,valido,
12068,5705,5705111,4,2024-04-19,20,F,1,valido,
12069,5705,5705053,2,2024-01-06,5,F,1,valido,
12070,5725,5725072,1,2024-04-18,180,F,2,valido,
12071,5713,5713010,4,2024-01-25,98,F,4,valido,
12072,5785,5785013,2,2024-04-05,92,F,5,valido,
12073,5705,5705004,1,2024-08-04,104,F,1,valido,
12074,5725,5725091,1,2024-03-11,14,F,2,valido,
12075,5741,5741014,1,2024-05-06,98,F,3,valido,
12076,5715,5715013,3,2024-03-08,172,F,2,valido,
12077,5705,5705119,1,2024-06-26,188,F,1,valido,
12078,5776,5776008,4,2024-09-17,71,F,6,valido,
12079,5715,5715047,3,2024-02-20,32,F,2,valido,
12080,5713,5713002,2,2024-09-12,3,F,4,valido,
12081,5723,5723005,4,2024-05-26,41,F,4,valido,
12082,5715,5715096,3,2024-12-08,117,F,2,valido,
12083,5763,5763011,2,2024-02-24,15,F,1,valido,
12084,5768,5768026,3,2024-04-08,172,F,2,valido,
12085,5786,5786012,4,2024-11-19,99,F,3,valido,
12086,5715,5715047,3,2024-01-16,25,F,2,valido,
12087,5725,5725100,4,2024-11-06,116,F,2,valido,
12088,5718,5718007,4,2024-09-06,29,F,3,valido,
12089,5715,5715068,4,2024-09-23,117,F,2,valido,
12090,5747,5747029,1,2024-01-17,76,F,4,valido,
12091,5744,5744007,3,2024-03-19,152,F,4,valido,
12092,5705,5705008,3,2024-11-18,72,F,1,valido,
12093,5705,5705001,4,2024-08-17,115,F,1,valido,
12094,5752,5752044,1,2024-01-05,137,F,6,valido,
12095,5773,5773045,2,2024-06-21,158,F,3,valido,
12096,5766,5766003,4,2024-06-08,26,F,1,valido,
12097,5741,5741035,1,2024-11-28,172,F,3,valido,
12098,5773,5773012,4,2024-05-01,80,F,3,valido,
12099,5752,5752001,4,2024-02-06,37,F,6,valido,
12100,5768,5768077,1,2024-01-04,143,F,2,valido,
12101,5715,5715102,1,2024-07-27,29,F,2,valido,
12102,5725,5725090,4,2024-02-08,156,F,2,valido,
12103,5752,5752045,2,2024-01-24,44,F,6,valido,
12104,5719,5719017,4,2024-08-10,44,F,6,valido,
12105,5719,5719037,1,2024-04-24,108,F,6,valido,
12106,5768,5768062,4,2024-09-07,187,F,2,valido,
12107,5773,5773017,1,2024-01-10,110,F,3,valido,
12108,5752,5752027,2,2024-04-24,72,F,6,valido,
12109,5786,5786005,1,2024-08-21,53,F,3,valido,
12110,5752,5752012,2,2024-07-17,82,F,6,modificado,A: fecha 024-07-17 -> 2024-07-17. Normalization by format and calendar. Year 2024 based on complete dataset dates.
12111,5713,5713005,1,2024-12-27,95,F,4,valido,
12112,5713,5713035,2,2024-12-01,49,F,4,valido,
12113,5795,5795004,4,2024-01-17,47,F,5,valido,
12114,5705,5705116,3,2024-06-04,117,F,1,valido,
12115,5713,5713009,3,2024-10-25,176,F,4,valido,
12116,5725,5725051,3,2024-03-27,43,F,2,valido,
12117,5723,5723015,2,2024-12-22,125,F,4,valido,
12118,5785,5785013,4,2024-02-15,197,F,5,valido,
12119,5773,5773016,3,2024-04-15,72,F,3,valido,
12120,5723,5723021,1,2024-06-05,164,F,4,valido,
12121,5713,5713023,1,2024-07-28,108,F,4,valido,
12122,5768,5768064,3,2024-11-04,74,F,2,valido,
12123,5727,5727005,3,2024-11-08,110,F,6,valido,
12124,5768,5768009,4,2024-02-12,173,F,2,valido,
12125,5770,5770014,2,2024-05-18,62,F,4,valido,
12126,5741,5741008,1,2024-06-12,86,F,3,valido,
12127,5725,5725024,1,2024-12-26,149,F,2,valido,
12128,5705,5705040,2,2024-10-04,99,F,1,valido,
12129,5741,5741004,2,2024-07-14,88,F,3,valido,
12130,5741,5741020,4,2024-09-16,187,F,3,valido,
12131,5754,5754015,2,2024-08-18,52,F,2,valido,
12132,5768,5768041,4,2024-10-14,136,F,2,valido,
12133,5715,5715023,1,2024-04-10,51,F,2,valido,
12134,5708,5708019,1,2024-12-08,194,F,4,valido,
12135,5725,5725049,4,2024-10-24,131,F,2,valido,
12136,5768,5768078,4,2024-05-24,112,F,2,valido,
12137,5715,5715090,4,2024-08-28,111,F,2,valido,
12138,5717,5717013,2,2024-01-05,165,F,1,valido,
12139,5723,5723008,1,2024-06-11,95,F,4,valido,
12140,5750,5750017,1,2024-06-12,6,F,5,valido,
12141,5768,5768016,4,2024-07-01,102,F,2,valido,
12142,5754,5754029,1,2024-11-14,9,F,2,valido,
12143,5768,5768059,1,2024-08-26,32,F,2,valido,
12144,5705,5705018,2,2024-01-21,62,F,1,valido,
12145,5750,5750010,1,2024-08-15,32,F,5,valido,
12146,5715,5715022,1,2024-08-06,75,F,2,valido,
12147,5768,5768063,2,2024-09-12,96,F,2,valido,
12148,5705,5705104,2,2024-02-20,130,F,1,valido,
12149,5708,5708002,3,2024-05-22,22,F,4,valido,
12150,5770,5770020,1,2024-05-09,152,F,4,valido,
12151,5766,5766006,3,2024-08-22,171,F,1,valido,
12152,5747,5747014,1,2024-05-15,54,F,4,valido,
12153,5791,5791001,4,2024-05-13,13,F,3,valido,
12154,5741,5741015,4,2024-06-25,154,F,3,valido,
12155,5725,5725094,2,2024-05-10,29,F,2,valido,
12156,5754,5754013,2,2024-09-28,59,F,2,valido,
12157,5715,5715112,4,2024-01-06,10,F,2,valido,
12158,5717,5717019,4,2024-02-17,9,F,1,valido,
12159,5773,5773014,2,2024-06-15,182,F,3,valido,
12160,5752,5752002,3,2024-10-08,16,F,6,valido,
12161,5785,5785001,2,2024-02-20,171,F,5,valido,
12162,5799,5799004,2,2024-01-05,111,F,5,valido,
12163,5750,5750015,3,2024-01-28,64,F,5,valido,
12164,5794,5794008,4,2024-11-25,135,F,5,valido,
12165,5768,5768011,2,2024-07-04,159,F,2,valido,
12166,5752,5752013,4,2024-02-26,186,F,6,valido,
12167,5752,5752011,1,2024-04-18,107,F,6,valido,
12168,5785,5785015,1,2024-12-08,77,F,5,valido,
12169,5717,5717011,2,2024-05-14,101,F,1,valido,
12170,5705,5705107,1,2024-06-04,199,F,1,valido,
12171,5705,5705030,4,2024-02-04,138,F,1,valido,
12172,5766,5766009,2,2024-05-03,39,F,1,valido,
12173,5715,5715047,4,2024-11-17,117,F,2,valido,
12174,5705,5705118,2,2024-07-01,111,F,1,valido,
12175,5768,5768042,1,2024-07-11,195,F,2,valido,
12176,5715,5715013,1,2024-05-13,122,F,2,valido,
12177,5747,5747030,3,2024-11-07,108,F,4,valido,
12178,5705,5705052,1,2024-07-21,194,F,1,valido,
12179,5785,5785008,4,2024-02-15,184,F,5,valido,
12180,5768,5768055,3,2024-12-09,181,F,2,valido,
12181,5752,5752002,3,2024-08-26,141,F,6,valido,
12182,5723,5723015,4,2024-01-23,43,F,4,valido,
12183,5768,5768016,3,2024-02-09,100,F,2,valido,
12184,5715,5715024,4,2024-11-06,185,F,2,valido,
12185,5752,5752057,2,2024-02-02,35,F,6,valido,
12186,5717,5717025,4,2024-03-04,118,F,1,valido,
12187,5723,5723002,4,2024-01-01,82,F,4,valido,
12188,5715,5715120,2,2024-05-15,199,F,2,modificado,D: id_departamento 0 -> 5715. Department obtained from the municipality catalog.
12189,5763,5763005,4,2024-12-19,3,F,1,valido,
12190,5725,5725037,4,2024-04-12,97,F,2,valido,
12191,5725,5725037,4,2024-08-27,12,F,2,valido,
12192,5718,5718008,2,2024-06-07,94,F,3,valido,
12193,5715,5715123,1,2024-07-04,4,F,2,valido,
12194,5768,5768022,1,2024-02-03,179,F,2,valido,
12195,5752,5752052,1,2024-06-14,196,F,6,valido,
12196,5708,5708007,4,2024-08-06,22,F,4,valido,
12197,5715,5715102,4,2024-11-12,107,F,2,valido,
12198,5720,5720023,2,2024-01-06,144,F,4,valido,
12199,5705,5705024,1,2024-05-24,16,F,1,valido,
12200,5750,5750006,3,2024-02-18,35,F,5,valido,
12201,5768,5768013,1,2024-07-16,63,F,2,valido,
12202,5715,5715120,4,2024-11-17,95,F,2,valido,
12203,5717,5717017,3,2024-01-10,91,F,1,valido,
12204,5773,5773033,1,2024-12-01,75,F,3,valido,
12205,5705,5705068,2,2024-02-11,159,F,1,valido,
12206,5768,5768010,3,2024-12-13,195,F,2,valido,
12207,5715,5715097,4,2024-10-23,177,F,2,valido,
12208,5715,5715034,3,2024-02-18,174,F,2,valido,
12209,5715,5715100,1,2024-05-13,2,F,2,valido,
12210,5752,5752028,2,2024-12-12,142,F,6,valido,
12211,5773,5773020,2,2024-07-12,115,F,3,valido,
12212,5705,5705116,4,2024-06-27,165,F,1,valido,
12213,5741,5741032,1,2024-03-26,45,F,3,valido,
12214,5705,5705087,1,2024-05-27,171,F,1,valido,
12215,5744,5744007,2,2024-01-25,109,F,4,valido,
12216,5723,5723014,1,2024-11-28,9,F,4,valido,
12217,5725,5725097,4,2024-04-27,131,F,2,valido,
12218,5715,5715093,4,2024-02-27,138,F,2,valido,
12219,5705,5705032,1,2024-11-06,188,F,1,valido,
12220,5705,5705084,4,2024-03-11,155,F,1,valido,
12221,5720,5720004,4,2024-04-09,146,F,4,valido,
12222,5768,5768006,3,2024-02-22,183,F,2,valido,
12223,5725,5725043,2,2024-01-09,184,F,2,valido,
12224,5750,5750029,4,2024-12-26,116,F,5,valido,
12225,5725,5725105,1,2024-10-05,106,F,2,valido,
12226,5752,5752031,1,2024-07-07,25,F,6,valido,
12227,5725,5725086,3,2024-10-14,33,F,2,valido,
12228,5768,5768020,1,2024-04-15,172,F,2,valido,
12229,5752,5752030,2,2024-07-23,70,F,6,valido,
12230,5776,5776002,2,2024-08-18,185,F,6,valido,
12231,5768,5768060,1,2024-05-12,64,F,2,valido,
12232,5754,5754039,3,2024-11-06,39,F,2,valido,
12233,5725,5725052,3,2024-05-02,99,F,2,valido,
12234,5715,5715041,3,2024-09-05,79,F,2,valido,
12235,5725,5725051,3,2024-04-20,18,F,2,valido,
12236,5791,5791010,1,2024-11-28,172,F,3,valido,
12237,5715,5715047,4,2024-04-11,137,F,2,valido,
12238,5715,5715023,4,2024-06-08,129,F,2,valido,
12239,5720,5720017,3,2024-05-03,96,F,4,valido,
12240,5708,5708023,3,2024-06-10,32,F,4,valido,
12241,5715,5715104,3,2024-12-21,180,F,2,valido,
12242,5708,5708003,2,2024-05-17,133,F,4,valido,
12243,5752,5752045,1,2024-05-12,39,F,6,valido,
12244,5763,5763007,2,2024-07-14,8,F,1,valido,
12245,5785,5785013,1,2024-10-27,146,F,5,valido,
12246,5705,5705025,2,2024-02-15,158,F,1,valido,
12247,5754,5754035,4,2024-01-26,27,F,2,valido,
12248,5768,5768068,3,2024-01-27,105,F,2,valido,
12249,5705,5705096,3,2024-12-25,193,F,1,valido,
12250,5725,5725043,1,2024-10-16,53,F,2,valido,
12251,5727,5727029,1,2024-05-11,81,F,6,valido,
12252,5776,5776015,3,2024-01-07,20,F,6,valido,
12253,5725,5725041,2,2024-08-17,49,F,2,valido,
12254,5705,5705118,1,2024-09-16,74,F,1,valido,
12255,5718,5718003,3,2024-04-14,57,F,3,valido,
12256,5752,5752028,3,2024-01-21,19,F,6,valido,
12257,5773,5773040,4,2024-09-12,20,F,3,valido,
12258,5705,5705072,3,2024-09-12,108,F,1,valido,
12259,5727,5727018,1,2024-12-02,31,F,6,valido,
12260,5715,5715037,2,2024-12-06,98,F,2,valido,
12261,5768,5768074,2,2024-09-11,102,F,2,valido,
12262,5741,5741001,2,2024-06-21,30,F,3,valido,
12263,5705,5705122,1,2024-02-09,183,F,1,valido,
12264,5768,5768037,3,2024-04-02,185,F,2,valido,
12265,5715,5715049,2,2024-03-20,93,F,2,valido,
12266,5715,5715107,3,2024-05-25,104,F,2,valido,
12267,5750,5750008,1,2024-03-25,140,F,5,valido,
12268,5705,5705012,4,2024-11-09,194,F,1,valido,
12269,5719,5719002,3,2024-03-09,24,F,6,valido,
12270,5715,5715122,2,2024-05-03,51,F,2,valido,
12271,5717,5717022,3,2024-11-25,115,F,1,valido,
12272,5752,5752052,2,2024-01-12,63,F,6,valido,
12273,5773,5773019,4,2024-08-04,61,F,3,valido,
12274,5713,5713017,4,2024-04-03,10,F,4,valido,
12275,5720,5720022,1,2024-02-02,57,F,4,valido,
12276,5715,5715056,2,2024-08-24,137,F,2,valido,
12277,5727,5727017,2,2024-03-18,27,F,6,valido,
12278,5754,5754037,1,2024-03-03,136,F,2,valido,
12279,5715,5715116,4,2024-05-20,116,F,2,valido,
12280,5717,5717008,2,2024-05-12,65,F,1,valido,
12281,5705,5705080,1,2024-05-22,183,F,1,valido,
12282,5752,5752038,2,2024-04-16,15,F,6,valido,
12283,5708,5708021,4,2024-05-18,178,F,4,valido,
12284,5717,5717008,2,2024-12-02,97,F,1,valido,
12285,5725,5725098,3,2024-11-01,185,F,2,valido,
12286,5725,5725069,1,2024-10-03,19,F,2,valido,
12287,5741,5741031,1,2024-12-13,61,F,3,valido,
12288,5719,5719036,2,2024-09-06,181,F,6,valido,
12289,5705,5705114,1,2024-01-28,81,F,1,valido,
12290,5773,5773033,3,2024-11-19,194,F,3,valido,
12291,5705,5705022,4,2024-12-10,111,F,1,valido,
12292,5725,5725070,3,2024-05-10,136,F,2,valido,
12293,5725,5725062,3,2024-01-19,16,F,2,valido,
12294,5715,5715072,2,2024-07-27,127,F,2,valido,
12295,5786,5786004,3,2024-01-11,125,F,3,valido,
12296,5717,5717027,2,2024-09-19,42,F,1,valido,
12297,5715,5715021,1,2024-11-14,88,F,2,valido,
12298,5705,5705102,4,2024-12-09,129,F,1,valido,
12299,5715,5715004,3,2024-06-03,57,F,2,valido,
12300,5727,5727019,4,2024-10-15,84,F,6,valido,
12301,5705,5705075,1,2024-08-23,162,F,1,valido,
12302,5754,5754003,2,2024-01-15,26,F,2,valido,
12303,5752,5752036,2,2024-04-08,148,F,6,valido,
12304,5719,5719009,2,2024-07-05,165,F,6,valido,
12305,5741,5741032,3,2024-10-05,147,F,3,valido,
12306,5727,5727004,3,2024-06-11,163,F,6,valido,
12307,5715,5715009,1,2024-05-04,125,F,2,valido,
12308,5747,5747013,2,2024-05-25,130,F,4,valido,
12309,5752,5752028,4,2024-01-19,94,F,6,valido,
12310,5763,5763006,1,2024-12-20,23,F,1,valido,
12311,5768,5768073,2,2024-10-05,1,F,2,valido,
12312,5750,5750011,3,2024-01-05,167,F,5,valido,
12313,5705,5705030,2,2024-10-04,33,F,1,valido,
12314,5741,5741034,4,2024-08-04,27,F,3,valido,
12315,5741,5741014,2,2024-01-05,184,F,3,valido,
12316,5768,5768021,4,2024-01-15,93,F,2,valido,
12317,5713,5713025,2,2024-06-19,154,F,4,valido,
12318,5754,5754008,2,2024-04-20,85,F,2,valido,
12319,5776,5776023,3,2024-04-28,167,F,6,valido,
12320,5794,5794006,2,2024-04-25,114,F,5,valido,
12321,5727,5727020,1,2024-11-01,130,F,6,valido,
12322,5750,5750023,3,2024-11-06,170,F,5,valido,
12323,5715,5715088,2,2024-12-11,155,F,2,valido,
12324,5741,5741007,2,2024-06-09,72,F,3,valido,
12325,5786,5786001,3,2024-07-22,156,F,3,valido,
12326,5705,5705124,1,2024-02-05,137,F,1,valido,
12327,5705,5705091,3,2024-01-16,130,F,1,valido,
12328,5719,5719009,2,2024-04-01,90,F,6,valido,
12329,5705,5705100,1,2024-02-23,174,F,1,valido,
12330,5747,5747027,4,2024-02-04,121,F,4,valido,
12331,5750,5750021,1,2024-03-12,199,F,5,valido,
12332,5750,5750025,1,2024-03-04,177,F,5,valido,
12333,5744,5744011,4,2024-01-23,69,F,4,valido,
12334,5715,5715114,2,2024-04-06,50,F,2,valido,
12335,5705,5705118,3,2024-06-07,121,F,1,valido,
12336,5768,5768045,2,2024-08-26,95,F,2,valido,
12337,5705,5705105,3,2024-03-08,192,F,1,valido,
12338,5718,5718014,4,2024-08-15,131,F,3,valido,
12339,5747,5747004,4,2024-05-25,13,F,4,valido,
12340,5754,5754032,2,2024-04-27,61,F,2,valido,
12341,5715,5715088,4,2024-09-06,131,F,2,valido,
12342,5752,5752042,2,2024-06-26,25,F,6,valido,
12343,5725,5725084,1,2024-02-13,62,F,2,valido,
12344,5725,5725038,4,2024-08-16,64,F,2,valido,
12345,5717,5717021,1,2024-03-27,16,F,1,valido,
12346,5763,5763012,3,2024-08-09,72,F,1,valido,
12347,5766,5766005,3,2024-08-15,149,F,1,valido,
12348,5713,5713025,4,2024-05-19,178,F,4,valido,
12349,5752,5752013,3,2024-12-26,199,F,6,valido,
12350,5727,5727002,2,2024-09-04,147,F,6,valido,
12351,5776,5776023,1,2024-05-04,72,F,6,valido,
12352,5725,5725089,4,2024-06-13,24,F,2,valido,
12353,5773,5773031,2,2024-12-09,41,F,3,valido,
12354,5717,5717008,3,2024-12-25,135,F,1,valido,
12355,5705,5705026,2,2024-02-19,25,F,1,valido,
12356,5768,5768018,2,2024-09-09,47,F,2,valido,
12357,5752,5752014,2,2024-07-21,192,F,6,valido,
12358,5763,5763007,1,2024-04-16,192,F,1,valido,
12359,5768,5768048,2,2024-03-06,35,F,2,valido,
12360,5768,5768042,2,2024-09-07,84,F,2,valido,
12361,5768,5768025,1,2024-01-23,3,F,2,valido,
12362,5713,5713018,1,2024-06-09,92,F,4,valido,
12363,5752,5752057,1,2024-08-11,139,F,6,valido,
12364,5718,5718005,3,2024-02-17,140,F,3,valido,
12365,5773,5773047,4,2024-06-10,94,F,3,valido,
12366,5773,5773013,2,2024-10-10,22,F,3,valido,
12367,5752,5752039,2,2024-06-26,197,F,6,valido,
12368,5719,5719021,3,2024-04-02,126,F,6,valido,
12369,5725,5725094,3,2024-04-12,90,F,2,valido,
12370,5776,5776012,1,2024-07-16,87,F,6,valido,
12371,5725,5725031,1,2024-04-27,126,F,2,valido,
12372,5717,5717016,1,2024-11-16,190,F,1,valido,
12373,5752,5752038,2,2024-05-28,116,F,6,valido,
12374,5725,5725085,1,2024-10-07,138,F,2,valido,
12375,5741,5741022,4,2024-06-07,136,F,3,valido,
12376,5705,5705071,3,2024-02-04,161,F,1,valido,
12377,5715,5715083,3,2024-12-05,78,F,2,valido,
12378,5752,5752021,1,2024-01-09,139,F,6,valido,
12379,5720,5720003,2,2024-04-23,65,F,4,valido,
12380,5768,5768048,4,2024-08-26,197,F,2,valido,
12381,5770,5770011,2,2024-06-06,7,F,4,valido,
12382,5747,5747022,4,2024-02-11,113,F,4,valido,
12383,5708,5708011,4,2024-12-19,92,F,4,valido,
12384,5705,5705053,1,2024-03-03,56,F,1,valido,
12385,5752,5752008,3,2024-07-28,165,F,6,valido,
12386,5705,5705111,3,2024-10-25,35,F,1,valido,
12387,5715,5715106,1,2024-09-06,87,F,2,valido,
12388,5785,5785003,1,2024-09-04,3,F,5,valido,
12389,5720,5720023,2,2024-01-05,4,F,4,valido,
12390,5715,5715056,3,2024-12-08,23,F,2,valido,
12391,5715,5715047,3,2024-06-27,181,F,2,valido,
12392,5776,5776033,4,2024-01-23,115,F,6,valido,
12393,5794,5794003,4,2024-11-13,41,F,5,valido,
12394,5766,5766003,3,2024-04-21,43,F,1,valido,
12395,5705,5705041,1,2024-11-27,10,F,1,valido,
12396,5715,5715113,1,2024-11-03,27,F,2,valido,
12397,5750,5750014,3,2024-11-03,176,F,5,valido,
12398,5705,5705121,2,2024-11-16,177,F,1,valido,
12399,5705,5705039,2,2024-10-28,120,F,1,valido,
12400,5708,5708001,2,2024-11-19,35,F,4,valido,
12401,5752,5752027,1,2024-01-06,153,F,6,valido,
12402,5725,5725077,3,2024-06-26,31,F,2,valido,
12403,5705,5705066,1,2024-08-17,30,F,1,valido,
12404,5768,5768071,3,2024-02-24,29,F,2,valido,
12405,5754,5754013,4,2024-01-11,23,F,2,valido,
12406,5776,5776030,2,2024-06-06,200,F,6,valido,
12407,5770,5770014,3,2024-07-26,181,F,4,valido,
12408,5752,5752059,4,2024-08-20,158,F,6,valido,
12409,5770,5770016,4,2024-09-20,7,F,4,valido,
12410,5768,5768033,2,2024-06-07,130,F,2,valido,
12411,5705,5705112,1,2024-08-09,11,F,1,valido,
12412,5715,5715072,4,2024-10-12,92,F,2,valido,
12413,5768,5768085,4,2024-09-22,87,F,2,valido,
12414,5717,5717023,4,2024-12-16,54,F,1,valido,
12415,5715,5715044,3,2024-12-04,25,F,2,valido,
12416,5727,5727015,2,2024-11-21,131,F,6,valido,
12417,5791,5791001,2,2024-10-02,111,F,3,valido,
12418,5725,5725095,2,2024-01-07,131,F,2,valido,
12419,5727,5727029,4,2024-12-10,129,F,6,valido,
12420,5725,5725014,3,2024-08-17,172,F,2,valido,
12421,5744,5744006,1,2024-02-28,102,F,4,valido,
12422,5723,5723004,3,2024-11-27,138,F,4,valido,
12423,5773,5773036,2,2024-06-24,77,F,3,valido,
12424,5747,5747017,2,2024-04-22,180,F,4,valido,
12425,5715,5715109,3,2024-05-13,160,F,2,valido,
12426,5750,5750010,3,2024-01-10,88,F,5,valido,
12427,5747,5747006,3,2024-05-12,102,F,4,valido,
12428,5747,5747023,2,2024-08-25,21,F,4,valido,
12429,5705,5705006,2,2024-01-12,80,F,1,valido,
12430,5768,5768044,4,2024-10-16,138,F,2,valido,
12431,5768,5768050,2,2024-08-14,189,F,2,valido,
12432,5725,5725080,3,2024-02-04,123,F,2,valido,
12433,5705,5705111,3,2024-09-23,192,F,1,valido,
12434,5768,5768051,1,2024-03-11,9,F,2,valido,
12435,5720,5720024,1,2024-08-20,31,F,4,valido,
12436,5773,5773045,3,2024-04-27,153,F,3,valido,
12437,5705,5705105,2,2024-03-10,65,F,1,valido,
12438,5713,5713029,4,2024-05-26,117,F,4,valido,
12439,5715,5715027,1,2024-09-06,28,F,2,valido,
12440,5715,5715098,1,2024-10-05,181,F,2,valido,
12441,5794,5794004,3,2024-06-20,133,F,5,valido,
12442,5705,5705090,3,2024-10-13,62,F,1,valido,
12443,5773,5773028,3,2024-02-13,1,F,3,valido,
12444,5705,5705034,3,2024-03-16,58,F,1,valido,
12445,5768,5768052,3,2024-08-11,149,F,2,valido,
12446,5725,5725077,2,2024-01-01,165,F,2,valido,
12447,5715,5715122,4,2024-10-02,4,F,2,valido,
12448,5763,5763009,3,2024-03-04,47,F,1,valido,
12449,5717,5717012,4,2024-10-11,130,F,1,valido,
12450,5770,5770026,3,2024-06-25,193,F,4,valido,
12451,5713,5713043,3,2024-02-06,184,F,4,valido,
12452,5705,5705069,4,2024-08-21,146,F,1,valido,
12453,5768,5768057,2,2024-11-04,189,F,2,valido,
12454,5768,5768029,3,2024-09-18,145,F,2,valido,
12455,5723,5723005,4,2024-08-06,140,F,4,valido,
12456,5718,5718013,3,2024-05-14,147,F,3,valido,
12457,5715,5715078,3,2024-03-12,19,F,2,valido,
12458,5741,5741012,3,2024-06-25,100,F,3,valido,
12459,5776,5776038,2,2024-11-07,89,F,6,valido,
12460,5754,5754005,2,2024-07-11,181,F,2,valido,
12461,5766,5766011,4,2024-01-11,61,F,1,valido,
12462,5713,5713028,4,2024-07-25,27,F,4,valido,
12463,5705,5705051,3,2024-11-11,15,F,1,valido,
12464,5713,5713045,2,2024-06-25,48,F,4,valido,
12465,5719,5719023,2,2024-07-24,71,F,6,valido,
12466,5768,5768032,4,2024-02-06,2,F,2,valido,
12467,5717,5717007,1,2024-04-02,117,F,1,valido,
12468,5705,5705004,4,2024-07-27,139,F,1,valido,
12469,5768,5768004,4,2024-04-19,75,F,2,valido,
12470,5708,5708012,3,2024-11-08,43,F,4,valido,
12471,5718,5718001,4,2024-03-17,83,F,3,valido,
12472,5741,5741036,4,2024-06-01,56,F,3,valido,
12473,5705,5705073,2,2024-11-18,166,F,1,valido,
12474,5768,5768072,1,2024-10-05,16,F,2,valido,
12475,5705,5705107,4,2024-10-24,10,F,1,valido,
12476,5773,5773034,1,2024-08-06,60,F,3,valido,
12477,5752,5752027,2,2024-07-07,43,F,6,valido,
12478,5705,5705013,4,2024-08-27,72,F,1,valido,
12479,5785,5785003,4,2024-07-18,166,F,5,valido,
12480,5715,5715119,2,2024-03-16,107,F,2,valido,
12481,5705,5705123,1,2024-08-05,180,F,1,valido,
12482,5768,5768063,1,2024-10-23,122,F,2,valido,
12483,5776,5776032,4,2024-08-13,48,F,6,valido,
12484,5768,5768016,4,2024-11-13,15,F,2,valido,
12485,5750,5750029,4,2024-09-22,92,F,5,valido,
12486,5717,5717002,4,2024-05-07,4,F,1,valido,
12487,5750,5750005,3,2024-02-03,118,F,5,valido,
12488,5725,5725060,4,2024-01-21,19,F,2,valido,
12489,5773,5773022,3,2024-10-26,98,F,3,valido,
12490,5768,5768043,3,2024-10-26,91,F,2,valido,
12491,5747,5747009,4,2024-10-19,74,F,4,valido,
12492,5727,5727011,4,2024-10-19,168,F,6,valido,
12493,5719,5719003,3,2024-12-17,117,F,6,valido,
12494,5752,5752056,4,2024-10-21,125,F,6,valido,
12495,5773,5773036,2,2024-07-27,16,F,3,valido,
12496,5795,5795003,4,2024-02-20,45,F,5,valido,
12497,5752,5752011,3,2024-11-28,169,F,6,valido,
12498,5773,5773028,4,2024-03-08,176,F,3,valido,
12499,5741,5741013,4,2024-07-16,91,F,3,valido,
12500,5723,5723016,4,2024-04-11,39,F,4,valido,
12501,5715,5715003,4,2024-03-19,192,F,2,valido,
12502,5754,5754025,4,2024-07-02,109,F,2,valido,
12503,5705,5705113,3,2024-09-13,200,F,1,valido,
12504,5725,5725021,1,2024-02-11,35,F,2,valido,
12505,5773,5773010,4,2024-09-04,172,F,3,valido,
12506,5725,5725046,3,2024-10-18,114,F,2,valido,
12507,5705,5705089,3,2024-04-19,107,F,1,valido,
12508,5723,5723024,4,2024-11-22,141,F,4,valido,
12509,5785,5785017,4,2024-10-02,103,F,5,valido,
12510,5768,5768006,3,2024-07-15,159,F,2,valido,
12511,5719,5719022,1,2024-07-18,25,F,6,valido,
12512,5705,5705056,1,2024-01-07,187,F,1,valido,
12513,5715,5715030,3,2024-07-22,198,F,2,valido,
12514,5725,5725041,2,2024-08-13,37,F,2,valido,
12515,5773,5773002,4,2024-11-15,41,F,3,valido,
12516,5725,5725046,3,2024-08-09,163,F,2,valido,
12517,5750,5750006,4,2024-02-01,163,F,5,valido,
12518,5786,5786005,4,2024-08-21,117,F,3,valido,
12519,5773,5773043,1,2024-02-14,47,F,3,valido,
12520,5773,5773036,4,2024-08-23,96,F,3,valido,
12521,5720,5720014,3,2024-08-18,37,F,4,valido,
12522,5725,5725012,4,2024-11-24,187,F,2,valido,
12523,5723,5723022,2,2024-01-01,35,F,4,valido,
12524,5785,5785019,2,2024-06-26,91,F,5,valido,
12525,5725,5725091,3,2024-01-27,45,F,2,valido,
12526,5752,5752029,1,2024-12-06,2,F,6,valido,
12527,5723,5723027,1,2024-10-25,173,F,4,valido,
12528,5715,5715023,4,2024-05-07,132,F,2,valido,
12529,5744,5744001,1,2024-03-04,116,F,4,valido,
12530,5715,5715026,3,2024-04-21,175,F,2,valido,
12531,5705,5705117,2,2024-10-22,120,F,1,valido,
12532,5705,5705047,3,2024-10-09,130,F,1,valido,
12533,5717,5717017,2,2024-07-01,59,F,1,valido,
12534,5752,5752041,4,2024-10-24,126,F,6,valido,
12535,5752,5752041,3,2024-01-16,40,F,6,valido,
12536,5776,5776033,1,2024-06-23,2,F,6,valido,
12537,5773,5773010,4,2024-03-12,166,F,3,valido,
12538,5705,5705011,3,2024-02-10,123,F,1,valido,
12539,5752,5752014,2,2024-05-18,7,F,6,valido,
12540,5768,5768048,4,2024-03-23,157,F,2,valido,
12541,5752,5752027,2,2024-07-03,149,F,6,valido,
12542,5741,5741001,4,2024-06-03,154,F,3,valido,
12543,5776,5776027,3,2024-04-19,136,F,6,valido,
12544,5752,5752056,1,2024-09-24,190,F,6,valido,
12545,5713,5713037,3,2024-06-26,95,F,4,valido,
12546,5768,5768042,4,2024-05-04,93,F,2,valido,
12547,5715,5715017,1,2024-08-03,112,F,2,valido,
12548,5715,5715064,1,2024-08-02,119,F,2,valido,
12549,5705,5705121,3,2024-03-25,156,F,1,valido,
12550,5773,5773032,1,2024-08-11,165,F,3,valido,
12551,5766,5766011,3,2024-11-09,43,F,1,valido,
12552,5773,5773023,1,2024-09-21,145,F,3,valido,
12553,5752,5752001,1,2024-02-27,47,F,6,valido,
12554,5705,5705067,1,2024-12-20,102,F,1,valido,
12555,5754,5754040,4,2024-01-26,84,F,2,valido,
12556,5705,5705073,3,2024-02-21,136,F,1,valido,
12557,5747,5747014,3,2024-10-16,130,F,4,valido,
12558,5768,5768045,1,2024-09-16,32,F,2,valido,
12559,5718,5718009,3,2024-09-08,98,F,3,valido,
12560,5719,5719002,2,2024-07-20,107,F,6,valido,
12561,5744,5744005,2,2024-11-10,52,F,4,valido,
12562,5705,5705036,1,2024-10-28,156,F,1,valido,
12563,5718,5718011,1,2024-08-22,59,F,3,valido,
12564,5794,5794009,3,2024-04-01,170,F,5,valido,
12565,5794,5794006,2,2024-08-17,25,F,5,valido,
12566,5768,5768082,1,2024-06-04,184,F,2,valido,
12567,5770,5770015,4,2024-05-04,43,F,4,valido,
12568,5720,5720004,3,2024-06-11,120,F,4,valido,
12569,5741,5741002,2,2024-09-11,154,F,3,valido,
12570,5785,5785012,2,2024-10-03,139,F,5,valido,
12571,5773,5773037,3,2024-11-06,121,F,3,valido,
12572,5770,5770015,4,2024-11-08,41,F,4,valido,
12573,5770,5770022,3,2024-03-05,65,F,4,valido,
12574,5754,5754003,4,2024-02-28,115,F,2,valido,
12575,5752,5752052,4,2024-02-03,76,F,6,valido,
12576,5718,5718012,2,2024-12-27,60,F,3,valido,
12577,5741,5741016,4,2024-11-28,195,F,3,valido,
12578,5727,5727004,1,2024-04-06,49,F,6,valido,
12579,5768,5768012,1,2024-03-17,35,F,2,valido,
12580,5773,5773031,3,2024-04-01,179,F,3,valido,
12581,5725,5725020,1,2024-11-03,45,F,2,valido,
12582,5715,5715007,1,2024-01-14,61,F,2,valido,
12583,5773,5773046,4,2024-02-07,5,F,3,valido,
12584,5715,5715005,4,2024-04-05,30,F,2,valido,
12585,5747,5747026,4,2024-01-01,117,F,4,valido,
12586,5725,5725102,1,2024-12-20,61,F,2,valido,
12587,5708,5708010,4,2024-04-13,137,F,4,valido,
12588,5717,5717004,4,2024-01-18,199,F,1,valido,
12589,5715,5715066,1,2024-09-12,171,F,2,valido,
12590,5752,5752049,4,2024-09-28,82,F,6,valido,
12591,5723,5723008,3,2024-06-15,161,F,4,valido,
12592,5776,5776007,4,2024-12-13,2,F,6,valido,
12593,5752,5752011,1,2024-03-05,63,F,6,valido,
12594,5791,5791001,3,2024-10-14,175,F,3,valido,
12595,5750,5750003,3,2024-09-26,152,F,5,valido,
12596,5773,5773017,1,2024-06-07,86,F,3,valido,
12597,5741,5741015,4,2024-03-12,168,F,3,valido,
12598,5797,5797004,4,2024-08-14,61,F,3,valido,
12599,5725,5725035,4,2024-11-12,125,F,2,valido,
12600,5725,5725116,2,2024-11-16,140,F,2,valido,
12601,5713,5713004,4,2024-08-07,6,F,4,valido,
12602,5791,5791003,2,2024-07-17,139,F,3,valido,
12603,5725,5725064,3,2024-09-11,122,F,2,valido,
12604,5705,5705079,4,2024-03-10,40,F,1,valido,
12605,5752,5752039,3,2024-02-22,58,F,6,valido,
12606,5705,5705120,2,2024-08-23,70,F,1,valido,
12607,5723,5723013,3,2024-01-01,142,F,4,valido,
12608,5705,5705098,4,2024-05-26,173,F,1,valido,
12609,5705,5705046,1,2024-05-16,55,F,1,valido,
12610,5773,5773013,2,2024-02-14,164,F,3,valido,
12611,5719,5719022,1,2024-02-17,112,F,6,valido,
12612,5725,5725015,4,2024-04-06,82,F,2,valido,
12613,5708,5708015,3,2024-07-14,130,F,4,valido,
12614,5752,5752008,3,2024-11-26,132,F,6,valido,
12615,5747,5747029,3,2024-12-07,142,F,4,valido,
12616,5741,5741016,3,2024-10-14,7,F,3,valido,
12617,5752,5752047,1,2024-08-08,23,F,6,valido,
12618,5719,5719005,3,2024-09-09,32,F,6,valido,
12619,5750,5750020,4,2024-04-27,3,F,5,valido,
12620,5720,5720009,2,2024-05-08,188,F,4,valido,
12621,5770,5770019,4,2024-01-07,31,F,4,valido,
12622,5719,5719028,3,2024-12-10,198,F,6,valido,
12623,5754,5754001,4,2024-08-11,158,F,2,valido,
12624,5768,5768075,2,2024-10-25,20,F,2,valido,
12625,5713,5713003,4,2024-09-23,122,F,4,valido,
12626,5727,5727018,3,2024-01-20,68,F,6,valido,
12627,5741,5741008,2,2024-09-06,17,F,3,valido,
12628,5725,5725104,3,2024-09-04,40,F,2,valido,
12629,5713,5713011,3,2024-07-05,134,F,4,valido,
12630,5752,5752056,1,2024-09-17,78,F,6,valido,
12631,5747,5747022,1,2024-02-01,107,F,4,valido,
12632,5705,5705076,1,2024-08-20,32,F,1,valido,
12633,5715,5715116,3,2024-04-09,37,F,2,valido,
12634,5768,5768048,3,2024-04-01,185,F,2,valido,
12635,5773,5773033,4,2024-04-21,104,F,3,valido,
12636,5763,5763007,3,2024-02-19,51,F,1,valido,
12637,5770,5770011,3,2024-05-25,26,F,4,valido,
12638,5705,5705016,1,2024-02-26,145,F,1,valido,
12639,5754,5754026,2,2024-07-19,67,F,2,valido,
12640,5723,5723028,1,2024-01-03,23,F,4,valido,
12641,5719,5719002,3,2024-07-01,90,F,6,valido,
12642,5794,5794007,3,2024-11-01,17,F,5,valido,
12643,5776,5776039,1,2024-07-04,93,F,6,valido,
12644,5766,5766010,3,2024-02-04,182,F,1,valido,
12645,5725,5725028,4,2024-01-12,72,F,2,valido,
12646,5768,5768029,2,2024-01-12,107,F,2,valido,
12647,5799,5799002,1,2024-08-09,6,F,5,valido,
12648,5717,5717010,2,2024-11-22,157,F,1,valido,
12649,5715,5715101,3,2024-03-14,112,F,2,valido,
12650,5715,5715018,3,2024-07-27,140,F,2,valido,
12651,5715,5715014,3,2024-06-12,153,F,2,valido,
12652,5713,5713011,3,2024-10-10,199,F,4,valido,
12653,5752,5752016,4,2024-06-24,37,F,6,valido,
12654,5717,5717008,3,2024-08-21,39,F,1,valido,
12655,5715,5715107,2,2024-01-28,74,F,2,valido,
12656,5794,5794003,3,2024-10-08,122,F,5,valido,
12657,5705,5705076,4,2024-10-08,5,F,1,valido,
12658,5720,5720004,4,2024-07-06,2,F,4,valido,
12659,5747,5747014,1,2024-09-11,183,F,4,valido,
12660,5741,5741017,4,2024-04-20,46,F,3,valido,
12661,5754,5754016,4,2024-01-04,55,F,2,valido,
12662,5708,5708007,3,2024-07-01,49,F,4,valido,
12663,5752,5752028,4,2024-12-01,29,F,6,valido,
12664,5723,5723028,2,2024-07-27,13,F,4,valido,
12665,5752,5752057,2,2024-08-27,129,F,6,valido,
12666,5715,5715023,4,2024-10-15,55,F,2,valido,
12667,5719,5719021,3,2024-11-28,196,F,6,valido,
12668,5705,5705021,1,2024-01-24,166,F,1,valido,
12669,5754,5754008,2,2024-06-15,23,F,2,valido,
12670,5752,5752055,4,2024-03-11,106,F,6,valido,
12671,5750,5750028,1,2024-06-27,43,F,5,valido,
12672,5715,5715122,4,2024-09-05,116,F,2,valido,
12673,5723,5723006,2,2024-08-18,200,F,4,valido,
12674,5727,5727013,4,2024-10-16,164,F,6,valido,
12675,5768,5768010,4,2024-03-03,176,F,2,valido,
12676,5725,5725005,2,2024-06-13,117,F,2,valido,
12677,5715,5715022,1,2024-12-03,105,F,2,valido,
12678,5794,5794002,1,2024-12-27,34,F,5,valido,
12679,5773,5773005,1,2024-09-16,76,F,3,valido,
12680,5715,5715025,1,2024-01-09,89,F,2,valido,
12681,5752,5752011,4,2024-01-19,156,F,6,valido,
12682,5768,5768019,1,2024-04-18,151,F,2,valido,
12683,5727,5727005,1,2024-04-09,31,F,6,valido,
12684,5705,5705088,4,2024-06-08,7,F,1,valido,
12685,5725,5725111,3,2024-12-18,61,F,2,valido,
12686,5715,5715106,2,2024-12-12,109,F,2,valido,
12687,5773,5773029,4,2024-02-22,68,F,3,valido,
12688,5713,5713007,3,2024-08-23,187,F,4,valido,
12689,5770,5770001,2,2024-06-10,40,F,4,valido,
12690,5725,5725042,3,2024-06-14,150,F,2,valido,
12691,5770,5770016,3,2024-04-06,54,F,4,valido,
12692,5713,5713008,4,2024-02-12,101,F,4,valido,
12693,5725,5725056,3,2024-08-14,125,F,2,valido,
12694,5725,5725015,3,2024-09-08,129,F,2,valido,
12695,5741,5741012,4,2024-09-17,76,F,3,valido,
12696,5715,5715014,2,2024-08-02,187,F,2,valido,
12697,5705,5705095,1,2024-11-05,135,F,1,valido,
12698,5725,5725104,4,2024-03-13,45,F,2,valido,
12699,5715,5715092,2,2024-05-10,111,F,2,valido,
12700,5763,5763012,2,2024-04-23,136,F,1,valido,
12701,5727,5727007,1,2024-11-26,37,F,6,valido,
12702,5725,5725076,4,2024-03-18,148,F,2,valido,
12703,5715,5715043,1,2024-01-08,86,F,2,valido,
12704,5768,5768027,4,2024-07-03,154,F,2,valido,
12705,5747,5747007,1,2024-06-13,110,F,4,valido,
12706,5741,5741010,4,2024-05-05,152,F,3,valido,
12707,5715,5715097,1,2024-02-17,147,F,2,valido,
12708,5715,5715103,1,2024-01-08,42,F,2,valido,
12709,5725,5725085,4,2024-11-12,132,F,2,valido,
12710,5741,5741011,4,2024-04-26,95,F,3,valido,
12711,5713,5713029,3,2024-07-16,94,F,4,valido,
12712,5715,5715088,3,2024-04-05,106,F,2,valido,
12713,5766,5766003,3,2024-12-21,59,F,1,valido,
12714,5723,5723019,2,2024-09-18,96,F,4,valido,
12715,5705,5705030,2,2024-09-06,87,F,1,valido,
12716,5725,5725013,1,2024-07-27,75,F,2,valido,
12717,5754,5754027,1,2024-01-17,127,F,2,valido,
12718,5773,5773046,1,2024-08-24,109,F,3,valido,
12719,5705,5705033,3,2024-09-24,14,F,1,valido,
12720,5770,5770009,2,2024-11-01,144,F,4,valido,
12721,5715,5715117,3,2024-03-04,185,F,2,valido,
12722,5705,5705035,2,2024-07-07,81,F,1,valido,
12723,5705,5705055,4,2024-11-08,62,F,1,valido,
12724,5773,5773047,2,2024-04-17,183,F,3,valido,
12725,5773,5773009,4,2024-08-08,199,F,3,valido,
12726,5754,5754013,2,2024-11-15,22,F,2,valido,
12727,5727,5727025,3,2024-08-22,22,F,6,valido,
12728,5752,5752037,1,2024-12-12,71,F,6,valido,
12729,5768,5768075,1,2024-06-04,40,F,2,valido,
12730,5725,5725015,1,2024-12-25,56,F,2,valido,
12731,5705,5705042,4,2024-06-21,100,F,1,valido,
12732,5718,5718008,1,2024-02-07,115,F,3,valido,
12733,5715,5715085,4,2024-12-08,192,F,2,valido,
12734,5770,5770007,2,2024-02-02,120,F,4,valido,
12735,5773,5773008,3,2024-03-27,126,F,3,valido,
12736,5750,5750004,4,2024-11-09,24,F,5,valido,
12737,5725,5725053,3,2024-07-06,63,F,2,valido,
12738,5715,5715058,1,2024-07-22,174,F,2,valido,
12739,5752,5752009,1,2024-05-21,26,F,6,valido,
12740,5768,5768071,1,2024-06-05,157,F,2,valido,
12741,5715,5715115,3,2024-05-10,40,F,2,valido,
12742,5708,5708015,1,2024-02-16,77,F,4,valido,
12743,5752,5752047,4,2024-10-01,160,F,6,valido,
12744,5717,5717021,1,2024-07-08,152,F,1,valido,
12745,5705,5705058,4,2024-08-12,118,F,1,valido,
12746,5725,5725093,3,2024-06-22,16,F,2,valido,
12747,5763,5763010,1,2024-03-09,6,F,1,valido,
12748,5768,5768085,4,2024-11-03,19,F,2,valido,
12749,5786,5786013,4,2024-07-22,123,F,3,valido,
12750,5754,5754024,2,2024-12-18,141,F,2,valido,
12751,5741,5741025,1,2024-02-01,8,F,3,valido,
12752,5705,5705089,4,2024-12-20,86,F,1,valido,
12753,5705,5705023,2,2024-07-01,129,F,1,valido,
12754,5705,5705048,3,2024-12-18,148,F,1,valido,
12755,5715,5715077,2,2024-10-01,147,F,2,valido,
12756,5766,5766010,4,2024-11-26,59,F,1,valido,
12757,5752,5752040,2,2024-08-27,31,F,6,valido,
12758,5725,5725085,3,2024-04-25,148,F,2,valido,
12759,5785,5785011,1,2024-11-20,164,F,5,valido,
12760,5723,5723016,4,2024-04-20,17,F,4,valido,
12761,5713,5713035,4,2024-11-26,176,F,4,valido,
12762,5768,5768036,2,2024-03-17,55,F,2,valido,
12763,5776,5776035,4,2024-06-22,142,F,6,valido,
12764,5705,5705106,2,2024-06-20,105,F,1,valido,
12765,5794,5794005,1,2024-02-23,169,F,5,valido,
12766,5705,5705106,1,2024-04-07,89,F,1,valido,
12767,5795,5795002,2,2024-03-21,86,F,5,valido,
12768,5747,5747003,4,2024-01-04,146,F,4,valido,
12769,5741,5741005,2,2024-11-22,65,F,3,valido,
12770,5752,5752054,4,2024-11-25,181,F,6,valido,
12771,5768,5768038,2,2024-07-21,120,F,2,valido,
12772,5786,5786010,3,2024-08-22,113,F,3,valido,
12773,5725,5725097,4,2024-08-25,195,F,2,valido,
12774,5773,5773031,3,2024-10-10,160,F,3,valido,
12775,5723,5723010,4,2024-09-02,151,F,4,valido,
12776,5768,5768034,4,2024-11-15,8,F,2,valido,
12777,5797,5797006,3,2024-05-06,43,F,3,valido,
12778,5720,5720021,1,2024-12-25,129,F,4,valido,
12779,5708,5708007,4,2024-01-03,17,F,4,valido,
12780,5725,5725100,2,2024-11-23,94,F,2,valido,
12781,5705,5705113,3,2024-06-11,57,F,1,valido,
12782,5741,5741006,3,2024-06-21,178,F,3,valido,
12783,5713,5713016,4,2024-04-09,49,F,4,valido,
12784,5723,5723030,4,2024-10-15,155,F,4,valido,
12785,5725,5725026,4,2024-09-09,125,F,2,valido,
12786,5725,5725034,3,2024-12-17,189,F,2,valido,
12787,5768,5768020,3,2024-11-04,15,F,2,valido,
12788,5766,5766011,1,2024-11-24,113,F,1,valido,
12789,5776,5776035,2,2024-07-20,48,F,6,valido,
12790,5776,5776039,1,2024-07-03,196,F,6,valido,
12791,5725,5725083,2,2024-02-08,7,F,2,valido,
12792,5723,5723008,2,2024-10-20,168,F,4,valido,
12793,5785,5785016,2,2024-07-21,95,F,5,valido,
12794,5705,5705001,1,2024-03-20,56,F,1,valido,
12795,5768,5768036,1,2024-10-11,39,F,2,valido,
12796,5797,5797001,4,2024-06-17,43,F,3,valido,
12797,5791,5791010,4,2024-11-09,179,F,3,valido,
12798,5741,5741037,4,2024-07-23,186,F,3,valido,
12799,5725,5725064,4,2024-05-26,16,F,2,valido,
12800,5715,5715061,4,2024-04-09,12,F,2,valido,
12801,5705,5705083,1,2024-01-24,165,F,1,valido,
12802,5750,5750001,1,2024-08-01,86,F,5,valido,
12803,5750,5750007,2,2024-12-21,184,F,5,valido,
12804,5741,5741016,2,2024-06-15,40,F,3,valido,
12805,5773,5773044,1,2024-12-11,117,F,3,valido,
12806,5715,5715001,4,2024-08-24,199,F,2,valido,
12807,5727,5727021,3,2024-12-18,135,F,6,valido,
12808,5776,5776025,2,2024-12-05,188,F,6,valido,
12809,5705,5705055,3,2024-07-17,92,F,1,valido,
12810,5741,5741010,2,2024-04-02,180,F,3,valido,
12811,5768,5768042,3,2024-03-28,137,F,2,valido,
12812,5768,5768046,1,2024-04-15,47,F,2,valido,
12813,5725,5725083,2,2024-10-04,36,F,2,valido,
12814,5705,5705018,4,2024-08-28,200,F,1,valido,
12815,5705,5705067,4,2024-02-12,8,F,1,valido,
12816,5725,5725106,2,2024-08-23,152,F,2,valido,
12817,5725,5725006,3,2024-09-21,198,F,2,valido,
12818,5797,5797003,1,2024-06-10,142,F,3,valido,
12819,5741,5741037,4,2024-05-17,22,F,3,valido,
12820,5741,5741006,4,2024-01-18,55,F,3,valido,
12821,5768,5768060,3,2024-12-17,188,F,2,valido,
12822,5715,5715047,4,2024-08-02,38,F,2,valido,
12823,5718,5718007,4,2024-09-04,143,F,3,valido,
12824,5718,5718002,2,2024-10-06,64,F,3,valido,
12825,5708,5708014,1,2024-05-20,155,F,4,valido,
12826,5725,5725103,2,2024-08-20,95,F,2,valido,
12827,5776,5776003,2,2024-10-25,195,F,6,valido,
12828,5768,5768025,4,2024-09-14,57,F,2,valido,
12829,5770,5770013,3,2024-04-18,179,F,4,valido,
12830,5786,5786013,2,2024-07-27,159,F,3,valido,
12831,5754,5754008,3,2024-12-06,21,F,2,valido,
12832,5754,5754033,4,2024-07-04,24,F,2,valido,
12833,5705,5705073,2,2024-08-15,1,F,1,valido,
12834,5773,5773046,1,2024-03-11,66,F,3,valido,
12835,5752,5752011,1,2024-07-28,144,F,6,valido,
12836,5725,5725044,4,2024-11-21,144,F,2,valido,
12837,5768,5768077,2,2024-08-02,179,F,2,valido,
12838,5776,5776020,2,2024-07-06,100,F,6,valido,
12839,5705,5705039,2,2024-04-08,85,F,1,valido,
12840,5773,5773028,3,2024-09-17,38,F,3,valido,
12841,5715,5715062,2,2024-03-19,35,F,2,valido,
12842,5781,5781004,3,2024-04-16,63,F,5,valido,
12843,5713,5713002,4,2024-09-23,64,F,4,valido,
12844,5741,5741028,4,2024-01-27,159,F,3,valido,
12845,5752,5752016,2,2024-04-18,152,F,6,valido,
12846,5705,5705072,4,2024-07-09,52,F,1,valido,
12847,5747,5747004,4,2024-08-02,142,F,4,valido,
12848,5747,5747023,3,2024-03-24,190,F,4,valido,
12849,5705,5705054,2,2024-12-13,108,F,1,valido,
12850,5752,5752015,2,2024-04-11,8,F,6,valido,
12851,5741,5741029,2,2024-04-15,3,F,3,valido,
12852,5750,5750017,1,2024-07-26,24,F,5,valido,
12853,5715,5715116,2,2024-10-11,107,F,2,valido,
12854,5708,5708017,4,2024-11-25,67,F,4,valido,
12855,5725,5725100,4,2024-07-09,139,F,2,valido,
12856,5705,5705116,2,2024-02-18,76,F,1,valido,
12857,5754,5754027,3,2024-05-26,107,F,2,valido,
12858,5715,5715091,3,2024-05-10,187,F,2,valido,
12859,5725,5725078,1,2024-09-20,84,F,2,valido,
12860,5723,5723006,2,2024-12-12,183,F,4,valido,
12861,5763,5763005,1,2024-05-15,78,F,1,valido,
12862,5715,5715110,3,2024-11-17,29,F,2,valido,
12863,5768,5768066,1,2024-07-13,69,F,2,valido,
12864,5785,5785008,2,2024-02-07,181,F,5,valido,
12865,5776,5776022,2,2024-08-13,105,F,6,valido,
12866,5741,5741034,4,2024-03-03,14,F,3,valido,
12867,5741,5741010,1,2024-03-13,165,F,3,valido,
12868,5768,5768013,3,2024-02-28,17,F,2,valido,
12869,5725,5725006,3,2024-05-15,28,F,2,valido,
12870,5768,5768002,4,2024-10-03,40,F,2,valido,
12871,5747,5747014,2,2024-11-16,23,F,4,valido,
12872,5717,5717019,4,2024-11-26,64,F,1,valido,
12873,5708,5708005,2,2024-06-12,192,F,4,valido,
12874,5715,5715027,4,2024-04-09,16,F,2,valido,
12875,5717,5717026,3,2024-05-17,139,F,1,valido,
12876,5715,5715046,1,2024-08-19,183,F,2,valido,
12877,5725,5725009,2,2024-06-27,70,F,2,valido,
12878,5720,5720010,4,2024-10-28,137,F,4,valido,
12879,5797,5797004,2,2024-12-13,143,F,3,valido,
12880,5720,5720024,3,2024-10-13,164,F,4,valido,
12881,5717,5717014,4,2024-12-13,168,F,1,valido,
12882,5727,5727028,2,2024-11-21,194,F,6,valido,
12883,5773,5773031,4,2024-06-22,158,F,3,valido,
12884,5741,5741012,1,2024-10-02,109,F,3,valido,
12885,5715,5715103,4,2024-06-05,70,F,2,valido,
12886,5752,5752038,3,2024-02-04,93,F,6,valido,
12887,5705,5705028,4,2024-08-13,55,F,1,valido,
12888,5719,5719009,2,2024-06-18,86,F,6,valido,
12889,5705,5705121,3,2024-06-28,87,F,1,valido,
12890,5754,5754038,2,2024-12-09,67,F,2,valido,
12891,5720,5720001,3,2024-05-21,129,F,4,valido,
12892,5785,5785009,4,2024-11-14,101,F,5,valido,
12893,5715,5715019,1,2024-04-24,74,F,2,valido,
12894,5786,5786012,1,2024-01-24,176,F,3,valido,
12895,5754,5754027,4,2024-01-21,107,F,2,valido,
12896,5713,5713015,1,2024-05-11,90,F,4,valido,
12897,5776,5776017,2,2024-12-17,163,F,6,valido,
12898,5725,5725003,1,2024-01-26,43,F,2,valido,
12899,5705,5705059,2,2024-01-18,171,F,1,valido,
12900,5705,5705091,4,2024-06-11,76,F,1,valido,
12901,5768,5768077,2,2024-09-10,98,F,2,valido,
12902,5725,5725093,3,2024-12-24,92,F,2,valido,
12903,5727,5727005,3,2024-08-03,164,F,6,valido,
12904,5717,5717007,3,2024-05-17,13,F,1,valido,
12905,5725,5725015,3,2024-01-03,62,F,2,valido,
12906,5754,5754016,1,2024-06-08,113,F,2,valido,
12907,5705,5705036,3,2024-04-07,150,F,1,valido,
12908,5773,5773013,4,2024-03-20,30,F,3,valido,
12909,5741,5741037,4,2024-03-13,108,F,3,valido,
12910,5720,5720024,1,2024-08-19,98,F,4,valido,
12911,5713,5713020,4,2024-10-26,144,F,4,valido,
12912,5725,5725028,4,2024-12-24,59,F,2,valido,
12913,5718,5718001,1,2024-01-20,31,F,3,valido,
12914,5776,5776022,3,2024-10-08,173,F,6,valido,
12915,5715,5715112,4,2024-07-03,70,F,2,valido,
12916,5725,5725002,1,2024-04-04,144,F,2,valido,
12917,5705,5705015,3,2024-06-06,133,F,1,valido,
12918,5715,5715016,4,2024-11-04,110,F,2,valido,
12919,5715,5715116,1,2024-10-13,55,F,2,valido,
12920,5754,5754023,1,2024-10-06,38,F,2,valido,
12921,5754,5754005,2,2024-02-12,125,F,2,valido,
12922,5725,5725045,4,2024-06-13,157,F,2,valido,
12923,5720,5720003,4,2024-03-17,16,F,4,valido,
12924,5776,5776025,4,2024-02-25,188,F,6,valido,
12925,5717,5717011,1,2024-07-08,140,F,1,valido,
12926,5725,5725018,4,2024-03-12,170,F,2,valido,
12927,5773,5773015,4,2024-04-26,40,F,3,valido,
12928,5747,5747026,2,2024-03-20,160,F,4,valido,
12929,5719,5719036,3,2024-06-13,104,F,6,valido,
12930,5754,5754020,4,2024-08-14,151,F,2,valido,
12931,5773,5773034,2,2024-09-02,17,F,3,valido,
12932,5708,5708003,2,2024-03-20,2,F,4,valido,
12933,5720,5720013,4,2024-02-03,174,F,4,valido,
12934,5727,5727027,3,2024-02-21,104,F,6,valido,
12935,5725,5725109,1,2024-08-27,22,F,2,valido,
12936,5715,5715067,3,2024-07-16,90,F,2,valido,
12937,5705,5705111,3,2024-09-02,14,F,1,valido,
12938,5752,5752039,1,2024-07-23,4,F,6,valido,
12939,5741,5741030,4,2024-07-18,123,F,3,valido,
12940,5705,5705043,2,2024-08-11,154,F,1,valido,
12941,5713,5713014,4,2024-11-28,51,F,4,valido,
12942,5705,5705017,1,2024-06-11,130,F,1,valido,
12943,5725,5725108,1,2024-05-11,12,F,2,valido,
12944,5723,5723019,4,2024-03-25,12,F,4,valido,
12945,5754,5754037,3,2024-07-03,127,F,2,valido,
12946,5754,5754032,4,2024-09-19,149,F,2,valido,
12947,5750,5750003,3,2024-11-23,71,F,5,valido,
12948,5725,5725053,1,2024-11-24,64,F,2,valido,
12949,5715,5715029,1,2024-08-14,77,F,2,valido,
12950,5705,5705085,2,2024-02-02,164,F,1,valido,
12951,5744,5744013,2,2024-09-02,24,F,4,valido,
12952,5752,5752033,3,2024-08-27,94,F,6,valido,
12953,5705,5705017,4,2024-06-07,125,F,1,valido,
12954,5768,5768045,2,2024-11-14,79,F,2,valido,
12955,5768,5768085,4,2024-12-09,141,F,2,valido,
12956,5768,5768038,1,2024-05-18,104,F,2,valido,
12957,5747,5747013,4,2024-11-05,37,F,4,valido,
12958,5768,5768037,3,2024-09-20,108,F,2,valido,
12959,5723,5723026,2,2024-03-01,62,F,4,valido,
12960,5768,5768038,1,2024-11-06,178,F,2,valido,
12961,5725,5725056,2,2024-09-04,40,F,2,valido,
12962,5766,5766011,3,2024-05-01,32,F,1,valido,
12963,5715,5715020,3,2024-06-26,90,F,2,valido,
12964,5768,5768005,4,2024-08-06,36,F,2,valido,
12965,5770,5770009,4,2024-01-11,35,F,4,valido,
12966,5785,5785019,4,2024-10-02,168,F,5,valido,
12967,5718,5718012,2,2024-03-27,46,F,3,valido,
12968,5705,5705096,4,2024-07-10,144,F,1,valido,
12969,5718,5718012,4,2024-01-06,192,F,3,valido,
12970,5752,5752029,2,2024-10-21,26,F,6,valido,
12971,5723,5723017,3,2024-04-10,64,F,4,valido,
12972,5705,5705096,2,2024-06-22,160,F,1,valido,
12973,5763,5763008,2,2024-03-08,135,F,1,valido,
12974,5723,5723010,4,2024-11-24,71,F,4,valido,
12975,5725,5725002,2,2024-11-05,104,F,2,valido,
12976,5713,5713015,2,2024-05-20,21,F,4,valido,
12977,5770,5770007,4,2024-08-21,196,F,4,valido,
12978,5725,5725044,2,2024-05-17,39,F,2,valido,
12979,5725,5725061,4,2024-10-07,133,F,2,valido,
12980,5727,5727021,1,2024-08-09,144,F,6,valido,
12981,5713,5713038,1,2024-09-24,155,F,4,valido,
12982,5725,5725107,3,2024-03-17,35,F,2,valido,
12983,5768,5768062,1,2024-06-20,165,F,2,valido,
12984,5763,5763004,4,2024-11-13,54,F,1,valido,
12985,5723,5723013,1,2024-06-25,117,F,4,valido,
12986,5727,5727030,1,2024-11-18,27,F,6,valido,
12987,5715,5715120,1,2024-11-17,106,F,2,valido,
12988,5754,5754016,4,2024-04-01,45,F,2,valido,
12989,5763,5763009,4,2024-10-17,149,F,1,valido,
12990,5705,5705049,3,2024-03-24,150,F,1,valido,
12991,5768,5768043,2,2024-11-22,132,F,2,valido,
12992,5725,5725017,3,2024-12-22,179,F,2,valido,
12993,5720,5720017,1,2024-06-28,40,F,4,valido,
12994,5773,5773033,4,2024-07-10,68,F,3,valido,
12995,5763,5763001,3,2024-09-17,20,F,1,valido,
12996,5786,5786001,4,2024-07-08,139,F,3,valido,
12997,5708,5708011,3,2024-10-23,141,F,4,valido,
12998,5725,5725100,4,2024-04-16,86,F,2,valido,
12999,5725,5725088,4,2024-06-01,51,F,2,valido,
13000,5723,5723011,1,2024-06-12,110,F,4,valido,
13001,5773,5773043,3,2024-09-11,143,F,3,valido,
13002,5720,5720022,2,2024-08-19,49,F,4,valido,
13003,5799,5799003,3,2024-10-26,143,F,5,valido,
13004,5754,5754035,1,2024-11-26,70,F,2,valido,
13005,5725,5725094,2,2024-02-12,147,F,2,valido,
13006,5773,5773031,2,2024-11-18,8,F,3,valido,
13007,5705,5705078,1,2024-02-12,27,F,1,valido,
13008,5727,5727029,3,2024-05-08,188,F,6,valido,
13009,5705,5705033,2,2024-07-11,126,F,1,valido,
13010,5754,5754021,3,2024-02-23,173,F,2,valido,
13011,5725,5725023,2,2024-05-08,63,F,2,valido,
13012,5776,5776012,2,2024-06-14,173,F,6,valido,
13013,5715,5715070,2,2024-04-25,56,F,2,valido,
13014,5719,5719006,2,2024-01-09,74,F,6,valido,
13015,5741,5741024,2,2024-05-09,14,F,3,valido,
13016,5705,5705018,4,2024-08-09,118,F,1,valido,
13017,5741,5741015,2,2024-07-03,170,F,3,valido,
13018,5768,5768026,3,2024-07-17,199,F,2,valido,
13019,5785,5785014,3,2024-09-06,141,F,5,valido,
13020,5715,5715094,3,2024-09-28,49,F,2,valido,
13021,5713,5713013,2,2024-05-04,73,F,4,valido,
13022,5725,5725092,1,2024-01-27,152,F,2,valido,
13023,5747,5747007,2,2024-04-13,133,F,4,valido,
13024,5752,5752048,1,2024-06-12,126,F,6,valido,
13025,5725,5725009,2,2024-09-05,196,F,2,valido,
13026,5727,5727019,1,2024-06-08,85,F,6,valido,
13027,5741,5741034,2,2024-04-15,101,F,3,valido,
13028,5715,5715073,4,2024-06-02,20,F,2,valido,
13029,5763,5763012,4,2024-03-07,61,F,1,valido,
13030,5705,5705035,1,2024-06-20,71,F,1,valido,
13031,5770,5770004,1,2024-12-22,68,F,4,valido,
13032,5752,5752038,1,2024-10-14,155,F,6,valido,
13033,5705,5705079,2,2024-08-22,55,F,1,valido,
13034,5741,5741014,4,2024-10-13,10,F,3,valido,
13035,5754,5754001,3,2024-01-19,150,F,2,valido,
13036,5705,5705044,3,2024-09-21,152,F,1,valido,
13037,5725,5725036,3,2024-10-07,189,F,2,valido,
13038,5713,5713015,2,2024-01-23,83,F,4,valido,
13039,5747,5747018,3,2024-07-04,115,F,4,valido,
13040,5741,5741028,2,2024-05-13,102,F,3,valido,
13041,5754,5754024,2,2024-09-08,158,F,2,valido,
13042,5741,5741023,4,2024-09-27,159,F,3,valido,
13043,5773,5773023,1,2024-09-08,79,F,3,valido,
13044,5720,5720004,3,2024-08-23,119,F,4,valido,
13045,5705,5705096,3,2024-06-22,10,F,1,valido,
13046,5776,5776041,3,2024-10-24,189,F,6,valido,
13047,5725,5725113,1,2024-07-24,168,F,2,valido,
13048,5741,5741035,2,2024-03-22,35,F,3,valido,
13049,5768,5768061,2,2024-11-17,192,F,2,valido,
13050,5705,5705026,2,2024-08-06,25,F,1,valido,
13051,5715,5715046,3,2024-08-14,170,F,2,valido,
13052,5717,5717017,1,2024-07-27,32,F,1,valido,
13053,5720,5720002,4,2024-04-21,44,F,4,valido,
13054,5715,5715083,4,2024-05-10,59,F,2,valido,
13055,5770,5770022,3,2024-07-14,95,F,4,valido,
13056,5747,5747006,3,2024-02-20,140,F,4,valido,
13057,5719,5719028,1,2024-06-05,128,F,6,valido,
13058,5763,5763003,3,2024-03-24,121,F,1,valido,
13059,5744,5744013,2,2024-07-23,85,F,4,valido,
13060,5717,5717016,1,2024-09-08,36,F,1,valido,
13061,5715,5715074,1,2024-12-06,22,F,2,valido,
13062,5715,5715042,4,2024-03-21,115,F,2,valido,
13063,5752,5752045,3,2024-08-04,167,F,6,valido,
13064,5768,5768002,4,2024-04-15,28,F,2,valido,
13065,5768,5768042,4,2024-10-06,158,F,2,valido,
13066,5715,5715088,2,2024-02-14,99,F,2,valido,
13067,5768,5768071,4,2024-02-18,106,F,2,valido,
13068,5715,5715110,3,2024-04-06,53,F,2,valido,
13069,5741,5741021,4,2024-02-19,91,F,3,valido,
13070,5725,5725078,4,2024-08-15,188,F,2,valido,
13071,5768,5768045,3,2024-07-22,133,F,2,valido,
13072,5754,5754036,4,2024-10-09,103,F,2,valido,
13073,5713,5713006,2,2024-05-07,73,F,4,valido,
13074,5773,5773032,1,2024-01-15,181,F,3,valido,
13075,5770,5770024,4,2024-06-23,58,F,4,valido,
13076,5776,5776008,4,2024-07-21,42,F,6,valido,
13077,5747,5747025,2,2024-01-19,63,F,4,valido,
13078,5747,5747024,2,2024-12-17,1,F,4,valido,
13079,5773,5773045,2,2024-07-12,134,F,3,valido,
13080,5719,5719032,4,2024-10-19,9,F,6,valido,
13081,5715,5715028,3,2024-07-08,132,F,2,valido,
13082,5713,5713015,1,2024-04-02,40,F,4,valido,
13083,5795,5795001,2,2024-01-05,193,F,5,valido,
13084,5791,5791006,1,2024-03-27,43,F,3,valido,
13085,5715,5715065,3,2024-10-03,83,F,2,valido,
13086,5752,5752050,2,2024-03-18,73,F,6,valido,
13087,5750,5750003,4,2024-02-13,65,F,5,valido,
13088,5768,5768026,2,2024-08-28,139,F,2,valido,
13089,5770,5770012,3,2024-09-07,181,F,4,valido,
13090,5713,5713029,1,2024-02-06,198,F,4,valido,
13091,5768,5768066,3,2024-07-19,186,F,2,valido,
13092,5715,5715110,4,2024-07-12,43,F,2,valido,
13093,5773,5773008,1,2024-07-04,145,F,3,valido,
13094,5719,5719002,1,2024-09-19,77,F,6,valido,
13095,5705,5705106,2,2024-06-02,67,F,1,valido,
13096,5705,5705017,2,2024-09-17,22,F,1,valido,
13097,5795,5795004,2,2024-06-19,104,F,5,valido,
13098,5727,5727020,1,2024-12-10,12,F,6,valido,
13099,5752,5752028,3,2024-08-02,151,F,6,valido,
13100,5741,5741004,1,2024-11-13,95,F,3,valido,
13101,5725,5725021,1,2024-04-10,151,F,2,valido,
13102,5776,5776022,3,2024-06-20,108,F,6,valido,
13103,5768,5768014,2,2024-07-23,128,F,2,valido,
13104,5770,5770025,4,2024-08-04,141,F,4,valido,
13105,5747,5747001,1,2024-12-12,115,F,4,valido,
13106,5752,5752058,3,2024-06-06,31,F,6,valido,
13107,5705,5705096,1,2024-07-07,154,F,1,valido,
13108,5768,5768048,2,2024-05-18,23,F,2,valido,
13109,5750,5750011,2,2024-01-17,134,F,5,valido,
13110,5715,5715108,1,2024-10-04,87,F,2,valido,
13111,5773,5773044,1,2024-08-17,1,F,3,valido,
13112,5705,5705034,1,2024-12-09,111,F,1,valido,
13113,5754,5754018,4,2024-07-09,45,F,2,valido,
13114,5725,5725088,2,2024-01-28,32,F,2,valido,
13115,5768,5768056,4,2024-07-08,128,F,2,valido,
13116,5773,5773013,4,2024-05-22,136,F,3,valido,
13117,5797,5797001,3,2024-08-25,21,F,3,valido,
13118,5786,5786011,1,2024-10-08,76,F,3,valido,
13119,5708,5708022,4,2024-07-10,17,F,4,valido,
13120,5752,5752048,3,2024-11-20,193,F,6,valido,
13121,5768,5768021,3,2024-05-13,155,F,2,valido,
13122,5785,5785009,3,2024-08-18,125,F,5,valido,
13123,5770,5770001,4,2024-05-18,124,F,4,valido,
13124,5725,5725096,3,2024-08-17,91,F,2,valido,
13125,5715,5715015,1,2024-07-25,102,F,2,valido,
13126,5708,5708018,1,2024-05-18,96,F,4,valido,
13127,5715,5715049,2,2024-09-21,116,F,2,valido,
13128,5705,5705056,1,2024-03-18,24,F,1,valido,
13129,5718,5718005,3,2024-11-03,85,F,3,valido,
13130,5741,5741031,1,2024-06-11,178,F,3,valido,
13131,5776,5776020,3,2024-11-20,26,F,6,valido,
13132,5719,5719038,4,2024-05-01,155,F,6,valido,
13133,5705,5705093,4,2024-11-11,155,F,1,valido,
13134,5785,5785017,4,2024-06-22,58,F,5,valido,
13135,5719,5719007,4,2024-02-05,176,F,6,valido,
13136,5705,5705040,4,2024-09-03,93,F,1,valido,
13137,5791,5791010,2,2024-07-28,192,F,3,valido,
13138,5752,5752044,2,2024-02-19,54,F,6,valido,
13139,5705,5705025,1,2024-12-11,70,F,1,valido,
13140,5715,5715048,4,2024-02-23,130,F,2,valido,
13141,5799,5799001,1,2024-09-21,79,F,5,valido,
13142,5752,5752015,1,2024-04-06,36,F,6,valido,
13143,5713,5713029,3,2024-08-23,98,F,4,valido,
13144,5723,5723012,4,2024-10-24,157,F,4,valido,
13145,5741,5741033,1,2024-09-02,11,F,3,valido,
13146,5786,5786012,2,2024-02-12,20,F,3,valido,
13147,5750,5750014,4,2024-10-18,115,F,5,valido,
13148,5715,5715100,1,2024-12-17,32,F,2,valido,
13149,5768,5768065,4,2024-02-03,62,F,2,valido,
13150,5754,5754003,4,2024-11-15,75,F,2,valido,
13151,5720,5720007,2,2024-12-21,7,F,4,valido,
13152,5786,5786004,3,2024-08-26,197,F,3,valido,
13153,5717,5717026,1,2024-01-23,194,F,1,valido,
13154,5752,5752053,3,2024-04-14,84,F,6,valido,
13155,5711,5711001,1,2024-05-24,134,F,2,valido,
13156,5768,5768087,2,2024-08-13,3,F,2,valido,
13157,5705,5705091,3,2024-11-11,4,F,1,valido,
13158,5776,5776024,2,2024-04-23,120,F,6,valido,
13159,5717,5717027,1,2024-10-03,65,F,1,valido,
13160,5754,5754004,1,2024-06-13,53,F,2,valido,
13161,5705,5705008,1,2024-12-15,105,F,1,modificado,B: cantidad 0 -> 105. Municipal average 104.916667 from 12 positive quantities; rounded to unit.
13162,5725,5725093,3,2024-07-14,158,F,2,valido,
13163,5794,5794008,1,2024-12-24,169,F,5,valido,
13164,5725,5725109,4,2024-07-05,138,F,2,valido,
13165,5754,5754006,3,2024-09-28,146,F,2,valido,
13166,5705,5705018,2,2024-10-17,181,F,1,valido,
13167,5725,5725048,3,2024-09-16,57,F,2,valido,
13168,5717,5717006,4,2024-05-01,195,F,1,valido,
13169,5705,5705038,2,2024-03-11,73,F,1,valido,
13170,5725,5725064,4,2024-11-06,76,F,2,valido,
13171,5718,5718003,3,2024-05-20,11,F,3,valido,
13172,5720,5720016,3,2024-11-23,93,F,4,valido,
13173,5752,5752020,1,2024-12-15,194,F,6,valido,
13174,5797,5797004,3,2024-07-05,66,F,3,valido,
13175,5752,5752061,3,2024-01-08,62,F,6,valido,
13176,5715,5715026,4,2024-08-27,34,F,2,valido,
13177,5776,5776029,2,2024-06-13,187,F,6,valido,
13178,5741,5741034,4,2024-05-16,72,F,3,valido,
13179,5725,5725112,3,2024-10-07,6,F,2,valido,
13180,5725,5725096,1,2024-04-12,33,F,2,valido,
13181,5719,5719041,4,2024-12-07,57,F,6,valido,
13182,5741,5741012,4,2024-04-27,184,F,3,valido,
13183,5708,5708011,3,2024-04-21,190,F,4,valido,
13184,5715,5715121,4,2024-07-06,145,F,2,valido,
13185,5773,5773008,2,2024-08-28,42,F,3,valido,
13186,5752,5752037,2,2024-01-08,181,F,6,valido,
13187,5725,5725041,2,2024-11-03,3,F,2,valido,
13188,5713,5713020,4,2024-12-25,50,F,4,valido,
13189,5705,5705068,3,2024-04-08,10,F,1,valido,
13190,5705,5705030,4,2024-05-11,175,F,1,valido,
13191,5719,5719003,1,2024-10-03,97,F,6,valido,
13192,5705,5705011,4,2024-03-17,115,F,1,valido,
13193,5752,5752061,1,2024-07-11,17,F,6,valido,
13194,5781,5781006,2,2024-07-13,123,F,5,valido,
13195,5713,5713015,2,2024-05-19,118,F,4,valido,
13196,5752,5752050,3,2024-08-09,39,F,6,valido,
13197,5747,5747011,2,2024-12-19,16,F,4,valido,
13198,5708,5708003,4,2024-04-21,149,F,4,valido,
13199,5718,5718003,2,2024-10-01,82,F,3,valido,
13200,5705,5705106,3,2024-08-20,111,F,1,valido,
13201,5752,5752036,1,2024-08-05,181,F,6,valido,
13202,5725,5725089,4,2024-12-07,97,F,2,valido,
13203,5718,5718004,4,2024-11-26,87,F,3,valido,
13204,5799,5799002,3,2024-09-26,127,F,5,valido,
13205,5776,5776026,3,2024-08-26,77,F,6,valido,
13206,5705,5705097,1,2024-06-03,143,F,1,valido,
13207,5719,5719007,4,2024-04-06,87,F,6,valido,
13208,5713,5713042,3,2024-06-05,184,F,4,valido,
13209,5715,5715075,1,2024-05-13,37,F,2,valido,
13210,5768,5768085,3,2024-07-24,127,F,2,valido,
13211,5715,5715021,3,2024-10-14,167,F,2,valido,
13212,5717,5717022,1,2024-10-24,68,F,1,valido,
13213,5768,5768026,4,2024-05-14,162,F,2,valido,
13214,5747,5747030,1,2024-01-02,71,F,4,valido,
13215,5727,5727006,4,2024-10-05,153,F,6,valido,
13216,5713,5713014,4,2024-03-03,127,F,4,valido,
13217,5768,5768030,1,2024-05-02,116,F,2,valido,
13218,5773,5773012,2,2024-09-24,184,F,3,valido,
13219,5713,5713044,3,2024-05-21,176,F,4,valido,
13220,5752,5752056,1,2024-03-12,57,F,6,valido,
13221,5725,5725066,3,2024-01-23,156,F,2,valido,
13222,5776,5776004,3,2024-10-20,62,F,6,valido,
13223,5725,5725098,1,2024-10-16,17,F,2,valido,
13224,5797,5797004,3,2024-09-11,95,F,3,valido,
13225,5725,5725040,2,2024-01-22,85,F,2,valido,
13226,5715,5715003,2,2024-07-12,90,F,2,valido,
13227,5719,5719027,2,2024-10-12,152,F,6,valido,
13228,5741,5741004,2,2024-01-21,112,F,3,valido,
13229,5715,5715039,1,2024-11-05,159,F,2,valido,
13230,5720,5720005,2,2024-02-27,1,F,4,valido,
13231,5715,5715093,1,2024-02-09,1,F,2,valido,
13232,5705,5705048,2,2024-06-10,89,F,1,valido,
13233,5747,5747002,1,2024-10-28,148,F,4,valido,
13234,5754,5754025,2,2024-08-05,159,F,2,valido,
13235,5715,5715046,2,2024-07-04,27,F,2,valido,
13236,5717,5717022,2,2024-10-15,103,F,1,valido,
13237,5725,5725112,1,2024-10-07,180,F,2,valido,
13238,5776,5776031,2,2024-09-03,6,F,6,valido,
13239,5752,5752025,4,2024-06-08,95,F,6,valido,
13240,5705,5705124,4,2024-03-28,107,F,1,valido,
13241,5781,5781004,3,2024-05-03,129,F,5,valido,
13242,5725,5725055,3,2024-12-24,190,F,2,valido,
13243,5708,5708003,1,2024-05-23,90,F,4,valido,
13244,5781,5781001,2,2024-05-08,48,F,5,valido,
13245,5715,5715083,4,2024-08-20,157,F,2,valido,
13246,5725,5725023,4,2024-08-28,147,F,2,valido,
13247,5776,5776012,4,2024-07-04,186,F,6,valido,
13248,5720,5720013,3,2024-01-21,16,F,4,valido,
13249,5705,5705076,3,2024-01-06,99,F,1,valido,
13250,5768,5768010,3,2024-05-18,170,F,2,valido,
13251,5723,5723001,3,2024-09-14,12,F,4,valido,
13252,5713,5713008,1,2024-12-22,35,F,4,valido,
13253,5705,5705002,1,2024-07-15,198,F,1,valido,
13254,5794,5794004,3,2024-01-02,12,F,5,valido,
13255,5715,5715081,4,2024-07-13,174,F,2,valido,
13256,5747,5747009,1,2024-07-12,93,F,4,valido,
13257,5719,5719004,3,2024-06-07,79,F,6,valido,
13258,5768,5768032,1,2024-04-13,106,F,2,valido,
13259,5754,5754014,1,2024-10-01,186,F,2,valido,
13260,5768,5768035,3,2024-03-27,3,F,2,valido,
13261,5715,5715074,3,2024-10-04,122,F,2,valido,
13262,5741,5741001,1,2024-05-18,101,F,3,valido,
13263,5715,5715027,4,2024-01-14,2,F,2,valido,
13264,5727,5727021,2,2024-03-08,96,F,6,valido,
13265,5768,5768085,2,2024-10-22,9,F,2,valido,
13266,5752,5752061,4,2024-03-20,196,F,6,valido,
13267,5795,5795001,4,2024-09-01,109,F,5,valido,
13268,5752,5752031,4,2024-03-05,94,F,6,valido,
13269,5725,5725032,2,2024-12-24,125,F,2,valido,
13270,5773,5773017,1,2024-02-28,157,F,3,valido,
13271,5752,5752058,4,2024-06-19,182,F,6,valido,
13272,5754,5754030,2,2024-07-22,53,F,2,valido,
13273,5776,5776011,3,2024-07-25,178,F,6,valido,
13274,5750,5750029,3,2024-11-10,158,F,5,valido,
13275,5723,5723008,3,2024-08-03,119,F,4,valido,
13276,5715,5715019,4,2024-09-10,145,F,2,valido,
13277,5725,5725048,1,2024-05-12,181,F,2,valido,
13278,5776,5776024,1,2024-09-23,34,F,6,valido,
13279,5715,5715015,1,2024-02-14,147,F,2,valido,
13280,5715,5715115,2,2024-12-11,13,F,2,valido,
13281,5705,5705051,1,2024-09-18,101,F,1,valido,
13282,5705,5705020,2,2024-12-05,39,F,1,valido,
13283,5725,5725066,1,2024-05-26,142,F,2,valido,
13284,5786,5786013,2,2024-04-17,26,F,3,valido,
13285,5754,5754010,2,2024-04-11,160,F,2,valido,
13286,5705,5705081,1,2024-05-20,186,F,1,valido,
13287,5715,5715084,2,2024-03-24,197,F,2,valido,
13288,5791,5791001,3,2024-12-28,12,F,3,valido,
13289,5705,5705037,2,2024-07-18,15,F,1,valido,
13290,5754,5754039,1,2024-02-12,4,F,2,valido,
13291,5715,5715052,2,2024-11-16,98,F,2,valido,
13292,5708,5708010,4,2024-07-27,60,F,4,valido,
13293,5766,5766014,2,2024-08-09,59,F,1,valido,
13294,5773,5773018,2,2024-06-14,184,F,3,valido,
13295,5713,5713035,1,2024-11-11,128,F,4,valido,
13296,5715,5715101,3,2024-10-21,176,F,2,valido,
13297,5768,5768051,2,2024-12-20,141,F,2,valido,
13298,5776,5776027,2,2024-05-08,141,F,6,valido,
13299,5744,5744013,1,2024-10-21,138,F,4,valido,
13300,5786,5786009,3,2024-10-06,21,F,3,valido,
13301,5727,5727018,3,2024-12-18,36,F,6,valido,
13302,5786,5786012,3,2024-12-19,58,F,3,valido,
13303,5720,5720024,4,2024-04-25,100,F,4,valido,
13304,5750,5750016,3,2024-09-15,63,F,5,valido,
13305,5705,5705071,1,2024-06-21,57,F,1,valido,
13306,5741,5741016,1,2024-05-22,140,F,3,valido,
13307,5715,5715005,4,2024-12-24,32,F,2,valido,
13308,5705,5705086,3,2024-05-10,122,F,1,valido,
13309,5741,5741021,4,2024-05-20,91,F,3,valido,
13310,5773,5773015,1,2024-03-06,111,F,3,valido,
13311,5768,5768006,2,2024-01-01,66,F,2,valido,
13312,5718,5718002,4,2024-07-21,60,F,3,valido,
13313,5794,5794009,2,2024-02-25,25,F,5,valido,
13314,5711,5711001,2,2024-12-27,101,F,2,valido,
13315,5725,5725107,2,2024-06-19,160,F,2,valido,
13316,5747,5747016,1,2024-06-15,96,F,4,valido,
13317,5725,5725104,3,2024-05-09,187,F,2,valido,
13318,5786,5786011,3,2024-10-09,161,F,3,valido,
13319,5752,5752031,2,2024-07-14,192,F,6,valido,
13320,5713,5713012,4,2024-03-12,124,F,4,valido,
13321,5705,5705071,1,2024-05-17,153,F,1,valido,
13322,5752,5752003,3,2024-11-20,35,F,6,valido,
13323,5752,5752039,4,2024-09-06,52,F,6,valido,
13324,5715,5715018,1,2024-09-24,163,F,2,valido,
13325,5776,5776032,3,2024-02-21,15,F,6,valido,
13326,5768,5768036,4,2024-12-01,56,F,2,valido,
13327,5768,5768001,4,2024-01-03,14,F,2,valido,
13328,5768,5768079,2,2024-11-08,160,F,2,valido,
13329,5715,5715074,1,2024-06-28,164,F,2,valido,
13330,5754,5754015,1,2024-03-05,170,F,2,valido,
13331,5752,5752020,2,2024-02-15,156,F,6,valido,
13332,5715,5715001,2,2024-11-15,26,F,2,valido,
13333,5715,5715009,4,2024-08-23,27,F,2,valido,
13334,5773,5773008,4,2024-12-28,18,F,3,valido,
13335,5717,5717016,4,2024-02-21,7,F,1,valido,
13336,5717,5717010,3,2024-07-28,58,F,1,valido,
13337,5741,5741016,3,2024-12-08,167,F,3,valido,
13338,5715,5715007,1,2024-07-01,55,F,2,valido,
13339,5741,5741015,3,2024-08-16,172,F,3,valido,
13340,5725,5725002,4,2024-02-18,35,F,2,valido,
13341,5719,5719032,2,2024-01-28,5,F,6,valido,
13342,5705,5705082,3,2024-01-08,115,F,1,valido,
13343,5715,5715092,3,2024-03-21,127,F,2,valido,
13344,5717,5717016,4,2024-09-05,28,F,1,valido,
13345,5705,5705056,4,2024-06-03,102,F,1,valido,
13346,5776,5776028,1,2024-11-27,117,F,6,valido,
13347,5720,5720024,2,2024-12-09,24,F,4,valido,
13348,5713,5713001,2,2024-01-25,112,F,4,valido,
13349,5776,5776011,2,2024-09-17,74,F,6,valido,
13350,5727,5727005,2,2024-08-27,186,F,6,valido,
13351,5727,5727027,1,2024-02-19,17,F,6,valido,
13352,5725,5725005,4,2024-11-24,111,F,2,valido,
13353,5752,5752001,1,2024-03-13,192,F,6,valido,
13354,5720,5720002,1,2024-01-12,4,F,4,valido,
13355,5725,5725062,1,2024-07-05,2,F,2,valido,
13356,5705,5705023,2,2024-08-13,100,F,1,valido,
13357,5752,5752008,3,2024-02-17,96,F,6,valido,
13358,5773,5773023,2,2024-08-12,29,F,3,valido,
13359,5725,5725102,3,2024-08-19,176,F,2,valido,
13360,5715,5715089,3,2024-10-19,11,F,2,valido,
13361,5754,5754038,4,2024-08-28,119,F,2,valido,
13362,5720,5720015,1,2024-11-16,166,F,4,valido,
13363,5744,5744005,1,2024-05-07,153,F,4,valido,
13364,5705,5705119,3,2024-11-23,126,F,1,valido,
13365,5785,5785012,4,2024-04-03,179,F,5,valido,
13366,5768,5768046,2,2024-10-16,76,F,2,valido,
13367,5768,5768065,2,2024-02-06,136,F,2,valido,
13368,5727,5727011,1,2024-05-24,86,F,6,valido,
13369,5770,5770010,1,2024-05-15,17,F,4,valido,
13370,5766,5766004,4,2024-07-23,148,F,1,valido,
13371,5747,5747030,1,2024-08-16,121,F,4,valido,
13372,5713,5713018,1,2024-04-12,92,F,4,valido,
13373,5713,5713028,1,2024-05-04,171,F,4,valido,
13374,5768,5768033,4,2024-08-02,42,F,2,valido,
13375,5705,5705049,3,2024-11-24,156,F,1,valido,
13376,5741,5741014,4,2024-06-02,23,F,3,valido,
13377,5766,5766004,2,2024-10-26,91,F,1,valido,
13378,5713,5713014,2,2024-11-18,32,F,4,valido,
13379,5725,5725029,3,2024-06-28,97,F,2,valido,
13380,5797,5797001,2,2024-10-12,194,F,3,valido,
13381,5794,5794004,3,2024-10-02,97,F,5,valido,
13382,5725,5725024,1,2024-01-25,45,F,2,valido,
13383,5725,5725106,1,2024-03-28,30,F,2,valido,
13384,5781,5781002,1,2024-04-09,87,F,5,valido,
13385,5723,5723021,4,2024-07-19,148,F,4,valido,
13386,5719,5719016,1,2024-04-02,85,F,6,valido,
13387,5723,5723021,4,2024-08-05,136,F,4,valido,
13388,5752,5752060,4,2024-02-11,12,F,6,valido,
13389,5744,5744001,4,2024-12-11,39,F,4,valido,
13390,5770,5770011,4,2024-06-26,1,F,4,valido,
13391,5750,5750019,2,2024-03-13,63,F,5,valido,
13392,5766,5766011,4,2024-04-15,25,F,1,valido,
13393,5768,5768087,3,2024-01-28,10,F,2,valido,
13394,5776,5776034,4,2024-04-22,162,F,6,valido,
13395,5705,5705101,3,2024-06-02,91,F,1,valido,
13396,5705,5705017,3,2024-02-04,132,F,1,valido,
13397,5725,5725040,1,2024-01-17,127,F,2,valido,
13398,5770,5770010,1,2024-01-15,48,F,4,valido,
13399,5752,5752063,1,2024-04-11,182,F,6,valido,
13400,5773,5773023,1,2024-09-03,82,F,3,valido,
13401,5741,5741025,4,2024-12-15,111,F,3,valido,
13402,5768,5768021,4,2024-12-27,154,F,2,valido,
13403,5725,5725077,4,2024-01-15,200,F,2,valido,
13404,5705,5705118,1,2024-10-08,114,F,1,valido,
13405,5747,5747007,4,2024-04-10,32,F,4,valido,
13406,5768,5768020,1,2024-09-13,10,F,2,valido,
13407,5705,5705094,2,2024-05-05,151,F,1,valido,
13408,5768,5768040,2,2024-04-25,153,F,2,valido,
13409,5717,5717001,3,2024-04-13,7,F,1,valido,
13410,5763,5763001,2,2024-07-04,22,F,1,valido,
13411,5768,5768080,4,2024-10-05,86,F,2,valido,
13412,5718,5718005,3,2024-02-01,166,F,3,valido,
13413,5768,5768048,2,2024-01-06,172,F,2,valido,
13414,5725,5725113,3,2024-12-16,79,F,2,valido,
13415,5708,5708021,4,2024-09-12,113,F,4,valido,
13416,5768,5768065,4,2024-03-14,79,F,2,valido,
13417,5705,5705030,3,2024-06-28,134,F,1,valido,
13418,5752,5752059,3,2024-06-05,154,F,6,valido,
13419,5715,5715114,4,2024-08-28,34,F,2,valido,
13420,5752,5752003,2,2024-05-03,149,F,6,valido,
13421,5776,5776029,3,2024-08-24,152,F,6,valido,
13422,5717,5717022,3,2024-01-09,57,F,1,valido,
13423,5781,5781003,2,2024-11-27,13,F,5,valido,
13424,5725,5725116,3,2024-02-17,175,F,2,valido,
13425,5705,5705043,2,2024-09-08,85,F,1,valido,
13426,5766,5766001,3,2024-12-02,23,F,1,valido,
13427,5785,5785018,3,2024-02-14,45,F,5,valido,
13428,5768,5768059,2,2024-09-17,12,F,2,valido,
13429,5725,5725019,2,2024-12-04,94,F,2,valido,
13430,5768,5768033,4,2024-08-19,107,F,2,valido,
13431,5719,5719024,1,2024-10-22,58,F,6,valido,
13432,5715,5715118,3,2024-01-09,102,F,2,valido,
13433,5719,5719032,1,2024-03-05,169,F,6,valido,
13434,5725,5725032,3,2024-11-13,84,F,2,valido,
13435,5786,5786005,2,2024-05-27,81,F,3,valido,
13436,5768,5768051,3,2024-09-08,76,F,2,valido,
13437,5715,5715003,4,2024-03-09,7,F,2,valido,
13438,5785,5785015,3,2024-09-16,120,F,5,valido,
13439,5715,5715005,2,2024-08-13,165,F,2,valido,
13440,5770,5770012,1,2024-09-24,15,F,4,valido,
13441,5754,5754004,3,2024-01-20,85,F,2,valido,
13442,5750,5750007,1,2024-06-10,98,F,5,valido,
13443,5715,5715095,3,2024-02-16,148,F,2,valido,
13444,5713,5713023,3,2024-12-09,127,F,4,valido,
13445,5754,5754039,1,2024-07-22,59,F,2,valido,
13446,5715,5715068,3,2024-04-04,77,F,2,valido,
13447,5791,5791009,4,2024-10-13,134,F,3,valido,
13448,5750,5750028,4,2024-06-23,123,F,5,valido,
13449,5776,5776037,4,2024-09-19,44,F,6,valido,
13450,5776,5776013,2,2024-10-23,73,F,6,valido,
13451,5754,5754018,2,2024-12-12,192,F,2,valido,
13452,5715,5715122,1,2024-04-01,17,F,2,valido,
13453,5708,5708010,2,2024-02-21,147,F,4,valido,
13454,5776,5776038,4,2024-07-13,96,F,6,valido,
13455,5752,5752037,1,2024-08-25,17,F,6,valido,
13456,5713,5713020,4,2024-10-01,104,F,4,valido,
13457,5705,5705032,3,2024-04-01,24,F,1,valido,
13458,5723,5723002,4,2024-12-01,139,F,4,valido,
13459,5705,5705112,3,2024-05-05,184,F,1,valido,
13460,5715,5715089,1,2024-12-14,74,F,2,valido,
13461,5741,5741011,1,2024-11-25,8,F,3,valido,
13462,5747,5747019,1,2024-06-13,187,F,4,valido,
13463,5768,5768003,2,2024-05-25,25,F,2,valido,
13464,5723,5723018,3,2024-11-20,23,F,4,valido,
13465,5719,5719007,2,2024-06-12,122,F,6,valido,
13466,5713,5713004,3,2024-11-18,130,F,4,valido,
13467,5773,5773002,4,2024-05-20,145,F,3,valido,
13468,5708,5708002,1,2024-01-02,137,F,4,valido,
13469,5786,5786009,4,2024-10-23,132,F,3,valido,
13470,5725,5725049,1,2024-02-18,165,F,2,valido,
13471,5752,5752017,1,2024-08-02,44,F,6,valido,
13472,5705,5705071,1,2024-01-06,83,F,1,valido,
13473,5750,5750017,3,2024-11-06,98,F,5,valido,
13474,5725,5725010,1,2024-01-20,20,F,2,valido,
13475,5708,5708019,1,2024-08-12,16,F,4,valido,
13476,5705,5705011,2,2024-03-24,135,F,1,valido,
13477,5741,5741010,3,2024-02-02,177,F,3,valido,
13478,5768,5768062,4,2024-05-19,99,F,2,valido,
13479,5719,5719001,2,2024-01-25,43,F,6,valido,
13480,5705,5705050,1,2024-06-18,170,F,1,valido,
13481,5723,5723029,4,2024-03-03,32,F,4,valido,
13482,5773,5773007,1,2024-05-28,148,F,3,valido,
13483,5723,5723025,2,2024-09-15,27,F,4,valido,
13484,5741,5741026,2,2024-02-04,136,F,3,valido,
13485,5785,5785016,2,2024-06-08,165,F,5,valido,
13486,5719,5719040,3,2024-12-17,186,F,6,valido,
13487,5794,5794007,4,2024-11-27,84,F,5,valido,
13488,5725,5725094,3,2024-01-25,144,F,2,valido,
13489,5718,5718007,2,2024-12-19,153,F,3,valido,
13490,5768,5768040,2,2024-06-05,102,F,2,valido,
13491,5723,5723020,3,2024-04-17,60,F,4,valido,
13492,5794,5794007,2,2024-04-12,1,F,5,valido,
13493,5768,5768040,2,2024-03-26,141,F,2,valido,
13494,5785,5785004,1,2024-03-19,80,F,5,valido,
13495,5715,5715042,2,2024-04-08,180,F,2,valido,
13496,5705,5705028,1,2024-01-20,128,F,1,valido,
13497,5715,5715092,2,2024-07-25,48,F,2,valido,
13498,5754,5754023,1,2024-03-16,57,F,2,valido,
13499,5717,5717022,1,2024-11-15,75,F,1,valido,
13500,5752,5752050,4,2024-01-20,148,F,6,valido,
13501,5718,5718009,2,2024-10-09,184,F,3,valido,
13502,5719,5719015,2,2024-11-21,185,F,6,valido,
13503,5725,5725096,2,2024-08-15,161,F,2,valido,
13504,5705,5705096,2,2024-10-08,117,F,1,valido,
13505,5725,5725076,2,2024-02-10,173,F,2,valido,
13506,5723,5723008,2,2024-03-03,112,F,4,valido,
13507,5715,5715030,3,2024-03-03,46,F,2,valido,
13508,5752,5752041,4,2024-02-19,3,F,6,valido,
13509,5754,5754012,2,2024-10-26,53,F,2,valido,
13510,5747,5747028,4,2024-06-12,104,F,4,valido,
13511,5713,5713030,4,2024-08-21,60,F,4,valido,
13512,5725,5725074,2,2024-01-25,155,F,2,valido,
13513,5744,5744007,1,2024-12-22,99,F,4,valido,
13514,5750,5750015,4,2024-09-22,25,F,5,valido,
13515,5705,5705004,3,2024-11-01,178,F,1,valido,
13516,5752,5752012,3,2024-08-15,106,F,6,valido,
13517,5770,5770013,2,2024-01-27,144,F,4,valido,
13518,5725,5725007,4,2024-07-17,167,F,2,valido,
13519,5705,5705089,4,2024-05-05,75,F,1,valido,
13520,5741,5741018,4,2024-12-11,157,F,3,valido,
13521,5768,5768028,1,2024-05-01,61,F,2,valido,
13522,5705,5705089,2,2024-10-02,49,F,1,valido,
13523,5725,5725043,1,2024-12-19,105,F,2,valido,
13524,5705,5705005,4,2024-03-20,102,F,1,valido,
13525,5719,5719004,2,2024-03-25,155,F,6,valido,
13526,5723,5723018,1,2024-02-27,61,F,4,valido,
13527,5705,5705030,3,2024-06-15,107,F,1,valido,
13528,5725,5725027,4,2024-07-16,123,F,2,valido,
13529,5776,5776042,2,2024-07-02,28,F,6,valido,
13530,5723,5723029,4,2024-06-27,74,F,4,valido,
13531,5768,5768006,2,2024-12-06,108,F,2,valido,
13532,5741,5741017,1,2024-12-13,160,F,3,valido,
13533,5715,5715100,3,2024-04-22,167,F,2,valido,
13534,5773,5773006,3,2024-05-02,83,F,3,valido,
13535,5766,5766002,3,2024-12-01,100,F,1,valido,
13536,5754,5754040,2,2024-05-07,18,F,2,valido,
13537,5715,5715078,2,2024-06-26,48,F,2,valido,
13538,5715,5715035,1,2024-05-19,174,F,2,valido,
13539,5715,5715076,3,2024-01-04,134,F,2,valido,
13540,5725,5725088,2,2024-01-06,30,F,2,valido,
13541,5763,5763007,3,2024-11-25,200,F,1,valido,
13542,5776,5776024,1,2024-03-02,90,F,6,valido,
13543,5752,5752006,4,2024-04-08,192,F,6,valido,
13544,5715,5715027,1,2024-08-27,57,F,2,valido,
13545,5705,5705104,2,2024-08-07,149,F,1,valido,
13546,5752,5752025,2,2024-06-17,30,F,6,valido,
13547,5766,5766014,1,2024-10-17,10,F,1,valido,
13548,5725,5725058,1,2024-01-13,40,F,2,valido,
13549,5750,5750021,2,2024-06-26,16,F,5,valido,
13550,5763,5763005,4,2024-03-24,154,F,1,valido,
13551,5705,5705118,2,2024-09-11,7,F,1,valido,
13552,5717,5717016,1,2024-08-20,62,F,1,valido,
13553,5754,5754015,4,2024-06-17,71,F,2,valido,
13554,5795,5795003,1,2024-06-17,57,F,5,valido,
13555,5723,5723009,4,2024-03-19,73,F,4,valido,
13556,5725,5725074,3,2024-02-26,3,F,2,valido,
13557,5768,5768024,3,2024-01-18,145,F,2,valido,
13558,5725,5725025,1,2024-10-09,45,F,2,valido,
13559,5770,5770020,1,2024-06-04,91,F,4,valido,
13560,5741,5741008,1,2024-03-08,112,F,3,valido,
13561,5715,5715067,3,2024-05-13,148,F,2,valido,
13562,5725,5725005,2,2024-04-18,183,F,2,valido,
13563,5715,5715092,1,2024-03-03,128,F,2,valido,
13564,5705,5705119,4,2024-02-21,170,F,1,valido,
13565,5715,5715027,2,2024-06-27,119,F,2,valido,
13566,5715,5715101,2,2024-10-15,195,F,2,valido,
13567,5776,5776037,2,2024-12-14,149,F,6,valido,
13568,5715,5715092,3,2024-04-28,44,F,2,valido,
13569,5754,5754029,1,2024-12-23,77,F,2,valido,
13570,5705,5705064,3,2024-08-11,93,F,1,valido,
13571,5723,5723002,3,2024-03-19,133,F,4,valido,
13572,5727,5727010,1,2024-05-16,103,F,6,valido,
13573,5776,5776028,1,2024-06-21,38,F,6,valido,
13574,5776,5776007,3,2024-02-15,82,F,6,valido,
13575,5752,5752053,1,2024-04-09,153,F,6,valido,
13576,5747,5747007,3,2024-12-12,185,F,4,valido,
13577,5752,5752057,4,2024-08-19,95,F,6,valido,
13578,5705,5705079,2,2024-05-22,101,F,1,valido,
13579,5785,5785010,1,2024-03-03,37,F,5,valido,
13580,5725,5725066,1,2024-05-20,15,F,2,valido,
13581,5715,5715102,2,2024-05-11,67,F,2,valido,
13582,5723,5723003,3,2024-03-04,125,F,4,valido,
13583,5770,5770009,1,2024-02-18,105,F,4,valido,
13584,5713,5713024,4,2024-02-22,138,F,4,valido,
13585,5715,5715114,1,2024-02-28,7,F,2,valido,
13586,5715,5715071,3,2024-11-06,127,F,2,valido,
13587,5725,5725044,4,2024-01-19,102,F,2,valido,
13588,5773,5773039,4,2024-05-18,125,F,3,valido,
13589,5708,5708004,3,2024-03-17,48,F,4,valido,
13590,5713,5713019,3,2024-09-20,24,F,4,valido,
13591,5705,5705078,2,2024-10-14,157,F,1,valido,
13592,5708,5708012,1,2024-03-09,60,F,4,valido,
13593,5768,5768024,1,2024-06-12,7,F,2,valido,
13594,5719,5719012,2,2024-01-20,22,F,6,valido,
13595,5770,5770009,3,2024-03-04,167,F,4,valido,
13596,5768,5768008,3,2024-11-10,32,F,2,valido,
13597,5768,5768061,3,2024-04-19,46,F,2,valido,
13598,5752,5752031,4,2024-12-13,111,F,6,valido,
13599,5776,5776011,4,2024-09-09,14,F,6,valido,
13600,5719,5719010,3,2024-01-26,128,F,6,valido,
13601,5713,5713045,3,2024-05-22,85,F,4,valido,
13602,5786,5786009,3,2024-07-07,175,F,3,valido,
13603,5715,5715120,2,2024-04-11,148,F,2,valido,
13604,5727,5727016,4,2024-03-08,181,F,6,valido,
13605,5747,5747015,2,2024-04-01,86,F,4,valido,
13606,5713,5713019,4,2024-10-22,16,F,4,valido,
13607,5754,5754027,2,2024-11-28,44,F,2,valido,
13608,5744,5744011,4,2024-11-20,83,F,4,valido,
13609,5752,5752009,1,2024-09-13,151,F,6,valido,
13610,5752,5752022,2,2024-09-11,67,F,6,valido,
13611,5768,5768049,2,2024-04-03,163,F,2,valido,
13612,5776,5776006,1,2024-05-17,99,F,6,valido,
13613,5705,5705010,2,2024-10-17,19,F,1,valido,
13614,5776,5776019,3,2024-10-20,94,F,6,valido,
13615,5754,5754029,4,2024-04-13,94,F,2,valido,
13616,5705,5705074,3,2024-12-04,100,F,1,valido,
13617,5727,5727022,3,2024-07-01,34,F,6,valido,
13618,5768,5768082,2,2024-06-16,70,F,2,valido,
13619,5725,5725066,2,2024-04-20,168,F,2,valido,
13620,5725,5725038,4,2024-01-17,117,F,2,valido,
13621,5718,5718013,3,2024-01-23,195,F,3,valido,
13622,5720,5720019,4,2024-11-18,192,F,4,valido,
13623,5717,5717024,2,2024-07-11,25,F,1,valido,
13624,5705,5705002,3,2024-09-05,171,F,1,valido,
13625,5741,5741006,2,2024-12-01,105,F,3,valido,
13626,5725,5725080,3,2024-03-21,110,F,2,valido,
13627,5715,5715093,2,2024-06-06,130,F,2,valido,
13628,5727,5727010,1,2024-03-15,177,F,6,valido,
13629,5715,5715117,2,2024-07-24,31,F,2,valido,
13630,5770,5770002,2,2024-11-26,91,F,4,valido,
13631,5786,5786006,4,2024-11-17,29,F,3,valido,
13632,5750,5750002,1,2024-06-28,88,F,5,valido,
13633,5770,5770020,2,2024-08-11,118,F,4,valido,
13634,5713,5713044,3,2024-03-22,106,F,4,valido,
13635,5752,5752064,2,2024-08-18,145,F,6,valido,
13636,5717,5717020,1,2024-03-22,77,F,1,valido,
13637,5705,5705106,1,2024-11-05,188,F,1,valido,
13638,5754,5754029,3,2024-04-23,196,F,2,valido,
13639,5776,5776001,2,2024-11-08,102,F,6,valido,
13640,5713,5713032,2,2024-12-16,194,F,4,valido,
13641,5768,5768021,3,2024-07-18,183,F,2,valido,
13642,5717,5717022,4,2024-04-20,18,F,1,valido,
13643,5768,5768075,1,2024-03-24,41,F,2,valido,
13644,5715,5715061,3,2024-07-06,130,F,2,valido,
13645,5705,5705020,4,2024-01-19,192,F,1,valido,
13646,5715,5715021,3,2024-06-11,93,F,2,valido,
13647,5785,5785007,4,2024-12-28,157,F,5,valido,
13648,5773,5773007,3,2024-01-28,52,F,3,valido,
13649,5725,5725079,2,2024-07-23,141,F,2,valido,
13650,5708,5708009,1,2024-02-12,117,F,4,valido,
13651,5720,5720008,4,2024-02-25,107,F,4,valido,
13652,5720,5720013,3,2024-06-03,8,F,4,valido,
13653,5717,5717026,3,2024-04-08,196,F,1,valido,
13654,5770,5770001,4,2024-02-23,154,F,4,valido,
13655,5717,5717009,3,2024-04-14,172,F,1,valido,
13656,5725,5725100,3,2024-08-09,170,F,2,valido,
13657,5717,5717012,1,2024-11-21,107,F,1,valido,
13658,5752,5752039,2,2024-07-13,22,F,6,valido,
13659,5727,5727013,2,2024-11-13,143,F,6,valido,
13660,5727,5727021,4,2024-02-28,127,F,6,valido,
13661,5715,5715050,1,2024-01-26,110,F,2,valido,
13662,5715,5715073,2,2024-08-04,83,F,2,valido,
13663,5785,5785014,1,2024-01-20,94,F,5,valido,
13664,5794,5794001,1,2024-04-13,17,F,5,valido,
13665,5773,5773012,2,2024-04-08,185,F,3,valido,
13666,5715,5715023,3,2024-06-26,88,F,2,valido,
13667,5725,5725016,1,2024-08-25,53,F,2,valido,
13668,5750,5750014,2,2024-03-28,153,F,5,valido,
13669,5794,5794007,4,2024-08-01,139,F,5,valido,
13670,5768,5768039,1,2024-08-16,29,F,2,valido,
13671,5718,5718011,3,2024-10-17,43,F,3,valido,
13672,5747,5747030,1,2024-03-10,101,F,4,valido,
13673,5715,5715075,4,2024-06-02,136,F,2,valido,
13674,5725,5725051,3,2024-10-03,142,F,2,valido,
13675,5725,5725048,3,2024-12-22,24,F,2,valido,
13676,5750,5750018,3,2024-12-10,16,F,5,valido,
13677,5770,5770005,2,2024-07-08,129,F,4,valido,
13678,5752,5752006,1,2024-11-10,162,F,6,valido,
13679,5754,5754003,1,2024-05-04,65,F,2,valido,
13680,5727,5727030,2,2024-12-15,141,F,6,valido,
13681,5719,5719022,3,2024-02-09,169,F,6,valido,
13682,5768,5768004,2,2024-02-03,51,F,2,valido,
13683,5715,5715083,2,2024-10-05,68,F,2,valido,
13684,5720,5720006,3,2024-12-11,177,F,4,valido,
13685,5752,5752001,2,2024-04-21,113,F,6,valido,
13686,5705,5705086,4,2024-05-22,116,F,1,valido,
13687,5723,5723006,2,2024-03-09,194,F,4,valido,
13688,5717,5717024,4,2024-01-03,81,F,1,valido,
13689,5715,5715104,2,2024-04-11,31,F,2,valido,
13690,5773,5773035,2,2024-08-20,86,F,3,valido,
13691,5741,5741023,1,2024-05-24,27,F,3,valido,
13692,5752,5752061,2,2024-02-02,120,F,6,valido,
13693,5776,5776040,2,2024-03-03,153,F,6,valido,
13694,5705,5705004,4,2024-01-08,143,F,1,valido,
13695,5773,5773027,1,2024-12-15,120,F,3,valido,
13696,5713,5713042,2,2024-05-20,166,F,4,valido,
13697,5741,5741036,3,2024-05-09,157,F,3,valido,
13698,5715,5715028,3,2024-03-08,134,F,2,valido,
13699,5705,5705093,4,2024-11-12,64,F,1,valido,
13700,5705,5705115,3,2024-08-05,123,F,1,valido,
13701,5708,5708013,3,2024-10-20,200,F,4,valido,
13702,5715,5715008,3,2024-05-03,69,F,2,valido,
13703,5776,5776026,2,2024-04-22,5,F,6,valido,
13704,5713,5713038,1,2024-01-16,8,F,4,valido,
13705,5773,5773003,1,2024-07-21,104,F,3,valido,
13706,5768,5768004,4,2024-08-27,158,F,2,valido,
13707,5768,5768032,1,2024-08-04,89,F,2,valido,
13708,5725,5725112,2,2024-03-08,80,F,2,valido,
13709,5705,5705018,2,2024-10-18,167,F,1,valido,
13710,5754,5754019,3,2024-08-06,123,F,2,valido,
13711,5715,5715026,2,2024-02-15,52,F,2,valido,
13712,5723,5723018,3,2024-07-24,93,F,4,valido,
13713,5715,5715030,2,2024-01-11,41,F,2,valido,
13714,5719,5719016,2,2024-03-13,120,F,6,valido,
13715,5747,5747013,1,2024-01-28,129,F,4,valido,
13716,5768,5768027,3,2024-06-26,126,F,2,valido,
13717,5715,5715017,3,2024-05-24,170,F,2,valido,
13718,5725,5725050,2,2024-11-19,106,F,2,valido,
13719,5741,5741019,2,2024-06-03,76,F,3,valido,
13720,5725,5725049,2,2024-03-25,106,F,2,valido,
13721,5773,5773018,2,2024-12-13,21,F,3,valido,
13722,5715,5715016,3,2024-04-08,139,F,2,valido,
13723,5705,5705096,4,2024-03-11,64,F,1,valido,
13724,5719,5719013,1,2024-08-25,199,F,6,valido,
13725,5725,5725024,4,2024-09-14,44,F,2,valido,
13726,5768,5768044,1,2024-09-19,46,F,2,valido,
13727,5750,5750006,3,2024-06-05,114,F,5,valido,
13728,5766,5766011,4,2024-02-01,130,F,1,valido,
13729,5741,5741019,2,2024-11-03,61,F,3,valido,
13730,5719,5719014,2,2024-11-25,71,F,6,valido,
13731,5723,5723013,1,2024-07-16,143,F,4,valido,
13732,5750,5750009,1,2024-03-13,161,F,5,valido,
13733,5715,5715048,1,2024-11-18,46,F,2,valido,
13734,5747,5747005,3,2024-07-24,127,F,4,valido,
13735,5741,5741028,3,2024-08-28,26,F,3,valido,
13736,5725,5725031,4,2024-05-20,22,F,2,valido,
13737,5754,5754019,3,2024-07-23,70,F,2,valido,
13738,5741,5741034,1,2024-05-19,29,F,3,valido,
13739,5719,5719013,2,2024-11-24,137,F,6,valido,
13740,5754,5754025,4,2024-12-06,76,F,2,valido,
13741,5725,5725067,3,2024-11-28,94,F,2,valido,
13742,5708,5708012,2,2024-01-23,114,F,4,valido,
13743,5747,5747002,1,2024-10-26,22,F,4,valido,
13744,5768,5768073,3,2024-03-19,126,F,2,valido,
13745,5705,5705077,3,2024-12-22,76,F,1,valido,
13746,5768,5768059,1,2024-04-16,194,F,2,valido,
13747,5725,5725004,4,2024-11-26,130,F,2,valido,
13748,5715,5715053,3,2024-11-08,112,F,2,valido,
13749,5723,5723010,1,2024-03-02,88,F,4,valido,
13750,5781,5781007,4,2024-02-12,16,F,5,valido,
13751,5719,5719039,4,2024-07-04,185,F,6,valido,
13752,5773,5773033,4,2024-08-18,170,F,3,valido,
13753,5719,5719027,4,2024-07-20,30,F,6,valido,
13754,5705,5705052,2,2024-07-21,52,F,1,valido,
13755,5715,5715059,1,2024-11-25,116,F,2,valido,
13756,5766,5766001,4,2024-05-17,149,F,1,valido,
13757,5747,5747021,1,2024-12-14,62,F,4,valido,
13758,5705,5705041,2,2024-03-27,39,F,1,valido,
13759,5717,5717003,1,2024-04-04,117,F,1,valido,
13760,5768,5768047,2,2024-08-03,113,F,2,valido,
13761,5720,5720017,3,2024-03-16,40,F,4,valido,
13762,5773,5773006,1,2024-04-23,3,F,3,valido,
13763,5723,5723003,2,2024-07-08,83,F,4,valido,
13764,5720,5720017,3,2024-09-09,131,F,4,valido,
13765,5747,5747020,4,2024-11-14,107,F,4,valido,
13766,5754,5754036,3,2024-05-26,56,F,2,valido,
13767,5723,5723021,1,2024-09-10,147,F,4,valido,
13768,5747,5747021,2,2024-08-09,143,F,4,valido,
13769,5705,5705122,4,2024-04-25,147,F,1,valido,
13770,5752,5752057,4,2024-12-16,85,F,6,valido,
13771,5718,5718003,3,2024-11-01,6,F,3,valido,
13772,5773,5773038,4,2024-09-25,125,F,3,valido,
13773,5725,5725044,2,2024-08-25,40,F,2,valido,
13774,5747,5747020,2,2024-08-28,166,F,4,valido,
13775,5727,5727023,3,2024-01-22,135,F,6,valido,
13776,5718,5718009,3,2024-06-18,175,F,3,valido,
13777,5752,5752031,2,2024-04-27,46,F,6,valido,
13778,5715,5715021,2,2024-12-11,150,F,2,valido,
13779,5720,5720025,3,2024-01-17,69,F,4,valido,
13780,5705,5705118,3,2024-02-15,25,F,1,valido,
13781,5773,5773038,1,2024-07-27,53,F,3,valido,
13782,5717,5717012,3,2024-09-28,161,F,1,valido,
13783,5768,5768029,3,2024-04-24,4,F,2,valido,
13784,5768,5768052,4,2024-04-04,1,F,2,valido,
13785,5715,5715064,3,2024-05-15,5,F,2,valido,
13786,5768,5768002,1,2024-09-04,172,F,2,valido,
13787,5720,5720013,2,2024-06-18,155,F,4,valido,
13788,5715,5715061,1,2024-08-22,121,F,2,valido,
13789,5794,5794001,4,2024-09-18,146,F,5,valido,
13790,5768,5768076,1,2024-01-14,165,F,2,valido,
13791,5719,5719011,1,2024-01-18,97,F,6,valido,
13792,5717,5717017,3,2024-06-15,88,F,1,valido,
13793,5791,5791008,1,2024-09-06,38,F,3,valido,
13794,5725,5725107,4,2024-09-12,162,F,2,valido,
13795,5750,5750011,1,2024-12-26,102,F,5,valido,
13796,5750,5750027,2,2024-10-15,177,F,5,valido,
13797,5750,5750028,2,2024-03-16,39,F,5,valido,
13798,5747,5747027,1,2024-02-11,81,F,4,valido,
13799,5713,5713003,1,2024-01-16,127,F,4,valido,
13800,5727,5727023,2,2024-05-20,81,F,6,valido,
13801,5717,5717003,1,2024-12-16,89,F,1,valido,
13802,5725,5725078,4,2024-01-16,28,F,2,valido,
13803,5773,5773007,2,2024-09-21,199,F,3,valido,
13804,5705,5705029,1,2024-08-21,167,F,1,valido,
13805,5705,5705032,2,2024-04-04,93,F,1,valido,
13806,5752,5752018,2,2024-02-05,95,F,6,valido,
13807,5725,5725091,1,2024-04-01,190,F,2,valido,
13808,5720,5720005,4,2024-05-05,73,F,4,valido,
13809,5715,5715067,1,2024-03-25,180,F,2,valido,
13810,5705,5705073,1,2024-01-10,173,F,1,valido,
13811,5776,5776037,2,2024-02-02,103,F,6,valido,
13812,5754,5754005,1,2024-11-20,165,F,2,valido,
13813,5752,5752033,1,2024-09-08,99,F,6,valido,
13814,5752,5752040,3,2024-12-20,135,F,6,valido,
13815,5785,5785018,1,2024-09-23,59,F,5,valido,
13816,5705,5705008,4,2024-12-12,80,F,1,valido,
13817,5715,5715054,3,2024-07-10,36,F,2,valido,
13818,5713,5713042,4,2024-10-15,8,F,4,valido,
13819,5717,5717027,1,2024-07-10,168,F,1,valido,
13820,5720,5720022,4,2024-06-27,35,F,4,valido,
13821,5715,5715021,4,2024-03-06,188,F,2,valido,
13822,5727,5727018,4,2024-05-06,156,F,6,valido,
13823,5768,5768026,4,2024-02-08,90,F,2,valido,
13824,5754,5754022,1,2024-03-22,77,F,2,valido,
13825,5705,5705036,4,2024-11-11,71,F,1,valido,
13826,5752,5752051,1,2024-10-07,149,F,6,valido,
13827,5781,5781004,2,2024-07-24,71,F,5,valido,
13828,5708,5708001,4,2024-12-25,191,F,4,valido,
13829,5752,5752017,4,2024-01-25,144,F,6,valido,
13830,5741,5741022,4,2024-07-02,111,F,3,valido,
13831,5725,5725057,1,2024-09-27,186,F,2,valido,
13832,5705,5705125,3,2024-02-18,2,F,1,valido,
13833,5773,5773014,4,2024-04-14,177,F,3,valido,
13834,5708,5708010,1,2024-11-11,135,F,4,valido,
13835,5744,5744009,1,2024-06-17,186,F,4,valido,
13836,5705,5705114,3,2024-10-08,187,F,1,valido,
13837,5785,5785003,2,2024-09-27,169,F,5,valido,
13838,5715,5715027,1,2024-10-08,9,F,2,valido,
13839,5786,5786007,2,2024-03-21,148,F,3,valido,
13840,5741,5741027,4,2024-07-20,108,F,3,valido,
13841,5773,5773043,1,2024-11-15,106,F,3,valido,
13842,5723,5723004,4,2024-03-24,60,F,4,valido,
13843,5768,5768058,2,2024-08-26,94,F,2,valido,
13844,5768,5768043,4,2024-03-17,130,F,2,valido,
13845,5705,5705121,1,2024-04-05,31,F,1,valido,
13846,5715,5715046,3,2024-03-08,99,F,2,valido,
13847,5725,5725008,3,2024-05-11,35,F,2,valido,
13848,5715,5715035,4,2024-12-01,164,F,2,valido,
13849,5770,5770007,1,2024-03-02,44,F,4,valido,
13850,5719,5719019,2,2024-04-23,119,F,6,valido,
13851,5747,5747021,3,2024-10-26,200,F,4,valido,
13852,5715,5715016,2,2024-09-18,199,F,2,valido,
13853,5747,5747020,2,2024-06-26,171,F,4,valido,
13854,5713,5713045,4,2024-10-25,168,F,4,valido,
13855,5715,5715076,4,2024-03-20,129,F,2,valido,
13856,5776,5776009,4,2024-03-23,10,F,6,valido,
13857,5750,5750026,3,2024-12-24,140,F,5,valido,
13858,5705,5705008,2,2024-10-28,108,F,1,valido,
13859,5725,5725086,2,2024-07-22,171,F,2,valido,
13860,5747,5747014,3,2024-10-17,103,F,4,valido,
13861,5754,5754015,3,2024-07-04,29,F,2,valido,
13862,5768,5768021,1,2024-05-18,82,F,2,valido,
13863,5715,5715024,2,2024-04-16,104,F,2,valido,
13864,5752,5752006,4,2024-12-22,78,F,6,valido,
13865,5725,5725107,1,2024-09-10,167,F,2,valido,
13866,5754,5754009,1,2024-02-08,154,F,2,valido,
13867,5768,5768066,4,2024-03-16,13,F,2,valido,
13868,5715,5715020,2,2024-01-07,157,F,2,valido,
13869,5715,5715086,2,2024-02-14,181,F,2,valido,
13870,5720,5720010,2,2024-04-22,194,F,4,valido,
13871,5715,5715101,1,2024-03-02,113,F,2,valido,
13872,5725,5725043,2,2024-12-14,52,F,2,valido,
13873,5770,5770012,2,2024-07-18,189,F,4,valido,
13874,5795,5795004,3,2024-04-12,112,F,5,valido,
13875,5776,5776032,2,2024-11-10,105,F,6,valido,
13876,5723,5723016,3,2024-09-10,197,F,4,valido,
13877,5781,5781005,4,2024-04-02,184,F,5,valido,
13878,5715,5715108,2,2024-08-09,118,F,2,valido,
13879,5717,5717017,2,2024-10-22,118,F,1,valido,
13880,5791,5791008,3,2024-08-07,18,F,3,valido,
13881,5725,5725100,2,2024-02-07,31,F,2,valido,
13882,5773,5773004,1,2024-06-05,44,F,3,valido,
13883,5791,5791006,3,2024-07-22,72,F,3,valido,
13884,5727,5727010,3,2024-03-23,42,F,6,valido,
13885,5717,5717026,2,2024-08-18,26,F,1,valido,
13886,5705,5705083,3,2024-09-25,116,F,1,valido,
13887,5723,5723010,2,2024-04-01,102,F,4,valido,
13888,5715,5715034,3,2024-02-16,43,F,2,valido,
13889,5754,5754028,1,2024-07-12,53,F,2,valido,
13890,5705,5705120,2,2024-10-13,97,F,1,valido,
13891,5725,5725086,1,2024-07-16,101,F,2,valido,
13892,5747,5747004,4,2024-07-03,26,F,4,valido,
13893,5715,5715008,2,2024-08-13,164,F,2,valido,
13894,5705,5705125,1,2024-07-27,40,F,1,valido,
13895,5770,5770017,3,2024-09-15,17,F,4,valido,
13896,5768,5768086,3,2024-01-20,112,F,2,valido,
13897,5747,5747029,3,2024-07-26,133,F,4,valido,
13898,5725,5725087,1,2024-04-03,41,F,2,valido,
13899,5705,5705105,1,2024-09-13,145,F,1,valido,
13900,5752,5752053,4,2024-02-06,149,F,6,valido,
13901,5725,5725072,3,2024-03-06,98,F,2,valido,
13902,5723,5723005,2,2024-09-23,80,F,4,valido,
13903,5713,5713032,1,2024-01-06,3,F,4,valido,
13904,5715,5715034,3,2024-02-19,20,F,2,valido,
13905,5705,5705059,3,2024-07-28,139,F,1,valido,
13906,5747,5747011,3,2024-02-02,188,F,4,valido,
13907,5717,5717015,4,2024-01-26,5,F,1,valido,
13908,5776,5776039,4,2024-07-16,117,F,6,valido,
13909,5752,5752047,1,2024-05-24,154,F,6,valido,
13910,5705,5705028,2,2024-03-26,153,F,1,valido,
13911,5723,5723018,3,2024-11-15,73,F,4,valido,
13912,5715,5715046,3,2024-02-03,168,F,2,valido,
13913,5747,5747002,1,2024-02-08,123,F,4,valido,
13914,5750,5750001,3,2024-06-23,90,F,5,valido,
13915,5705,5705106,1,2024-02-24,152,F,1,valido,
13916,5705,5705044,1,2024-11-10,40,F,1,valido,
13917,5773,5773029,2,2024-03-09,43,F,3,valido,
13918,5785,5785015,4,2024-11-08,86,F,5,valido,
13919,5786,5786006,2,2024-01-21,191,F,3,valido,
13920,5768,5768083,2,2024-10-05,168,F,2,valido,
13921,5715,5715064,4,2024-07-23,21,F,2,valido,
13922,5725,5725092,4,2024-04-28,9,F,2,valido,
13923,5720,5720007,4,2024-04-25,131,F,4,valido,
13924,5747,5747030,2,2024-08-18,146,F,4,valido,
13925,5768,5768044,3,2024-08-07,187,F,2,valido,
13926,5727,5727001,4,2024-09-26,65,F,6,valido,
13927,5725,5725009,1,2024-12-22,135,F,2,valido,
13928,5754,5754024,1,2024-02-15,110,F,2,valido,
13929,5715,5715030,1,2024-07-06,86,F,2,valido,
13930,5770,5770023,4,2024-02-21,199,F,4,valido,
13931,5754,5754010,2,2024-11-05,8,F,2,valido,
13932,5717,5717002,1,2024-05-17,111,F,1,valido,
13933,5725,5725004,2,2024-01-24,155,F,2,valido,
13934,5725,5725069,1,2024-11-01,70,F,2,valido,
13935,5705,5705118,1,2024-08-26,162,F,1,valido,
13936,5768,5768046,4,2024-09-21,126,F,2,valido,
13937,5725,5725077,3,2024-07-04,168,F,2,valido,
13938,5725,5725023,4,2024-11-24,35,F,2,valido,
13939,5768,5768003,1,2024-02-18,35,F,2,valido,
13940,5723,5723016,1,2024-10-24,189,F,4,valido,
13941,5776,5776013,4,2024-06-27,128,F,6,valido,
13942,5723,5723028,2,2024-06-11,149,F,4,valido,
13943,5715,5715069,4,2024-05-16,74,F,2,valido,
13944,5768,5768024,2,2024-05-10,54,F,2,valido,
13945,5713,5713027,3,2024-12-13,182,F,4,modificado,A: fecha 13-12-2024 -> 2024-12-13. Normalization by format and calendar.
13946,5725,5725049,2,2024-03-10,176,F,2,valido,
13947,5715,5715089,3,2024-11-16,11,F,2,valido,
13948,5725,5725092,3,2024-11-11,185,F,2,valido,
13949,5725,5725002,2,2024-05-22,131,F,2,valido,
13950,5752,5752007,1,2024-04-23,179,F,6,valido,
13951,5705,5705002,1,2024-07-11,104,F,1,valido,
13952,5719,5719017,2,2024-09-02,176,F,6,valido,
13953,5747,5747004,1,2024-02-02,86,F,4,valido,
13954,5719,5719035,3,2024-01-19,198,F,6,valido,
13955,5768,5768036,3,2024-08-23,120,F,2,valido,
13956,5723,5723021,2,2024-10-08,150,F,4,valido,
13957,5723,5723023,4,2024-07-05,158,F,4,valido,
13958,5770,5770025,4,2024-10-26,180,F,4,valido,
13959,5708,5708015,1,2024-05-07,20,F,4,valido,
13960,5718,5718016,1,2024-08-05,150,F,3,valido,
13961,5744,5744008,4,2024-01-02,140,F,4,valido,
13962,5727,5727021,2,2024-03-22,163,F,6,valido,
13963,5741,5741019,3,2024-05-20,37,F,3,valido,
13964,5720,5720009,3,2024-06-01,19,F,4,valido,
13965,5768,5768084,1,2024-11-28,19,F,2,valido,
13966,5705,5705029,4,2024-11-10,123,F,1,valido,
13967,5715,5715020,4,2024-12-11,129,F,2,valido,
13968,5747,5747012,2,2024-02-12,193,F,4,valido,
13969,5718,5718004,2,2024-12-26,114,F,3,valido,
13970,5715,5715085,4,2024-10-18,69,F,2,valido,
13971,5763,5763003,1,2024-12-12,44,F,1,valido,
13972,5715,5715110,4,2024-10-16,57,F,2,valido,
13973,5747,5747026,2,2024-10-18,57,F,4,valido,
13974,5727,5727017,4,2024-08-13,54,F,6,valido,
13975,5727,5727030,1,2024-03-22,120,F,6,valido,
13976,5727,5727004,2,2024-05-01,168,F,6,valido,
13977,5786,5786003,4,2024-10-11,55,F,3,valido,
13978,5713,5713002,3,2024-10-13,62,F,4,valido,
13979,5773,5773038,1,2024-12-28,150,F,3,valido,
13980,5741,5741029,3,2024-07-10,14,F,3,valido,
13981,5727,5727014,2,2024-10-27,128,F,6,valido,
13982,5718,5718014,3,2024-08-26,93,F,3,valido,
13983,5768,5768006,4,2024-12-28,106,F,2,valido,
13984,5754,5754014,1,2024-02-19,106,F,2,valido,
13985,5705,5705030,4,2024-03-02,59,F,1,valido,
13986,5705,5705096,1,2024-12-20,54,F,1,valido,
13987,5768,5768053,2,2024-11-20,48,F,2,valido,
13988,5752,5752057,4,2024-01-14,172,F,6,valido,
13989,5715,5715096,3,2024-08-26,18,F,2,valido,
13990,5713,5713004,3,2024-06-10,188,F,4,valido,
13991,5705,5705019,4,2024-03-02,128,F,1,valido,
13992,5705,5705019,2,2024-07-19,49,F,1,valido,
13993,5725,5725028,3,2024-12-11,17,F,2,valido,
13994,5705,5705116,2,2024-12-15,143,F,1,valido,
13995,5752,5752029,4,2024-03-28,84,F,6,valido,
13996,5719,5719020,1,2024-04-22,173,F,6,valido,
13997,5705,5705083,1,2024-03-25,45,F,1,valido,
13998,5797,5797006,4,2024-01-10,196,F,3,valido,
13999,5773,5773017,2,2024-09-07,137,F,3,valido,
14000,5750,5750015,4,2024-12-19,106,F,5,valido,
14001,5795,5795004,4,2024-09-02,28,F,5,valido,
14002,5725,5725096,4,2024-09-09,28,F,2,valido,
14003,5717,5717015,3,2024-04-09,7,F,1,valido,
14004,5754,5754002,4,2024-11-18,187,F,2,valido,
14005,5754,5754014,4,2024-10-21,14,F,2,valido,
14006,5752,5752063,1,2024-04-15,79,F,6,valido,
14007,5725,5725013,1,2024-11-27,6,F,2,valido,
14008,5752,5752023,3,2024-03-10,124,F,6,valido,
14009,5768,5768039,4,2024-08-15,25,F,2,valido,
14010,5727,5727027,4,2024-06-13,44,F,6,valido,
14011,5725,5725035,2,2024-01-13,158,F,2,valido,
14012,5776,5776013,4,2024-08-25,89,F,6,valido,
14013,5715,5715062,1,2024-05-04,91,F,2,valido,
14014,5715,5715105,2,2024-08-13,85,F,2,valido,
14015,5768,5768087,4,2024-11-01,27,F,2,valido,
14016,5763,5763010,4,2024-02-11,118,F,1,valido,
14017,5773,5773028,3,2024-04-19,37,F,3,valido,
14018,5719,5719008,2,2024-12-17,65,F,6,valido,
14019,5770,5770012,1,2024-07-16,101,F,4,valido,
14020,5723,5723027,3,2024-08-14,103,F,4,modificado,D: id_departamento 0 -> 5723. Department obtained from the municipality catalog.
14021,5776,5776006,1,2024-09-08,175,F,6,valido,
14022,5752,5752058,3,2024-02-08,160,F,6,valido,
14023,5754,5754012,2,2024-07-06,63,F,2,valido,
14024,5747,5747013,1,2024-09-09,33,F,4,valido,
14025,5725,5725087,4,2024-09-03,146,F,2,valido,
14026,5720,5720010,4,2024-10-25,92,F,4,valido,
14027,5752,5752006,2,2024-10-14,40,F,6,valido,
14028,5747,5747008,1,2024-02-19,77,F,4,valido,
14029,5785,5785002,1,2024-03-24,97,F,5,valido,
14030,5708,5708011,3,2024-01-09,37,F,4,valido,
14031,5768,5768082,4,2024-09-05,108,F,2,valido,
14032,5773,5773030,3,2024-01-15,100,F,3,valido,
14033,5750,5750005,3,2024-03-26,72,F,5,valido,
14034,5715,5715049,2,2024-08-28,117,F,2,valido,
14035,5715,5715036,4,2024-01-23,173,F,2,valido,
14036,5713,5713043,4,2024-01-25,67,F,4,valido,
14037,5720,5720002,2,2024-01-25,144,F,4,valido,
14038,5794,5794005,4,2024-01-19,175,F,5,valido,
14039,5715,5715107,1,2024-05-02,159,F,2,valido,
14040,5727,5727016,1,2024-05-12,120,F,6,valido,
14041,5744,5744011,4,2024-03-22,6,F,4,valido,
14042,5720,5720023,1,2024-10-01,60,F,4,valido,
14043,5715,5715032,4,2024-09-28,6,F,2,valido,
14044,5791,5791011,1,2024-01-01,190,F,3,valido,
14045,5719,5719037,2,2024-04-22,88,F,6,valido,
14046,5705,5705116,4,2024-11-07,198,F,1,valido,
14047,5768,5768066,4,2024-02-17,111,F,2,valido,
14048,5725,5725029,1,2024-02-12,50,F,2,valido,
14049,5752,5752003,4,2024-03-15,32,F,6,valido,
14050,5705,5705124,4,2024-01-13,17,F,1,valido,
14051,5719,5719008,3,2024-06-05,3,F,6,valido,
14052,5747,5747020,4,2024-12-04,9,F,4,valido,
14053,5752,5752008,4,2024-11-10,51,F,6,valido,
14054,5713,5713008,1,2024-10-10,78,F,4,valido,
14055,5776,5776006,1,2024-01-28,115,F,6,valido,
14056,5773,5773040,3,2024-07-02,160,F,3,valido,
14057,5718,5718010,3,2024-01-03,53,F,3,valido,
14058,5750,5750008,4,2024-06-22,184,F,5,valido,
14059,5791,5791003,4,2024-05-11,149,F,3,valido,
14060,5752,5752040,4,2024-11-28,164,F,6,valido,
14061,5705,5705102,3,2024-01-25,1,F,1,valido,
14062,5705,5705019,3,2024-05-12,171,F,1,valido,
14063,5741,5741003,1,2024-07-02,185,F,3,valido,
14064,5776,5776010,4,2024-04-03,22,F,6,valido,
14065,5720,5720005,4,2024-03-26,137,F,4,valido,
14066,5719,5719003,2,2024-02-20,154,F,6,valido,
14067,5718,5718014,1,2024-05-10,147,F,3,valido,
14068,5781,5781006,1,2024-06-28,84,F,5,valido,
14069,5718,5718012,1,2024-09-27,176,F,3,valido,
14070,5723,5723024,1,2024-08-27,96,F,4,valido,
14071,5747,5747023,1,2024-07-22,125,F,4,valido,
14072,5725,5725058,4,2024-04-22,176,F,2,valido,
14073,5725,5725098,1,2024-07-03,130,F,2,valido,
14074,5705,5705049,2,2024-07-11,5,F,1,valido,
14075,5715,5715088,1,2024-12-09,1,F,2,valido,
14076,5717,5717025,4,2024-04-15,141,F,1,valido,
14077,5752,5752057,3,2024-06-02,100,F,6,valido,
14078,5799,5799002,2,2024-04-17,123,F,5,valido,
14079,5715,5715058,2,2024-12-21,92,F,2,valido,
14080,5750,5750028,1,2024-06-06,57,F,5,valido,
14081,5719,5719037,3,2024-03-27,173,F,6,valido,
14082,5705,5705045,3,2024-10-17,195,F,1,valido,
14083,5705,5705047,1,2024-08-03,136,F,1,valido,
14084,5715,5715080,2,2024-03-25,165,F,2,valido,
14085,5768,5768025,3,2024-10-01,55,F,2,valido,
14086,5715,5715078,2,2024-07-02,133,F,2,valido,
14087,5773,5773006,2,2024-06-06,126,F,3,valido,
14088,5725,5725099,1,2024-11-22,19,F,2,valido,
14089,5719,5719018,1,2024-03-09,163,F,6,valido,
14090,5723,5723022,1,2024-08-13,74,F,4,valido,
14091,5776,5776002,1,2024-06-11,191,F,6,valido,
14092,5750,5750022,1,2024-03-17,117,F,5,valido,
14093,5727,5727019,1,2024-12-08,69,F,6,valido,
14094,5768,5768051,1,2024-07-08,95,F,2,valido,
14095,5719,5719029,3,2024-06-06,173,F,6,valido,
14096,5725,5725053,1,2024-04-08,56,F,2,valido,
14097,5773,5773015,2,2024-05-02,14,F,3,valido,
14098,5725,5725076,3,2024-05-08,76,F,2,valido,
14099,5768,5768040,1,2024-02-17,95,F,2,valido,
14100,5785,5785019,3,2024-04-16,170,F,5,valido,
14101,5773,5773035,4,2024-11-11,18,F,3,valido,
14102,5718,5718009,3,2024-12-17,76,F,3,valido,
14103,5781,5781006,4,2024-07-26,65,F,5,valido,
14104,5713,5713012,4,2024-01-23,70,F,4,valido,
14105,5750,5750021,4,2024-11-17,43,F,5,valido,
14106,5725,5725055,3,2024-10-08,175,F,2,valido,
14107,5705,5705032,1,2024-10-13,7,F,1,valido,
14108,5752,5752059,2,2024-05-09,12,F,6,valido,
14109,5768,5768004,3,2024-04-02,94,F,2,valido,
14110,5754,5754040,3,2024-04-12,37,F,2,valido,
14111,5705,5705022,4,2024-11-13,180,F,1,valido,
14112,5768,5768056,2,2024-10-01,187,F,2,valido,
14113,5781,5781004,4,2024-06-24,115,F,5,valido,
14114,5715,5715097,4,2024-01-18,164,F,2,valido,
14115,5768,5768017,4,2024-08-04,168,F,2,valido,
14116,5715,5715032,3,2024-09-26,32,F,2,valido,
14117,5768,5768057,1,2024-10-24,36,F,2,valido,
14118,5715,5715036,4,2024-10-10,144,F,2,valido,
14119,5705,5705068,1,2024-07-27,82,F,1,valido,
14120,5713,5713017,3,2024-06-10,12,F,4,valido,
14121,5776,5776041,2,2024-08-12,159,F,6,valido,
14122,5754,5754035,3,2024-09-15,48,F,2,valido,
14123,5705,5705009,4,2024-10-15,189,F,1,valido,
14124,5768,5768032,2,2024-07-14,47,F,2,valido,
14125,5773,5773043,4,2024-01-22,162,F,3,valido,
14126,5768,5768016,1,2024-09-05,113,F,2,valido,
14127,5713,5713022,1,2024-04-18,37,F,4,valido,
14128,5715,5715033,4,2024-07-28,75,F,2,valido,
14129,5795,5795002,4,2024-01-08,15,F,5,valido,
14130,5719,5719040,1,2024-03-04,121,F,6,valido,
14131,5715,5715032,3,2024-02-03,47,F,2,valido,
14132,5705,5705028,1,2024-01-28,40,F,1,valido,
14133,5773,5773025,4,2024-06-23,174,F,3,valido,
14134,5705,5705015,1,2024-07-19,189,F,1,valido,
14135,5763,5763008,2,2024-12-09,145,F,1,valido,
14136,5763,5763004,4,2024-09-06,190,F,1,valido,
14137,5715,5715056,4,2024-05-06,178,F,2,valido,
14138,5713,5713029,4,2024-08-04,77,F,4,valido,
14139,5727,5727020,3,2024-03-19,118,F,6,valido,
14140,5754,5754027,4,2024-11-06,145,F,2,valido,
14141,5715,5715028,1,2024-04-18,14,F,2,valido,
14142,5747,5747023,4,2024-07-15,132,F,4,valido,
14143,5773,5773038,1,2024-12-07,175,F,3,valido,
14144,5773,5773005,2,2024-04-12,147,F,3,valido,
14145,5768,5768026,4,2024-01-20,145,F,2,valido,
14146,5744,5744013,3,2024-03-11,194,F,4,valido,
14147,5715,5715079,1,2024-02-24,166,F,2,valido,
14148,5725,5725067,2,2024-01-13,122,F,2,valido,
14149,5752,5752061,2,2024-05-11,183,F,6,valido,
14150,5715,5715022,4,2024-11-10,174,F,2,valido,
14151,5773,5773030,3,2024-10-28,181,F,3,valido,
14152,5768,5768007,2,2024-06-09,25,F,2,valido,
14153,5719,5719032,3,2024-09-08,168,F,6,valido,
14154,5768,5768040,3,2024-12-28,23,F,2,valido,
14155,5715,5715010,3,2024-10-21,110,F,2,valido,
14156,5713,5713025,2,2024-01-24,134,F,4,valido,
14157,5725,5725114,4,2024-10-05,119,F,2,valido,
14158,5768,5768082,1,2024-03-24,168,F,2,valido,
14159,5725,5725007,1,2024-10-16,1,F,2,valido,
14160,5741,5741008,2,2024-09-28,88,F,3,valido,
14161,5715,5715057,3,2024-11-17,67,F,2,valido,
14162,5713,5713005,1,2024-01-08,135,F,4,valido,
14163,5705,5705025,1,2024-03-18,145,F,1,valido,
14164,5791,5791011,1,2024-06-28,79,F,3,valido,
14165,5768,5768071,4,2024-03-22,148,F,2,valido,
14166,5715,5715077,4,2024-04-23,152,F,2,valido,
14167,5725,5725114,3,2024-05-09,97,F,2,valido,
14168,5715,5715007,1,2024-11-15,20,F,2,valido,
14169,5768,5768083,1,2024-04-09,170,F,2,valido,
14170,5705,5705049,1,2024-08-01,158,F,1,valido,
14171,5770,5770006,1,2024-09-26,85,F,4,valido,
14172,5741,5741022,2,2024-03-09,63,F,3,valido,
14173,5725,5725093,3,2024-02-13,1,F,2,valido,
14174,5776,5776022,2,2024-05-12,147,F,6,valido,
14175,5719,5719028,3,2024-09-10,45,F,6,valido,
14176,5705,5705016,2,2024-10-11,154,F,1,valido,
14177,5723,5723024,4,2024-08-21,58,F,4,valido,
14178,5747,5747003,3,2024-09-01,79,F,4,valido,
14179,5715,5715070,2,2024-01-02,1,F,2,valido,
14180,5715,5715120,4,2024-05-05,98,F,2,valido,
14181,5723,5723019,1,2024-09-23,46,F,4,valido,
14182,5754,5754019,2,2024-08-20,188,F,2,valido,
14183,5725,5725104,4,2024-12-11,141,F,2,valido,
14184,5715,5715006,1,2024-02-25,121,F,2,valido,
14185,5715,5715093,3,2024-11-07,182,F,2,valido,
14186,5768,5768079,2,2024-10-25,91,F,2,valido,
14187,5770,5770010,1,2024-05-12,126,F,4,valido,
14188,5776,5776032,4,2024-11-14,158,F,6,valido,
14189,5715,5715117,3,2024-08-08,68,F,2,valido,
14190,5786,5786002,1,2024-01-22,50,F,3,valido,
14191,5770,5770013,1,2024-11-18,197,F,4,valido,
14192,5727,5727025,4,2024-06-05,133,F,6,valido,
14193,5776,5776027,3,2024-09-27,78,F,6,valido,
14194,5750,5750022,1,2024-06-06,151,F,5,valido,
14195,5766,5766006,1,2024-07-14,162,F,1,valido,
14196,5715,5715118,4,2024-04-10,81,F,2,valido,
14197,5725,5725040,4,2024-07-27,10,F,2,valido,
14198,5705,5705067,3,2024-08-23,120,F,1,valido,
14199,5768,5768056,4,2024-09-15,130,F,2,valido,
14200,5727,5727004,4,2024-01-15,171,F,6,valido,
14201,5727,5727013,3,2024-12-02,144,F,6,valido,
14202,5705,5705035,4,2024-10-05,50,F,1,valido,
14203,5754,5754009,1,2024-05-01,62,F,2,valido,
14204,5719,5719003,2,2024-01-25,24,F,6,valido,
14205,5785,5785006,2,2024-09-28,55,F,5,valido,
14206,5705,5705038,2,2024-02-02,155,F,1,valido,
14207,5725,5725078,3,2024-10-28,84,F,2,valido,
14208,5773,5773021,1,2024-04-02,123,F,3,valido,
14209,5715,5715023,3,2024-07-03,78,F,2,valido,
14210,5773,5773036,2,2024-03-02,163,F,3,valido,
14211,5752,5752007,1,2024-08-28,192,F,6,valido,
14212,5744,5744004,4,2024-06-24,130,F,4,valido,
14213,5718,5718014,1,2024-08-05,3,F,3,valido,
14214,5727,5727026,3,2024-02-18,63,F,6,valido,
14215,5770,5770020,1,2024-01-26,76,F,4,valido,
14216,5708,5708004,3,2024-02-03,158,F,4,valido,
14217,5715,5715110,4,2024-08-12,145,F,2,valido,
14218,5776,5776019,1,2024-11-12,186,F,6,valido,
14219,5720,5720021,2,2024-02-20,76,F,4,valido,
14220,5715,5715107,3,2024-03-13,19,F,2,valido,
14221,5723,5723029,2,2024-04-05,26,F,4,valido,
14222,5776,5776015,3,2024-08-01,117,F,6,valido,
14223,5717,5717010,1,2024-01-01,184,F,1,valido,
14224,5705,5705076,4,2024-03-02,62,F,1,valido,
14225,5768,5768055,1,2024-06-19,86,F,2,valido,
14226,5705,5705056,2,2024-03-19,63,F,1,valido,
14227,5725,5725034,1,2024-12-10,119,F,2,valido,
14228,5768,5768037,3,2024-08-15,92,F,2,valido,
14229,5791,5791011,1,2024-08-01,119,F,3,valido,
14230,5705,5705047,4,2024-03-12,141,F,1,valido,
14231,5776,5776010,3,2024-01-25,64,F,6,valido,
14232,5718,5718002,1,2024-08-22,164,F,3,valido,
14233,5776,5776034,2,2024-06-15,104,F,6,valido,
14234,5719,5719028,3,2024-08-10,124,F,6,valido,
14235,5768,5768003,2,2024-06-22,187,F,2,valido,
14236,5715,5715058,1,2024-12-02,20,F,2,valido,
14237,5715,5715035,1,2024-01-18,166,F,2,valido,
14238,5727,5727018,1,2024-02-15,73,F,6,valido,
14239,5727,5727016,3,2024-01-27,174,F,6,valido,
14240,5720,5720015,2,2024-04-25,33,F,4,valido,
14241,5705,5705048,2,2024-07-22,49,F,1,valido,
14242,5720,5720004,3,2024-02-17,195,F,4,valido,
14243,5715,5715031,4,2024-06-05,186,F,2,valido,
14244,5785,5785016,3,2024-02-01,81,F,5,valido,
14245,5741,5741005,3,2024-04-24,184,F,3,valido,
14246,5754,5754035,4,2024-03-10,68,F,2,valido,
14247,5723,5723013,2,2024-03-15,19,F,4,valido,
14248,5747,5747019,3,2024-01-01,90,F,4,valido,
14249,5770,5770009,2,2024-05-02,113,F,4,valido,
14250,5720,5720006,2,2024-04-21,46,F,4,valido,
14251,5747,5747027,3,2024-12-19,2,F,4,valido,
14252,5768,5768029,4,2024-07-07,88,F,2,valido,
14253,5715,5715073,4,2024-05-23,88,F,2,valido,
14254,5705,5705039,3,2024-02-07,180,F,1,valido,
14255,5750,5750010,3,2024-02-21,28,F,5,valido,
14256,5719,5719014,3,2024-10-09,168,F,6,valido,
14257,5705,5705038,3,2024-02-05,46,F,1,valido,
14258,5747,5747001,3,2024-03-13,189,F,4,valido,
14259,5773,5773008,3,2024-11-06,180,F,3,valido,
14260,5727,5727008,4,2024-09-27,55,F,6,valido,
14261,5727,5727004,2,2024-02-15,59,F,6,valido,
14262,5715,5715069,1,2024-01-18,69,F,2,valido,
14263,5776,5776001,3,2024-08-02,6,F,6,valido,
14264,5752,5752006,3,2024-05-06,127,F,6,valido,
14265,5715,5715070,4,2024-03-06,147,F,2,valido,
14266,5719,5719018,1,2024-09-27,88,F,6,valido,
14267,5723,5723003,4,2024-09-26,67,F,4,valido,
14268,5744,5744014,3,2024-01-12,78,F,4,valido,
14269,5715,5715112,1,2024-01-02,81,F,2,valido,
14270,5713,5713009,2,2024-12-03,80,F,4,valido,
14271,5768,5768079,4,2024-07-07,184,F,2,valido,
14272,5713,5713040,1,2024-03-13,185,F,4,valido,
14273,5768,5768033,2,2024-02-27,44,F,2,valido,
14274,5747,5747027,1,2024-05-20,6,F,4,valido,
14275,5719,5719003,2,2024-10-27,59,F,6,valido,
14276,5744,5744003,2,2024-12-11,49,F,4,valido,
14277,5715,5715096,4,2024-03-18,133,F,2,valido,
14278,5705,5705065,2,2024-11-27,115,F,1,valido,
14279,5754,5754040,1,2024-04-08,35,F,2,valido,
14280,5705,5705104,3,2024-10-14,156,F,1,valido,
14281,5715,5715118,1,2024-09-28,30,F,2,valido,
14282,5741,5741015,1,2024-01-06,68,F,3,valido,
14283,5719,5719033,1,2024-09-22,96,F,6,valido,
14284,5776,5776030,4,2024-02-02,52,F,6,valido,
14285,5713,5713013,3,2024-09-15,123,F,4,valido,
14286,5768,5768075,4,2024-05-27,180,F,2,valido,
14287,5705,5705104,2,2024-05-10,35,F,1,valido,
14288,5713,5713046,3,2024-02-13,134,F,4,valido,
14289,5727,5727004,3,2024-01-08,61,F,6,valido,
14290,5776,5776013,1,2024-12-14,47,F,6,valido,
14291,5741,5741001,3,2024-11-28,91,F,3,valido,
14292,5768,5768073,1,2024-04-02,31,F,2,valido,
14293,5773,5773030,2,2024-02-06,77,F,3,valido,
14294,5727,5727028,4,2024-07-06,174,F,6,valido,
14295,5705,5705024,3,2024-06-17,74,F,1,valido,
14296,5768,5768063,1,2024-03-04,135,F,2,valido,
14297,5715,5715068,4,2024-06-24,34,F,2,valido,
14298,5768,5768060,4,2024-07-23,165,F,2,valido,
14299,5747,5747026,1,2024-12-09,14,F,4,valido,
14300,5708,5708004,4,2024-06-12,164,F,4,valido,
14301,5715,5715019,1,2024-03-05,8,F,2,valido,
14302,5752,5752002,4,2024-09-25,147,F,6,valido,
14303,5717,5717023,3,2024-07-18,139,F,1,valido,
14304,5763,5763001,2,2024-06-19,89,F,1,valido,
14305,5705,5705080,2,2024-08-15,162,F,1,valido,
14306,5747,5747013,2,2024-03-28,126,F,4,valido,
14307,5715,5715020,2,2024-01-01,162,F,2,valido,
14308,5776,5776023,3,2024-04-17,62,F,6,valido,
14309,5718,5718004,2,2024-06-11,40,F,3,valido,
14310,5719,5719002,2,2024-12-13,7,F,6,valido,
14311,5768,5768059,3,2024-05-01,101,F,2,valido,
14312,5768,5768005,4,2024-07-05,149,F,2,valido,
14313,5705,5705102,4,2024-11-06,136,F,1,valido,
14314,5750,5750014,1,2024-02-15,109,F,5,valido,
14315,5791,5791006,1,2024-03-14,181,F,3,valido,
14316,5768,5768059,2,2024-01-09,91,F,2,valido,
14317,5727,5727018,3,2024-05-10,29,F,6,valido,
14318,5719,5719016,3,2024-02-24,187,F,6,valido,
14319,5720,5720004,1,2024-08-27,131,F,4,valido,
14320,5744,5744001,4,2024-05-13,95,F,4,valido,
14321,5717,5717014,1,2024-04-27,150,F,1,valido,
14322,5708,5708021,4,2024-08-12,142,F,4,valido,
14323,5717,5717001,2,2024-08-09,78,F,1,valido,
14324,5717,5717013,4,2024-08-11,92,F,1,valido,
14325,5705,5705089,2,2024-07-08,66,F,1,valido,
14326,5797,5797001,1,2024-07-23,141,F,3,valido,
14327,5747,5747030,1,2024-08-04,170,F,4,valido,
14328,5744,5744004,4,2024-01-28,100,F,4,valido,
14329,5725,5725065,2,2024-10-03,98,F,2,valido,
14330,5766,5766002,3,2024-08-02,174,F,1,valido,
14331,5715,5715032,2,2024-06-18,73,F,2,valido,
14332,5791,5791001,4,2024-10-05,126,F,3,valido,
14333,5741,5741005,4,2024-02-13,169,F,3,valido,
14334,5708,5708003,1,2024-03-21,138,F,4,valido,
14335,5720,5720022,1,2024-08-21,90,F,4,valido,
14336,5713,5713014,4,2024-11-25,145,F,4,valido,
14337,5715,5715039,2,2024-04-23,73,F,2,valido,
14338,5705,5705050,1,2024-04-23,35,F,1,valido,
14339,5705,5705037,1,2024-10-07,39,F,1,valido,
14340,5747,5747030,1,2024-09-22,120,F,4,valido,
14341,5773,5773035,1,2024-06-04,143,F,3,valido,
14342,5744,5744004,2,2024-03-02,103,F,4,valido,
14343,5725,5725042,1,2024-10-04,124,F,2,valido,
14344,5705,5705017,3,2024-04-14,147,F,1,valido,
14345,5705,5705097,1,2024-01-12,162,F,1,valido,
14346,5781,5781001,1,2024-09-17,65,F,5,valido,
14347,5754,5754016,1,2024-04-24,73,F,2,valido,
14348,5705,5705007,1,2024-05-03,184,F,1,valido,
14349,5705,5705046,1,2024-07-23,154,F,1,valido,
14350,5741,5741007,4,2024-08-24,152,F,3,valido,
14351,5727,5727020,3,2024-07-25,189,F,6,valido,
14352,5718,5718005,1,2024-12-07,44,F,3,valido,
14353,5768,5768053,4,2024-03-17,106,F,2,valido,
14354,5741,5741017,1,2024-04-20,118,F,3,valido,
14355,5768,5768076,2,2024-12-03,101,F,2,valido,
14356,5715,5715047,2,2024-01-21,60,F,2,valido,
14357,5754,5754026,4,2024-03-14,3,F,2,valido,
14358,5781,5781003,3,2024-03-04,74,F,5,valido,
14359,5725,5725024,4,2024-02-09,47,F,2,valido,
14360,5747,5747025,1,2024-02-04,119,F,4,valido,
14361,5741,5741004,1,2024-11-25,132,F,3,valido,
14362,5741,5741025,4,2024-09-17,135,F,3,valido,
14363,5750,5750009,3,2024-09-11,105,F,5,valido,
14364,5715,5715100,1,2024-02-15,63,F,2,valido,
14365,5744,5744008,3,2024-04-21,62,F,4,valido,
14366,5717,5717023,2,2024-05-07,139,F,1,valido,
14367,5768,5768019,4,2024-09-06,33,F,2,valido,
14368,5725,5725051,4,2024-10-28,147,F,2,modificado,A: fecha 24-28-10 -> 2024-10-28. Normalization by format and calendar. Year 2024 based on complete dataset dates.
14369,5715,5715059,4,2024-05-22,129,F,2,valido,
14370,5723,5723008,1,2024-05-24,31,F,4,valido,
14371,5781,5781005,2,2024-11-05,25,F,5,valido,
14372,5725,5725115,2,2024-01-08,35,F,2,valido,
14373,5773,5773031,1,2024-09-20,174,F,3,valido,
14374,5715,5715009,2,2024-09-22,87,F,2,valido,
14375,5785,5785008,3,2024-01-06,131,F,5,valido,
14376,5708,5708002,4,2024-07-07,98,F,4,valido,
14377,5715,5715107,2,2024-03-09,54,F,2,valido,
14378,5768,5768022,3,2024-09-22,31,F,2,valido,
14379,5770,5770020,1,2024-12-19,170,F,4,valido,
14380,5768,5768081,3,2024-02-05,112,F,2,valido,
14381,5752,5752017,4,2024-11-06,22,F,6,valido,
14382,5705,5705023,4,2024-01-15,166,F,1,valido,
14383,5725,5725073,3,2024-06-07,56,F,2,valido,
14384,5754,5754030,4,2024-03-08,93,F,2,valido,
14385,5713,5713039,3,2024-11-01,82,F,4,valido,
14386,5725,5725081,4,2024-01-03,13,F,2,valido,
14387,5747,5747008,4,2024-01-18,42,F,4,valido,
14388,5785,5785007,1,2024-09-08,45,F,5,valido,
14389,5718,5718015,3,2024-12-01,39,F,3,valido,
14390,5741,5741024,3,2024-09-10,113,F,3,valido,
14391,5747,5747016,2,2024-04-23,123,F,4,valido,
14392,5720,5720010,4,2024-04-21,125,F,4,valido,
14393,5752,5752015,1,2024-08-13,186,F,6,valido,
14394,5718,5718014,1,2024-01-12,169,F,3,valido,
14395,5715,5715033,3,2024-09-07,155,F,2,valido,
14396,5741,5741004,2,2024-12-02,164,F,3,valido,
14397,5715,5715046,4,2024-11-21,136,F,2,valido,
14398,5725,5725037,4,2024-02-11,4,F,2,valido,
14399,5741,5741007,2,2024-07-22,92,F,3,valido,
14400,5713,5713037,3,2024-07-13,8,F,4,valido,
14401,5794,5794005,4,2024-08-25,180,F,5,valido,
14402,5720,5720011,2,2024-07-01,101,F,4,valido,
14403,5705,5705101,3,2024-02-26,148,F,1,valido,
14404,5725,5725059,1,2024-04-18,188,F,2,valido,
14405,5725,5725116,3,2024-11-09,133,F,2,valido,
14406,5725,5725012,2,2024-08-13,2,F,2,valido,
14407,5768,5768046,2,2024-07-24,94,F,2,valido,
14408,5754,5754014,1,2024-05-06,157,F,2,valido,
14409,5708,5708009,4,2024-12-17,6,F,4,valido,
14410,5727,5727013,4,2024-01-06,106,F,6,valido,
14411,5747,5747026,3,2024-02-19,75,F,4,valido,
14412,5725,5725054,2,2024-05-11,161,F,2,valido,
14413,5754,5754002,4,2024-10-21,194,F,2,valido,
14414,5723,5723016,3,2024-02-02,146,F,4,valido,
14415,5741,5741027,1,2024-10-09,39,F,3,valido,
14416,5794,5794002,1,2024-05-19,11,F,5,valido,
14417,5723,5723017,2,2024-11-06,120,F,4,valido,
14418,5785,5785012,3,2024-06-21,159,F,5,valido,
14419,5723,5723028,3,2024-06-10,31,F,4,valido,
14420,5705,5705040,2,2024-04-16,136,F,1,valido,
14421,5708,5708014,4,2024-12-06,29,F,4,valido,
14422,5725,5725071,1,2024-05-15,75,F,2,valido,
14423,5718,5718001,1,2024-10-26,146,F,3,valido,
14424,5705,5705092,3,2024-02-13,31,F,1,valido,
14425,5754,5754021,2,2024-01-12,189,F,2,valido,
14426,5773,5773042,4,2024-09-14,165,F,3,valido,
14427,5723,5723002,3,2024-03-24,141,F,4,valido,
14428,5754,5754020,4,2024-12-05,143,F,2,valido,
14429,5718,5718012,3,2024-09-28,200,F,3,valido,
14430,5776,5776010,4,2024-05-13,148,F,6,valido,
14431,5776,5776039,2,2024-07-06,53,F,6,valido,
14432,5715,5715109,1,2024-02-08,25,F,2,valido,
14433,5713,5713045,2,2024-11-07,183,F,4,valido,
14434,5715,5715039,2,2024-02-27,124,F,2,valido,
14435,5747,5747025,3,2024-11-24,181,F,4,valido,
14436,5720,5720021,1,2024-09-01,199,F,4,valido,
14437,5720,5720002,3,2024-01-24,131,F,4,valido,
14438,5768,5768052,4,2024-04-18,63,F,2,valido,
14439,5725,5725039,1,2024-08-05,144,F,2,valido,
14440,5705,5705104,3,2024-02-27,106,F,1,valido,
14441,5773,5773003,3,2024-10-11,157,F,3,valido,
14442,5715,5715074,4,2024-11-07,104,F,2,valido,
14443,5752,5752012,3,2024-10-11,171,F,6,valido,
14444,5705,5705045,3,2024-11-13,25,F,1,valido,
14445,5715,5715105,1,2024-06-12,55,F,2,valido,
14446,5752,5752025,1,2024-07-26,3,F,6,valido,
14447,5750,5750016,3,2024-09-07,114,F,5,valido,
14448,5750,5750021,2,2024-04-08,184,F,5,valido,
14449,5786,5786006,2,2024-12-15,115,F,3,valido,
14450,5781,5781001,4,2024-10-25,189,F,5,valido,
14451,5754,5754009,2,2024-08-14,181,F,2,valido,
14452,5754,5754019,3,2024-02-16,30,F,2,valido,
14453,5705,5705055,2,2024-03-25,156,F,1,valido,
14454,5791,5791001,1,2024-11-01,184,F,3,valido,
14455,5754,5754033,2,2024-07-07,178,F,2,valido,
14456,5786,5786001,2,2024-04-01,78,F,3,valido,
14457,5715,5715083,2,2024-08-13,82,F,2,valido,
14458,5770,5770025,4,2024-02-23,3,F,4,valido,
14459,5776,5776040,3,2024-01-26,125,F,6,valido,
14460,5725,5725048,1,2024-06-13,102,F,2,valido,
14461,5727,5727018,3,2024-12-23,125,F,6,valido,
14462,5770,5770014,4,2024-11-19,94,F,4,valido,
14463,5725,5725002,1,2024-05-09,8,F,2,valido,
14464,5744,5744015,2,2024-01-06,55,F,4,valido,
14465,5725,5725007,3,2024-08-14,74,F,2,valido,
14466,5725,5725110,1,2024-06-17,111,F,2,valido,
14467,5705,5705107,1,2024-02-08,8,F,1,valido,
14468,5705,5705042,4,2024-05-16,182,F,1,valido,
14469,5719,5719031,2,2024-06-06,186,F,6,valido,
14470,5776,5776037,4,2024-12-13,129,F,6,valido,
14471,5713,5713033,3,2024-06-09,38,F,4,valido,
14472,5715,5715117,2,2024-03-03,26,F,2,valido,
14473,5725,5725079,3,2024-09-13,29,F,2,valido,
14474,5773,5773045,3,2024-03-17,115,F,3,valido,
14475,5705,5705113,4,2024-07-18,76,F,1,valido,
14476,5768,5768064,3,2024-05-28,192,F,2,valido,
14477,5715,5715067,2,2024-12-19,16,F,2,valido,
14478,5773,5773025,2,2024-07-05,164,F,3,valido,
14479,5719,5719042,4,2024-03-18,143,F,6,valido,
14480,5705,5705062,4,2024-02-20,176,F,1,valido,
14481,5754,5754032,3,2024-02-22,105,F,2,valido,
14482,5715,5715118,4,2024-10-01,58,F,2,valido,
14483,5727,5727021,3,2024-07-03,30,F,6,valido,
14484,5723,5723020,3,2024-04-28,148,F,4,valido,
14485,5773,5773017,2,2024-08-24,108,F,3,valido,
14486,5773,5773032,3,2024-06-20,28,F,3,valido,
14487,5770,5770015,3,2024-04-21,161,F,4,valido,
14488,5715,5715009,3,2024-11-21,154,F,2,valido,
14489,5713,5713009,2,2024-11-03,101,F,4,valido,
14490,5719,5719031,1,2024-03-23,66,F,6,valido,
14491,5750,5750028,4,2024-03-15,53,F,5,valido,
14492,5705,5705058,3,2024-07-26,87,F,1,valido,
14493,5773,5773035,4,2024-04-10,147,F,3,valido,
14494,5752,5752018,3,2024-12-22,17,F,6,valido,
14495,5773,5773019,3,2024-05-23,63,F,3,valido,
14496,5770,5770020,1,2024-07-19,20,F,4,valido,
14497,5741,5741002,1,2024-08-04,163,F,3,valido,
14498,5768,5768036,2,2024-02-24,114,F,2,valido,
14499,5799,5799004,4,2024-06-23,95,F,5,valido,
14500,5768,5768002,3,2024-08-03,10,F,2,valido,
14501,5705,5705089,3,2024-08-02,69,F,1,valido,
14502,5717,5717012,3,2024-07-03,39,F,1,valido,
14503,5715,5715040,2,2024-12-16,126,F,2,valido,
14504,5752,5752051,1,2024-11-04,64,F,6,valido,
14505,5723,5723027,1,2024-12-01,187,F,4,valido,
14506,5725,5725105,4,2024-12-16,55,F,2,valido,
14507,5768,5768038,3,2024-03-27,156,F,2,valido,
14508,5752,5752044,2,2024-07-01,127,F,6,valido,
14509,5718,5718001,3,2024-07-08,81,F,3,valido,
14510,5719,5719025,2,2024-03-11,85,F,6,valido,
14511,5768,5768012,1,2024-11-09,185,F,2,valido,
14512,5720,5720002,4,2024-10-03,160,F,4,valido,
14513,5705,5705031,4,2024-05-07,52,F,1,valido,
14514,5723,5723014,1,2024-09-14,138,F,4,valido,
14515,5715,5715039,3,2024-06-18,60,F,2,valido,
14516,5715,5715040,3,2024-12-06,102,F,2,valido,
14517,5747,5747014,1,2024-12-14,188,F,4,valido,
14518,5795,5795004,2,2024-05-18,66,F,5,valido,
14519,5705,5705113,4,2024-05-09,145,F,1,valido,
14520,5705,5705025,4,2024-01-04,166,F,1,valido,
14521,5705,5705097,2,2024-09-11,36,F,1,valido,
14522,5794,5794007,2,2024-05-07,145,F,5,valido,
14523,5713,5713017,1,2024-07-07,160,F,4,valido,
14524,5763,5763002,4,2024-06-24,58,F,1,valido,
14525,5718,5718004,2,2024-05-25,138,F,3,valido,
14526,5752,5752004,4,2024-11-15,116,F,6,valido,
14527,5776,5776014,3,2024-05-04,1,F,6,valido,
14528,5785,5785007,2,2024-11-14,71,F,5,valido,
14529,5754,5754037,4,2024-07-11,138,F,2,valido,
14530,5708,5708011,2,2024-10-01,56,F,4,valido,
14531,5797,5797006,3,2024-07-03,27,F,3,valido,
14532,5715,5715037,2,2024-02-03,124,F,2,valido,
14533,5725,5725107,1,2024-01-19,194,F,2,valido,
14534,5719,5719020,1,2024-06-24,139,F,6,valido,
14535,5715,5715064,3,2024-11-02,44,F,2,valido,
14536,5785,5785016,2,2024-03-04,175,F,5,valido,
14537,5744,5744007,4,2024-02-08,38,F,4,valido,
14538,5768,5768065,3,2024-05-09,4,F,2,valido,
14539,5741,5741028,3,2024-09-19,188,F,3,valido,
14540,5768,5768007,2,2024-02-10,79,F,2,valido,
14541,5715,5715056,2,2024-04-05,68,F,2,valido,
14542,5713,5713020,4,2024-11-21,126,F,4,valido,
14543,5770,5770014,4,2024-02-20,41,F,4,valido,
14544,5752,5752028,3,2024-09-16,85,F,6,valido,
14545,5786,5786013,4,2024-11-25,138,F,3,valido,
14546,5747,5747008,2,2024-07-28,6,F,4,valido,
14547,5776,5776037,3,2024-08-05,126,F,6,valido,
14548,5718,5718014,2,2024-08-16,104,F,3,valido,
14549,5715,5715059,4,2024-04-06,64,F,2,valido,
14550,5750,5750029,2,2024-04-27,164,F,5,valido,
14551,5715,5715076,3,2024-11-12,57,F,2,valido,
14552,5754,5754040,4,2024-09-14,113,F,2,valido,
14553,5713,5713026,2,2024-01-23,54,F,4,valido,
14554,5713,5713006,1,2024-01-16,54,F,4,valido,
14555,5741,5741029,3,2024-11-14,105,F,3,valido,
14556,5715,5715005,1,2024-04-22,77,F,2,valido,
14557,5754,5754030,3,2024-12-18,74,F,2,valido,
14558,5715,5715105,2,2024-02-11,29,F,2,valido,
14559,5770,5770003,3,2024-10-28,57,F,4,valido,
14560,5763,5763007,1,2024-11-15,15,F,1,valido,
14561,5725,5725061,1,2024-09-25,179,F,2,valido,
14562,5715,5715016,3,2024-01-20,35,F,2,valido,
14563,5715,5715022,1,2024-02-17,64,F,2,valido,
14564,5725,5725049,1,2024-06-11,81,F,2,valido,
14565,5713,5713014,2,2024-02-19,27,F,4,valido,
14566,5752,5752042,2,2024-09-04,156,F,6,valido,
14567,5715,5715056,2,2024-11-12,113,F,2,valido,
14568,5705,5705025,1,2024-03-11,45,F,1,valido,
14569,5773,5773011,3,2024-03-15,192,F,3,valido,
14570,5747,5747012,2,2024-06-14,180,F,4,valido,
14571,5768,5768058,1,2024-11-12,3,F,2,valido,
14572,5725,5725103,4,2024-12-03,1,F,2,valido,
14573,5768,5768082,4,2024-08-25,77,F,2,valido,
14574,5715,5715085,2,2024-06-12,122,F,2,valido,
14575,5725,5725080,2,2024-11-02,16,F,2,valido,
14576,5747,5747005,1,2024-04-24,43,F,4,valido,
14577,5744,5744003,3,2024-11-09,102,F,4,valido,
14578,5705,5705040,2,2024-04-11,41,F,1,valido,
14579,5741,5741012,3,2024-02-10,25,F,3,valido,
14580,5720,5720002,1,2024-03-24,130,F,4,valido,
14581,5713,5713011,1,2024-02-01,54,F,4,valido,
14582,5741,5741022,4,2024-11-22,119,F,3,valido,
14583,5723,5723020,4,2024-08-05,62,F,4,valido,
14584,5750,5750014,2,2024-06-02,31,F,5,valido,
14585,5776,5776024,4,2024-02-03,112,F,6,valido,
14586,5713,5713023,2,2024-09-21,141,F,4,valido,
14587,5768,5768055,2,2024-05-25,8,F,2,valido,
14588,5718,5718011,4,2024-10-13,92,F,3,valido,
14589,5713,5713023,4,2024-07-04,50,F,4,valido,
14590,5754,5754033,4,2024-11-22,102,F,2,valido,
14591,5754,5754031,2,2024-03-10,195,F,2,valido,
14592,5705,5705002,2,2024-02-17,192,F,1,valido,
14593,5773,5773026,4,2024-11-23,75,F,3,valido,
14594,5752,5752036,2,2024-01-09,28,F,6,valido,
14595,5768,5768067,1,2024-05-02,191,F,2,valido,
14596,5705,5705040,3,2024-03-22,42,F,1,valido,
14597,5776,5776037,4,2024-11-20,187,F,6,valido,
14598,5725,5725065,3,2024-12-28,42,F,2,valido,
14599,5715,5715101,3,2024-08-06,75,F,2,valido,
14600,5754,5754035,4,2024-07-07,71,F,2,valido,
14601,5725,5725044,1,2024-08-04,176,F,2,valido,
14602,5768,5768023,4,2024-06-09,92,F,2,valido,
14603,5785,5785017,2,2024-01-22,157,F,5,valido,
14604,5768,5768002,3,2024-08-17,90,F,2,valido,
14605,5719,5719007,3,2024-06-03,32,F,6,valido,
14606,5723,5723029,2,2024-10-02,132,F,4,valido,
14607,5720,5720002,4,2024-05-03,189,F,4,valido,
14608,5770,5770008,1,2024-02-05,36,F,4,valido,
14609,5719,5719005,1,2024-07-15,109,F,6,valido,
14610,5752,5752033,3,2024-01-20,173,F,6,valido,
14611,5768,5768085,1,2024-06-04,57,F,2,valido,
14612,5725,5725070,4,2024-12-24,6,F,2,valido,
14613,5705,5705117,2,2024-09-19,41,F,1,valido,
14614,5708,5708016,2,2024-06-02,113,F,4,valido,
14615,5713,5713033,2,2024-06-10,77,F,4,valido,
14616,5768,5768031,4,2024-03-23,57,F,2,valido,
14617,5773,5773031,4,2024-02-10,74,F,3,valido,
14618,5725,5725103,4,2024-11-14,110,F,2,valido,
14619,5715,5715112,2,2024-07-17,96,F,2,valido,
14620,5705,5705074,4,2024-07-26,72,F,1,valido,
14621,5785,5785012,3,2024-05-09,172,F,5,valido,
14622,5770,5770009,1,2024-07-21,84,F,4,valido,
14623,5768,5768008,1,2024-08-11,170,F,2,valido,
14624,5715,5715115,1,2024-02-17,165,F,2,valido,
14625,5781,5781006,4,2024-04-02,55,F,5,valido,
14626,5717,5717005,4,2024-03-26,169,F,1,valido,
14627,5752,5752038,1,2024-03-20,46,F,6,valido,
14628,5754,5754004,1,2024-05-13,130,F,2,valido,
14629,5708,5708003,4,2024-06-10,140,F,4,valido,
14630,5752,5752058,1,2024-12-04,25,F,6,valido,
14631,5773,5773026,3,2024-10-17,131,F,3,valido,
14632,5713,5713019,3,2024-06-13,109,F,4,valido,
14633,5776,5776019,1,2024-06-14,101,F,6,valido,
14634,5708,5708003,1,2024-10-25,42,F,4,valido,
14635,5719,5719012,1,2024-03-02,25,F,6,valido,
14636,5713,5713019,4,2024-10-07,15,F,4,valido,
14637,5725,5725041,4,2024-08-21,189,F,2,valido,
14638,5770,5770003,4,2024-10-01,59,F,4,valido,
14639,5773,5773006,3,2024-06-16,127,F,3,valido,
14640,5715,5715018,4,2024-01-24,115,F,2,valido,
14641,5719,5719023,1,2024-01-21,161,F,6,valido,
14642,5708,5708021,2,2024-03-13,42,F,4,valido,
14643,5723,5723020,1,2024-03-27,8,F,4,valido,
14644,5715,5715016,4,2024-08-13,155,F,2,valido,
14645,5713,5713042,4,2024-11-26,60,F,4,valido,
14646,5754,5754014,4,2024-04-27,154,F,2,valido,
14647,5713,5713036,1,2024-04-14,98,F,4,valido,
14648,5705,5705033,4,2024-10-19,47,F,1,valido,
14649,5768,5768016,3,2024-07-26,182,F,2,valido,
14650,5744,5744002,1,2024-06-03,156,F,4,valido,
14651,5705,5705018,4,2024-08-18,164,F,1,valido,
14652,5725,5725077,3,2024-08-15,32,F,2,valido,
14653,5770,5770004,1,2024-12-21,72,F,4,valido,
14654,5768,5768076,3,2024-03-12,45,F,2,valido,
14655,5754,5754032,3,2024-06-18,156,F,2,valido,
14656,5725,5725028,2,2024-01-09,5,F,2,valido,
14657,5752,5752033,3,2024-02-03,8,F,6,valido,
14658,5786,5786004,4,2024-07-26,171,F,3,valido,
14659,5747,5747004,4,2024-08-09,40,F,4,valido,
14660,5754,5754011,3,2024-10-03,101,F,2,valido,
14661,5768,5768024,1,2024-09-11,86,F,2,valido,
14662,5705,5705042,4,2024-05-04,196,F,1,valido,
14663,5715,5715071,3,2024-11-10,36,F,2,valido,
14664,5705,5705089,4,2024-04-10,91,F,1,valido,
14665,5715,5715073,2,2024-05-23,50,F,2,valido,
14666,5747,5747006,2,2024-10-01,114,F,4,valido,
14667,5705,5705023,3,2024-08-08,136,F,1,valido,
14668,5725,5725052,4,2024-08-22,84,F,2,valido,
14669,5725,5725095,2,2024-04-14,196,F,2,valido,
14670,5725,5725043,4,2024-09-10,3,F,2,valido,
14671,5715,5715076,3,2024-05-21,99,F,2,valido,
14672,5770,5770023,4,2024-08-07,15,F,4,valido,
14673,5752,5752013,2,2024-08-24,182,F,6,valido,
14674,5773,5773032,2,2024-11-24,59,F,3,valido,
14675,5785,5785003,2,2024-10-28,132,F,5,valido,
14676,5705,5705124,2,2024-08-21,58,F,1,valido,
14677,5752,5752041,3,2024-10-17,172,F,6,valido,
14678,5718,5718012,1,2024-04-20,33,F,3,valido,
14679,5752,5752025,2,2024-09-24,169,F,6,valido,
14680,5770,5770001,4,2024-11-25,194,F,4,valido,
14681,5725,5725096,3,2024-05-20,88,F,2,valido,
14682,5705,5705022,4,2024-11-22,164,F,1,valido,
14683,5715,5715045,1,2024-01-28,54,F,2,valido,
14684,5770,5770006,2,2024-02-24,121,F,4,valido,
14685,5725,5725059,1,2024-09-27,192,F,2,valido,
14686,5766,5766003,1,2024-07-19,67,F,1,valido,
14687,5717,5717012,1,2024-06-19,153,F,1,valido,
14688,5781,5781005,4,2024-08-21,128,F,5,valido,
14689,5715,5715121,1,2024-07-04,103,F,2,valido,
14690,5705,5705048,4,2024-02-25,200,F,1,valido,
14691,5723,5723005,3,2024-03-28,139,F,4,valido,
14692,5773,5773040,4,2024-02-13,84,F,3,valido,
14693,5705,5705044,4,2024-03-28,168,F,1,valido,
14694,5713,5713021,1,2024-03-15,149,F,4,valido,
14695,5725,5725028,2,2024-02-03,35,F,2,valido,
14696,5705,5705117,4,2024-10-19,32,F,1,valido,
14697,5715,5715035,4,2024-05-15,114,F,2,valido,
14698,5725,5725072,1,2024-06-16,146,F,2,valido,
14699,5776,5776008,3,2024-04-07,5,F,6,valido,
14700,5715,5715007,3,2024-04-18,32,F,2,valido,
14701,5725,5725105,3,2024-08-12,57,F,2,valido,
14702,5770,5770014,4,2024-11-13,94,F,4,valido,
14703,5715,5715073,4,2024-03-16,114,F,2,valido,
14704,5725,5725079,4,2024-02-08,182,F,2,valido,
14705,5715,5715014,4,2024-12-23,34,F,2,valido,
14706,5720,5720001,4,2024-09-09,98,F,4,valido,
14707,5752,5752064,4,2024-11-15,127,F,6,valido,
14708,5705,5705008,2,2024-11-23,22,F,1,valido,
14709,5763,5763007,4,2024-09-14,170,F,1,valido,
14710,5727,5727024,1,2024-04-12,171,F,6,valido,
14711,5750,5750016,4,2024-12-03,174,F,5,valido,
14712,5727,5727018,4,2024-12-28,51,F,6,valido,
14713,5725,5725070,1,2024-09-27,86,F,2,valido,
14714,5715,5715077,3,2024-12-17,101,F,2,valido,
14715,5717,5717015,2,2024-07-13,92,F,1,valido,
14716,5720,5720014,3,2024-04-09,128,F,4,valido,
14717,5795,5795004,3,2024-08-28,28,F,5,valido,
14718,5705,5705050,4,2024-03-09,16,F,1,valido,
14719,5720,5720009,1,2024-09-05,169,F,4,valido,
14720,5770,5770003,3,2024-02-13,121,F,4,valido,
14721,5794,5794001,4,2024-12-02,124,F,5,valido,
14722,5725,5725097,1,2024-03-16,133,F,2,valido,
14723,5752,5752056,1,2024-08-05,187,F,6,valido,
14724,5791,5791001,1,2024-03-21,132,F,3,valido,
14725,5770,5770004,1,2024-05-11,132,F,4,valido,
14726,5786,5786002,4,2024-10-14,116,F,3,valido,
14727,5725,5725070,2,2024-06-08,62,F,2,valido,
14728,5770,5770008,4,2024-10-17,119,F,4,valido,
14729,5727,5727002,1,2024-03-13,146,F,6,valido,
14730,5754,5754007,2,2024-11-07,147,F,2,valido,
14731,5715,5715009,4,2024-06-07,165,F,2,valido,
14732,5713,5713040,3,2024-01-16,155,F,4,valido,
14733,5741,5741004,4,2024-02-28,150,F,3,valido,
14734,5750,5750026,3,2024-12-15,195,F,5,valido,
14735,5768,5768045,4,2024-01-24,192,F,2,valido,
14736,5705,5705039,2,2024-04-28,91,F,1,valido,
14737,5715,5715118,2,2024-11-26,163,F,2,valido,
14738,5768,5768032,3,2024-10-21,94,F,2,valido,
14739,5705,5705084,2,2024-10-27,197,F,1,valido,
14740,5754,5754005,4,2024-10-26,117,F,2,valido,
14741,5785,5785006,2,2024-06-06,198,F,5,valido,
14742,5725,5725005,4,2024-04-07,93,F,2,valido,
14743,5725,5725073,4,2024-05-15,60,F,2,valido,
14744,5752,5752001,4,2024-07-20,1,F,6,valido,
14745,5768,5768045,4,2024-06-05,103,F,2,valido,
14746,5715,5715106,3,2024-04-19,35,F,2,valido,
14747,5770,5770010,2,2024-12-05,38,F,4,valido,
14748,5715,5715101,4,2024-01-24,87,F,2,valido,
14749,5768,5768058,3,2024-12-13,36,F,2,valido,
14750,5715,5715041,3,2024-05-12,100,F,2,valido,
14751,5715,5715094,3,2024-01-11,68,F,2,valido,
14752,5773,5773001,3,2024-01-13,9,F,3,valido,
14753,5763,5763003,2,2024-10-19,132,F,1,valido,
14754,5725,5725113,1,2024-03-23,166,F,2,valido,
14755,5727,5727002,4,2024-01-01,83,F,6,valido,
14756,5705,5705110,1,2024-06-22,42,F,1,valido,
14757,5768,5768042,1,2024-02-26,3,F,2,valido,
14758,5768,5768051,2,2024-12-15,2,F,2,valido,
14759,5768,5768023,3,2024-03-20,32,F,2,valido,
14760,5720,5720002,4,2024-09-24,67,F,4,valido,
14761,5725,5725007,1,2024-07-21,192,F,2,valido,
14762,5727,5727013,2,2024-02-10,174,F,6,valido,
14763,5725,5725043,1,2024-09-04,80,F,2,valido,
14764,5776,5776008,2,2024-09-11,66,F,6,valido,
14765,5752,5752003,3,2024-11-27,148,F,6,valido,
14766,5725,5725027,4,2024-10-06,182,F,2,valido,
14767,5713,5713036,1,2024-04-10,21,F,4,valido,
14768,5750,5750016,4,2024-03-03,130,F,5,valido,
14769,5708,5708003,4,2024-08-26,184,F,4,valido,
14770,5725,5725070,2,2024-04-13,185,F,2,valido,
14771,5708,5708005,3,2024-08-24,178,F,4,valido,
14772,5723,5723010,2,2024-11-13,168,F,4,valido,
14773,5797,5797006,4,2024-07-01,164,F,3,valido,
14774,5725,5725100,1,2024-09-11,97,F,2,valido,
14775,5752,5752022,2,2024-01-17,32,F,6,valido,
14776,5725,5725010,4,2024-01-18,19,F,2,valido,
14777,5766,5766004,4,2024-01-24,5,F,1,valido,
14778,5750,5750027,4,2024-02-24,48,F,5,valido,
14779,5773,5773024,4,2024-03-04,69,F,3,valido,
14780,5747,5747027,4,2024-10-20,179,F,4,valido,
14781,5705,5705010,4,2024-09-24,91,F,1,valido,
14782,5725,5725006,3,2024-06-01,157,F,2,valido,
14783,5705,5705103,3,2024-08-22,102,F,1,valido,
14784,5708,5708015,1,2024-09-12,53,F,4,valido,
14785,5708,5708016,3,2024-01-24,193,F,4,valido,
14786,5720,5720013,3,2024-11-01,83,F,4,valido,
14787,5752,5752013,4,2024-07-20,91,F,6,valido,
14788,5713,5713024,4,2024-10-27,180,F,4,valido,
14789,5750,5750006,2,2024-12-17,19,F,5,valido,
14790,5785,5785014,1,2024-05-11,154,F,5,valido,
14791,5752,5752035,3,2024-09-10,96,F,6,valido,
14792,5705,5705019,1,2024-11-26,105,F,1,valido,
14793,5715,5715033,3,2024-01-18,114,F,2,valido,
14794,5719,5719032,1,2024-02-02,130,F,6,valido,
14795,5720,5720011,4,2024-06-28,150,F,4,valido,
14796,5717,5717021,2,2024-09-16,78,F,1,valido,
14797,5776,5776034,4,2024-01-20,144,F,6,valido,
14798,5752,5752018,2,2024-10-04,156,F,6,valido,
14799,5715,5715053,4,2024-11-10,69,F,2,valido,
14800,5725,5725062,3,2024-11-22,159,F,2,valido,
14801,5725,5725065,2,2024-03-14,101,F,2,valido,
14802,5773,5773020,4,2024-10-23,34,F,3,valido,
14803,5773,5773038,1,2024-04-26,79,F,3,valido,
14804,5713,5713010,1,2024-10-24,34,F,4,valido,
14805,5763,5763001,1,2024-12-11,183,F,1,valido,
14806,5725,5725057,3,2024-08-09,174,F,2,valido,
14807,5723,5723029,1,2024-07-08,87,F,4,valido,
14808,5776,5776024,2,2024-08-19,195,F,6,valido,
14809,5768,5768029,2,2024-09-02,40,F,2,valido,
14810,5717,5717013,1,2024-01-09,115,F,1,valido,
14811,5705,5705116,4,2024-04-23,173,F,1,valido,
14812,5725,5725034,4,2024-09-26,188,F,2,valido,
14813,5768,5768043,4,2024-12-28,106,F,2,valido,
14814,5718,5718001,2,2024-01-22,183,F,3,valido,
14815,5786,5786004,2,2024-07-14,21,F,3,valido,
14816,5725,5725072,2,2024-03-06,166,F,2,valido,
14817,5794,5794005,4,2024-10-08,10,F,5,valido,
14818,5725,5725089,4,2024-05-10,176,F,2,valido,
14819,5752,5752034,3,2024-02-12,186,F,6,valido,
14820,5754,5754017,3,2024-09-22,59,F,2,valido,
14821,5773,5773038,1,2024-02-08,22,F,3,valido,
14822,5719,5719036,1,2024-08-02,84,F,6,valido,
14823,5705,5705123,2,2024-05-03,73,F,1,valido,
14824,5725,5725109,4,2024-07-25,132,F,2,valido,
14825,5763,5763004,1,2024-08-28,142,F,1,valido,
14826,5715,5715093,1,2024-10-03,28,F,2,valido,
14827,5705,5705037,1,2024-03-09,53,F,1,valido,
14828,5752,5752018,2,2024-04-02,126,F,6,valido,
14829,5719,5719015,3,2024-01-16,113,F,6,valido,
14830,5715,5715063,4,2024-06-19,61,F,2,valido,
14831,5718,5718011,4,2024-01-12,87,F,3,valido,
14832,5766,5766009,1,2024-10-27,15,F,1,valido,
14833,5754,5754028,1,2024-02-06,18,F,2,valido,
14834,5750,5750013,3,2024-05-10,36,F,5,valido,
14835,5776,5776038,4,2024-03-18,11,F,6,valido,
14836,5750,5750002,2,2024-06-25,121,F,5,valido,
14837,5727,5727002,3,2024-10-15,200,F,6,valido,
14838,5705,5705010,1,2024-12-25,65,F,1,valido,
14839,5768,5768021,2,2024-02-04,182,F,2,valido,
14840,5754,5754037,3,2024-10-04,175,F,2,valido,
14841,5708,5708002,2,2024-06-26,152,F,4,valido,
14842,5791,5791001,4,2024-02-16,68,F,3,valido,
14843,5723,5723010,2,2024-05-08,59,F,4,valido,
14844,5705,5705034,4,2024-07-05,186,F,1,valido,
14845,5785,5785008,3,2024-05-09,3,F,5,valido,
14846,5705,5705050,2,2024-01-16,39,F,1,valido,
14847,5723,5723022,2,2024-12-21,191,F,4,valido,
14848,5715,5715059,2,2024-06-22,133,F,2,valido,
14849,5768,5768039,2,2024-12-22,165,F,2,valido,
14850,5717,5717025,4,2024-03-08,181,F,1,valido,
14851,5723,5723025,1,2024-05-08,125,F,4,valido,
14852,5741,5741002,1,2024-08-10,100,F,3,valido,
14853,5705,5705026,1,2024-09-19,2,F,1,valido,
14854,5708,5708023,1,2024-03-13,107,F,4,valido,
14855,5791,5791001,3,2024-07-03,181,F,3,valido,
14856,5747,5747006,3,2024-09-21,151,F,4,valido,
14857,5719,5719003,1,2024-10-24,136,F,6,valido,
14858,5785,5785018,2,2024-10-26,20,F,5,valido,
14859,5717,5717026,3,2024-09-15,130,F,1,valido,
14860,5708,5708019,1,2024-10-02,4,F,4,valido,
14861,5773,5773020,4,2024-04-07,166,F,3,valido,
14862,5725,5725109,1,2024-11-08,100,F,2,valido,
14863,5705,5705100,4,2024-12-24,100,F,1,valido,
14864,5725,5725069,1,2024-01-18,4,F,2,valido,
14865,5715,5715093,2,2024-02-24,160,F,2,valido,
14866,5768,5768075,2,2024-07-05,97,F,2,valido,
14867,5725,5725063,4,2024-03-10,56,F,2,valido,
14868,5727,5727008,4,2024-09-16,68,F,6,valido,
14869,5768,5768050,2,2024-08-28,200,F,2,valido,
14870,5773,5773026,3,2024-07-23,105,F,3,valido,
14871,5705,5705058,4,2024-02-28,6,F,1,valido,
14872,5725,5725060,3,2024-05-27,150,F,2,valido,
14873,5741,5741022,1,2024-04-11,46,F,3,valido,
14874,5715,5715085,1,2024-09-05,79,F,2,valido,
14875,5708,5708020,3,2024-11-07,181,F,4,valido,
14876,5713,5713021,3,2024-07-04,196,F,4,valido,
14877,5773,5773029,4,2024-06-01,173,F,3,valido,
14878,5794,5794001,4,2024-09-02,38,F,5,valido,
14879,5776,5776039,4,2024-12-25,32,F,6,valido,
14880,5723,5723027,3,2024-05-13,33,F,4,valido,
14881,5750,5750026,1,2024-03-28,200,F,5,valido,
14882,5752,5752001,4,2024-08-07,156,F,6,valido,
14883,5750,5750021,4,2024-10-17,138,F,5,valido,
14884,5705,5705036,2,2024-01-09,81,F,1,valido,
14885,5705,5705095,3,2024-02-12,100,F,1,valido,
14886,5752,5752028,3,2024-07-13,92,F,6,valido,
14887,5715,5715004,2,2024-01-20,114,F,2,valido,
14888,5776,5776031,4,2024-10-01,4,F,6,valido,
14889,5717,5717027,4,2024-03-25,147,F,1,valido,
14890,5754,5754016,1,2024-06-05,44,F,2,valido,
14891,5715,5715010,2,2024-01-04,155,F,2,valido,
14892,5773,5773012,1,2024-02-17,186,F,3,valido,
14893,5719,5719006,1,2024-08-13,65,F,6,valido,
14894,5715,5715096,4,2024-06-26,6,F,2,valido,
14895,5715,5715037,2,2024-08-27,105,F,2,valido,
14896,5770,5770018,3,2024-02-12,59,F,4,valido,
14897,5773,5773024,1,2024-08-01,75,F,3,valido,
14898,5725,5725084,3,2024-02-02,153,F,2,valido,
14899,5773,5773001,1,2024-10-19,137,F,3,valido,
14900,5705,5705122,3,2024-09-13,113,F,1,valido,
14901,5705,5705112,2,2024-10-22,25,F,1,valido,
14902,5725,5725011,2,2024-07-14,88,F,2,valido,
14903,5713,5713008,2,2024-12-11,63,F,4,valido,
14904,5705,5705098,2,2024-03-16,87,F,1,valido,
14905,5713,5713004,2,2024-12-21,87,F,4,valido,
14906,5705,5705080,3,2024-02-28,156,F,1,valido,
14907,5705,5705113,2,2024-08-22,52,F,1,valido,
14908,5773,5773013,1,2024-10-28,88,F,3,valido,
14909,5713,5713028,2,2024-04-26,113,F,4,valido,
14910,5720,5720004,4,2024-03-14,126,F,4,valido,
14911,5773,5773003,2,2024-06-27,16,F,3,valido,
14912,5763,5763004,3,2024-09-19,121,F,1,valido,
14913,5725,5725077,4,2024-12-15,192,F,2,valido,
14914,5715,5715048,2,2024-10-07,183,F,2,valido,
14915,5744,5744006,4,2024-03-20,175,F,4,valido,
14916,5776,5776025,4,2024-05-09,35,F,6,valido,
14917,5725,5725064,3,2024-03-20,132,F,2,valido,
14918,5720,5720012,3,2024-08-26,7,F,4,valido,
14919,5791,5791008,4,2024-12-26,68,F,3,valido,
14920,5776,5776041,3,2024-07-08,34,F,6,valido,
14921,5741,5741026,3,2024-11-04,136,F,3,valido,
14922,5727,5727023,1,2024-11-19,103,F,6,valido,
14923,5752,5752003,4,2024-04-21,195,F,6,valido,
14924,5752,5752040,1,2024-10-23,57,F,6,valido,
14925,5713,5713043,3,2024-04-07,104,F,4,valido,
14926,5720,5720002,2,2024-08-09,98,F,4,valido,
14927,5754,5754003,4,2024-11-26,186,F,2,valido,
14928,5725,5725076,4,2024-02-26,35,F,2,valido,
14929,5763,5763012,3,2024-03-19,190,F,1,valido,
14930,5705,5705107,2,2024-08-03,150,F,1,valido,
14931,5705,5705107,2,2024-05-17,177,F,1,valido,
14932,5725,5725107,3,2024-11-22,119,F,2,valido,
14933,5705,5705017,1,2024-08-09,117,F,1,valido,
14934,5773,5773028,4,2024-11-22,190,F,3,valido,
14935,5713,5713037,4,2024-12-16,16,F,4,valido,
14936,5770,5770023,3,2024-02-14,85,F,4,valido,
14937,5705,5705009,1,2024-12-10,34,F,1,valido,
14938,5768,5768001,2,2024-02-07,55,F,2,valido,
14939,5715,5715028,2,2024-11-27,171,F,2,valido,
14940,5715,5715048,1,2024-07-15,187,F,2,valido,
14941,5785,5785019,3,2024-02-24,89,F,5,valido,
14942,5717,5717002,2,2024-05-21,60,F,1,valido,
14943,5705,5705007,2,2024-11-11,90,F,1,valido,
14944,5752,5752037,1,2024-11-13,138,F,6,valido,
14945,5776,5776026,2,2024-03-01,133,F,6,valido,
14946,5723,5723024,1,2024-10-07,155,F,4,valido,
14947,5754,5754004,1,2024-05-13,180,F,2,valido,
14948,5768,5768067,1,2024-07-19,64,F,2,valido,
14949,5754,5754005,1,2024-07-18,173,F,2,valido,
14950,5750,5750014,2,2024-11-08,35,F,5,valido,
14951,5768,5768017,1,2024-02-02,94,F,2,valido,
14952,5785,5785010,1,2024-02-15,113,F,5,valido,
14953,5752,5752004,1,2024-05-10,167,F,6,valido,
14954,5791,5791008,2,2024-10-08,91,F,3,valido,
14955,5705,5705010,3,2024-10-10,145,F,1,valido,
14956,5727,5727012,3,2024-05-21,158,F,6,valido,
14957,5744,5744002,3,2024-03-03,80,F,4,valido,
14958,5713,5713024,3,2024-11-10,191,F,4,valido,
14959,5705,5705045,1,2024-10-11,177,F,1,valido,
14960,5791,5791010,4,2024-06-24,75,F,3,valido,
14961,5727,5727001,4,2024-05-17,193,F,6,valido,
14962,5719,5719030,3,2024-05-04,14,F,6,valido,
14963,5725,5725098,3,2024-06-12,186,F,2,valido,
14964,5773,5773031,3,2024-11-21,169,F,3,valido,
14965,5791,5791006,1,2024-08-28,128,F,3,valido,
14966,5708,5708017,1,2024-05-05,100,F,4,valido,
14967,5754,5754040,4,2024-03-15,143,F,2,valido,
14968,5785,5785004,1,2024-01-18,47,F,5,valido,
14969,5708,5708015,1,2024-07-05,17,F,4,valido,
14970,5773,5773013,1,2024-02-07,14,F,3,valido,
14971,5768,5768019,2,2024-05-24,187,F,2,valido,
14972,5773,5773011,2,2024-10-08,173,F,3,valido,
14973,5741,5741004,3,2024-02-27,23,F,3,valido,
14974,5727,5727025,4,2024-06-08,32,F,6,valido,
14975,5741,5741034,3,2024-03-03,5,F,3,valido,
14976,5715,5715016,3,2024-01-12,200,F,2,valido,
14977,5725,5725089,2,2024-11-14,52,F,2,valido,
14978,5773,5773046,4,2024-05-13,3,F,3,valido,
14979,5723,5723008,2,2024-12-01,103,F,4,valido,
14980,5797,5797006,3,2024-07-16,102,F,3,valido,
14981,5768,5768031,2,2024-10-17,173,F,2,valido,
14982,5705,5705120,1,2024-06-19,114,F,1,valido,
14983,5786,5786005,4,2024-04-04,136,F,3,valido,
14984,5720,5720006,3,2024-09-20,77,F,4,valido,
14985,5717,5717021,3,2024-11-19,178,F,1,valido,
14986,5715,5715071,4,2024-06-18,61,F,2,valido,
14987,5741,5741028,3,2024-06-22,128,F,3,valido,
14988,5754,5754006,4,2024-05-11,59,F,2,valido,
14989,5747,5747014,2,2024-01-24,5,F,4,valido,
14990,5752,5752046,4,2024-06-07,189,F,6,valido,
14991,5708,5708010,1,2024-01-09,86,F,4,valido,
14992,5715,5715121,1,2024-06-28,107,F,2,valido,
14993,5718,5718016,1,2024-07-09,50,F,3,valido,
14994,5708,5708022,1,2024-01-03,120,F,4,valido,
14995,5776,5776036,3,2024-04-15,132,F,6,valido,
14996,5715,5715110,2,2024-01-22,180,F,2,valido,
14997,5725,5725036,3,2024-09-23,83,F,2,valido,
14998,5752,5752035,4,2024-04-24,66,F,6,valido,
14999,5799,5799002,3,2024-10-12,65,F,5,valido,
15000,5705,5705025,2,2024-01-04,39,F,1,valido,
15001,5725,5725017,2,2024-05-09,26,F,2,valido,
15002,5713,5713027,1,2024-08-13,25,F,4,valido,
15003,5719,5719026,2,2024-11-15,16,F,6,valido,
15004,5773,5773037,3,2024-08-15,44,F,3,valido,
15005,5768,5768030,2,2024-02-10,54,F,2,valido,
15006,5718,5718010,4,2024-09-02,181,F,3,valido,
15007,5768,5768045,4,2024-01-02,59,F,2,valido,
15008,5705,5705070,1,2024-10-25,149,F,1,valido,
15009,5708,5708010,2,2024-07-16,47,F,4,valido,
15010,5754,5754010,1,2024-04-19,71,F,2,valido,
15011,5754,5754036,1,2024-12-17,134,F,2,valido,
15012,5725,5725089,1,2024-10-14,55,F,2,valido,
15013,5750,5750011,4,2024-01-20,176,F,5,valido,
15014,5725,5725087,4,2024-07-05,174,F,2,valido,
15015,5715,5715054,2,2024-11-18,143,F,2,valido,
15016,5741,5741023,4,2024-06-07,191,F,3,valido,
15017,5768,5768066,2,2024-02-27,55,F,2,valido,
15018,5725,5725018,2,2024-07-06,29,F,2,valido,
15019,5768,5768070,2,2024-05-28,90,F,2,valido,
15020,5705,5705113,1,2024-03-13,44,F,1,valido,
15021,5719,5719042,3,2024-02-08,161,F,6,valido,
15022,5715,5715054,4,2024-12-23,170,F,2,valido,
15023,5725,5725048,3,2024-06-20,16,F,2,valido,
15024,5725,5725111,4,2024-02-17,96,F,2,valido,
15025,5715,5715075,4,2024-04-15,72,F,2,valido,
15026,5718,5718001,3,2024-05-23,107,F,3,valido,
15027,5705,5705074,3,2024-03-12,8,F,1,valido,
15028,5725,5725047,2,2024-02-17,165,F,2,valido,
15029,5713,5713031,1,2024-04-19,196,F,4,valido,
15030,5715,5715011,3,2024-09-24,22,F,2,valido,
15031,5713,5713034,3,2024-09-05,88,F,4,valido,
15032,5715,5715114,1,2024-09-17,100,F,2,valido,
15033,5747,5747022,4,2024-03-14,18,F,4,valido,
15034,5708,5708007,2,2024-12-20,136,F,4,valido,
15035,5727,5727002,1,2024-04-06,100,F,6,valido,
15036,5750,5750017,1,2024-12-02,132,F,5,valido,
15037,5715,5715055,3,2024-10-11,1,F,2,valido,
15038,5705,5705041,4,2024-06-10,140,F,1,valido,
15039,5705,5705054,2,2024-11-07,160,F,1,valido,
15040,5723,5723006,4,2024-11-08,78,F,4,valido,
15041,5799,5799003,4,2024-07-04,2,F,5,valido,
15042,5725,5725019,4,2024-12-02,61,F,2,valido,
15043,5768,5768009,2,2024-02-02,3,F,2,valido,
15044,5708,5708017,4,2024-03-14,64,F,4,valido,
15045,5752,5752027,4,2024-12-19,142,F,6,valido,
15046,5705,5705030,4,2024-07-09,14,F,1,valido,
15047,5715,5715093,4,2024-03-26,62,F,2,valido,
15048,5713,5713008,3,2024-08-25,54,F,4,valido,
15049,5785,5785001,4,2024-07-14,171,F,5,valido,
15050,5725,5725055,1,2024-02-21,67,F,2,valido,
15051,5713,5713009,4,2024-08-19,86,F,4,valido,
15052,5741,5741006,3,2024-04-03,193,F,3,valido,
15053,5750,5750008,3,2024-08-22,108,F,5,valido,
15054,5754,5754027,4,2024-03-16,132,F,2,valido,
15055,5705,5705088,2,2024-08-04,189,F,1,valido,
15056,5719,5719010,4,2024-08-26,124,F,6,valido,
15057,5773,5773036,3,2024-01-14,51,F,3,valido,
15058,5776,5776023,4,2024-09-04,81,F,6,valido,
15059,5768,5768009,4,2024-07-03,116,F,2,valido,
15060,5715,5715067,1,2024-05-16,51,F,2,valido,
15061,5715,5715115,3,2024-01-25,55,F,2,valido,
15062,5791,5791004,4,2024-12-22,32,F,3,valido,
15063,5705,5705021,4,2024-03-09,106,F,1,valido,
15064,5725,5725052,4,2024-07-04,9,F,2,valido,
15065,5747,5747012,4,2024-04-04,81,F,4,valido,
15066,5727,5727029,1,2024-02-06,185,F,6,valido,
15067,5752,5752041,1,2024-06-16,69,F,6,valido,
15068,5723,5723005,1,2024-02-04,138,F,4,valido,
15069,5741,5741012,4,2024-12-04,43,F,3,valido,
15070,5713,5713032,4,2024-06-10,119,F,4,valido,
15071,5717,5717002,4,2024-07-17,117,F,1,valido,
15072,5720,5720009,3,2024-06-26,105,F,4,valido,
15073,5725,5725111,3,2024-06-21,189,F,2,valido,
15074,5715,5715025,3,2024-03-10,51,F,2,valido,
15075,5752,5752008,1,2024-07-18,25,F,6,valido,
15076,5747,5747008,1,2024-09-20,143,F,4,valido,
15077,5705,5705087,4,2024-07-11,53,F,1,valido,
15078,5715,5715100,2,2024-04-25,187,F,2,valido,
15079,5776,5776034,4,2024-04-26,121,F,6,valido,
15080,5723,5723023,3,2024-12-22,71,F,4,valido,
15081,5752,5752025,3,2024-05-06,23,F,6,valido,
15082,5768,5768001,3,2024-09-08,55,F,2,valido,
15083,5747,5747029,3,2024-02-19,43,F,4,valido,
15084,5776,5776001,1,2024-02-13,61,F,6,valido,
15085,5705,5705038,3,2024-11-14,84,F,1,valido,
15086,5715,5715001,3,2024-03-18,171,F,2,valido,
15087,5725,5725089,3,2024-05-10,105,F,2,valido,
15088,5717,5717006,1,2024-05-10,70,F,1,valido,
15089,5720,5720002,1,2024-05-28,94,F,4,valido,
15090,5715,5715049,2,2024-02-12,70,F,2,valido,
15091,5763,5763004,2,2024-02-25,153,F,1,valido,
15092,5773,5773034,1,2024-08-11,123,F,3,valido,
15093,5768,5768034,1,2024-04-27,146,F,2,valido,
15094,5717,5717005,3,2024-12-22,143,F,1,valido,
15095,5725,5725027,3,2024-10-26,184,F,2,valido,
15096,5705,5705103,3,2024-07-28,148,F,1,valido,
15097,5752,5752010,1,2024-05-27,104,F,6,valido,
15098,5725,5725112,4,2024-08-17,158,F,2,valido,
15099,5725,5725109,2,2024-08-05,47,F,2,valido,
15100,5725,5725104,1,2024-07-22,131,F,2,valido,
15101,5715,5715082,2,2024-07-15,153,F,2,valido,
15102,5768,5768065,3,2024-09-14,29,F,2,valido,
15103,5741,5741016,2,2024-03-10,130,F,3,valido,
15104,5725,5725102,3,2024-10-18,12,F,2,valido,
15105,5705,5705010,4,2024-06-17,27,F,1,valido,
15106,5752,5752010,4,2024-02-05,100,F,6,valido,
15107,5723,5723019,4,2024-06-18,30,F,4,valido,
15108,5768,5768047,4,2024-04-26,181,F,2,valido,
15109,5705,5705053,2,2024-04-08,106,F,1,valido,
15110,5768,5768068,2,2024-12-25,35,F,2,valido,
15111,5713,5713039,3,2024-03-14,81,F,4,valido,
15112,5725,5725004,2,2024-03-15,11,F,2,valido,
15113,5725,5725015,1,2024-04-04,3,F,2,valido,
15114,5781,5781006,2,2024-11-11,112,F,5,valido,
15115,5752,5752056,2,2024-10-08,168,F,6,valido,
15116,5715,5715004,1,2024-11-04,38,F,2,valido,
15117,5725,5725065,2,2024-03-25,59,F,2,valido,
15118,5725,5725084,2,2024-08-04,39,F,2,valido,
15119,5768,5768067,2,2024-06-14,5,F,2,valido,
15120,5725,5725012,3,2024-10-15,14,F,2,valido,
15121,5715,5715123,3,2024-02-23,88,F,2,valido,
15122,5747,5747030,2,2024-12-23,157,F,4,valido,
15123,5725,5725021,4,2024-09-14,89,F,2,valido,
15124,5725,5725043,1,2024-08-04,92,F,2,valido,
15125,5727,5727031,4,2024-07-21,134,F,6,valido,
15126,5713,5713002,1,2024-04-18,181,F,4,valido,
15127,5720,5720010,1,2024-07-28,149,F,4,valido,
15128,5725,5725062,2,2024-07-17,186,F,2,valido,
15129,5705,5705076,4,2024-09-18,93,F,1,valido,
15130,5770,5770014,2,2024-11-21,185,F,4,valido,
15131,5773,5773013,3,2024-01-04,106,F,3,valido,
15132,5776,5776040,3,2024-07-28,161,F,6,valido,
15133,5768,5768019,1,2024-07-20,182,F,2,valido,
15134,5725,5725104,4,2024-02-27,5,F,2,valido,
15135,5763,5763007,2,2024-03-15,12,F,1,valido,
15136,5727,5727005,2,2024-03-04,192,F,6,valido,
15137,5752,5752041,2,2024-01-05,74,F,6,valido,
15138,5725,5725004,1,2024-11-28,179,F,2,valido,
15139,5718,5718007,4,2024-01-13,67,F,3,valido,
15140,5719,5719042,2,2024-04-01,96,F,6,valido,
15141,5715,5715046,3,2024-06-13,171,F,2,valido,
15142,5770,5770023,4,2024-01-13,91,F,4,valido,
15143,5725,5725070,2,2024-11-27,12,F,2,valido,
15144,5723,5723013,3,2024-02-26,17,F,4,valido,
15145,5768,5768039,1,2024-12-15,18,F,2,valido,
15146,5752,5752039,3,2024-07-09,107,F,6,valido,
15147,5705,5705081,2,2024-09-13,106,F,1,valido,
15148,5719,5719039,1,2024-11-26,134,F,6,valido,
15149,5754,5754034,4,2024-04-05,107,F,2,valido,
15150,5797,5797005,3,2024-12-03,41,F,3,valido,
15151,5754,5754036,1,2024-12-19,120,F,2,valido,
15152,5715,5715120,3,2024-01-10,194,F,2,valido,
15153,5766,5766001,1,2024-02-06,89,F,1,valido,
15154,5752,5752054,2,2024-06-18,9,F,6,valido,
15155,5715,5715031,4,2024-09-28,49,F,2,valido,
15156,5754,5754018,4,2024-05-17,107,F,2,valido,
15157,5768,5768029,4,2024-11-23,33,F,2,valido,
15158,5741,5741008,4,2024-09-12,53,F,3,valido,
15159,5770,5770025,3,2024-12-10,70,F,4,valido,
15160,5768,5768052,1,2024-07-06,166,F,2,valido,
15161,5754,5754008,3,2024-11-26,115,F,2,valido,
15162,5705,5705015,3,2024-02-02,97,F,1,valido,
15163,5754,5754020,1,2024-12-24,5,F,2,valido,
15164,5754,5754040,1,2024-07-02,188,F,2,valido,
15165,5715,5715119,3,2024-04-03,79,F,2,valido,
15166,5719,5719034,3,2024-11-10,32,F,6,valido,
15167,5768,5768070,4,2024-06-23,13,F,2,valido,
15168,5752,5752064,2,2024-04-20,144,F,6,valido,
15169,5747,5747009,2,2024-09-25,192,F,4,valido,
15170,5725,5725044,1,2024-11-22,69,F,2,valido,
15171,5713,5713020,1,2024-01-22,200,F,4,valido,
15172,5785,5785007,2,2024-05-14,133,F,5,valido,
15173,5725,5725077,2,2024-07-27,45,F,2,valido,
15174,5727,5727030,1,2024-02-12,183,F,6,valido,
15175,5741,5741036,3,2024-07-20,49,F,3,valido,
15176,5773,5773015,3,2024-12-11,73,F,3,valido,
15177,5776,5776033,3,2024-05-20,107,F,6,valido,
15178,5754,5754026,2,2024-12-06,158,F,2,valido,
15179,5727,5727009,2,2024-11-07,147,F,6,valido,
15180,5715,5715045,2,2024-05-13,139,F,2,valido,
15181,5754,5754017,4,2024-07-01,176,F,2,valido,
15182,5768,5768075,3,2024-08-08,15,F,2,valido,
15183,5773,5773045,4,2024-07-09,28,F,3,valido,
15184,5705,5705116,1,2024-01-22,188,F,1,valido,
15185,5705,5705008,1,2024-07-25,199,F,1,valido,
15186,5768,5768014,4,2024-11-16,91,F,2,valido,
15187,5747,5747029,2,2024-01-22,56,F,4,valido,
15188,5705,5705010,4,2024-02-27,73,F,1,valido,
15189,5773,5773013,3,2024-10-04,164,F,3,valido,
15190,5754,5754028,3,2024-09-10,123,F,2,valido,
15191,5725,5725018,1,2024-02-26,58,F,2,valido,
15192,5705,5705078,1,2024-05-13,107,F,1,valido,
15193,5725,5725003,2,2024-10-16,39,F,2,valido,
15194,5781,5781006,1,2024-05-26,173,F,5,valido,
15195,5785,5785014,2,2024-11-24,91,F,5,valido,
15196,5781,5781004,2,2024-05-15,106,F,5,valido,
15197,5770,5770020,1,2024-11-18,95,F,4,valido,
15198,5766,5766010,4,2024-05-08,107,F,1,valido,
15199,5763,5763002,2,2024-02-27,169,F,1,valido,
15200,5705,5705022,2,2024-10-19,8,F,1,valido,
15201,5754,5754024,3,2024-11-07,120,F,2,valido,
15202,5799,5799002,2,2024-03-07,147,F,5,valido,
15203,5752,5752001,1,2024-10-07,135,F,6,valido,
15204,5773,5773023,1,2024-03-05,156,F,3,valido,
15205,5773,5773043,1,2024-09-13,112,F,3,valido,
15206,5713,5713001,4,2024-04-24,13,F,4,valido,
15207,5741,5741034,1,2024-12-10,79,F,3,valido,
15208,5723,5723011,2,2024-11-08,175,F,4,modificado,C: cantidad -175 -> 175. Remove the negative sign with abs().
15209,5725,5725056,3,2024-09-01,9,F,2,valido,
15210,5785,5785019,4,2024-02-02,198,F,5,valido,
15211,5768,5768056,2,2024-01-26,3,F,2,valido,
15212,5719,5719002,2,2024-08-10,9,F,6,valido,
15213,5705,5705098,2,2024-09-11,48,F,1,valido,
15214,5752,5752003,4,2024-02-26,45,F,6,valido,
15215,5720,5720006,1,2024-06-08,110,F,4,valido,
15216,5713,5713011,3,2024-07-27,182,F,4,valido,
15217,5747,5747024,2,2024-01-15,64,F,4,valido,
15218,5773,5773037,2,2024-12-22,146,F,3,valido,
15219,5723,5723017,1,2024-07-02,111,F,4,valido,
15220,5763,5763001,1,2024-12-24,160,F,1,valido,
15221,5715,5715118,2,2024-10-13,178,F,2,valido,
15222,5713,5713009,3,2024-10-21,6,F,4,valido,
15223,5725,5725052,4,2024-11-20,14,F,2,valido,
15224,5776,5776030,1,2024-04-25,58,F,6,valido,
15225,5752,5752033,2,2024-06-02,74,F,6,valido,
15226,5705,5705088,2,2024-10-06,108,F,1,valido,
15227,5725,5725021,4,2024-10-04,34,F,2,valido,
15228,5727,5727019,2,2024-06-04,188,F,6,valido,
15229,5717,5717015,4,2024-03-24,147,F,1,valido,
15230,5768,5768042,1,2024-11-16,101,F,2,valido,
15231,5725,5725065,1,2024-11-06,98,F,2,valido,
15232,5744,5744013,1,2024-01-08,98,F,4,valido,
15233,5768,5768078,3,2024-04-24,145,F,2,valido,
15234,5768,5768043,1,2024-10-17,190,F,2,valido,
15235,5785,5785002,2,2024-06-07,180,F,5,valido,
15236,5754,5754024,3,2024-03-28,64,F,2,valido,
15237,5768,5768044,1,2024-03-17,51,F,2,valido,
15238,5705,5705065,1,2024-11-18,64,F,1,valido,
15239,5725,5725019,3,2024-12-02,85,F,2,valido,
15240,5705,5705013,3,2024-01-22,199,F,1,valido,
15241,5720,5720003,3,2024-05-18,120,F,4,valido,
15242,5752,5752059,1,2024-09-01,120,F,6,valido,
15243,5725,5725046,4,2024-10-01,42,F,2,valido,
15244,5795,5795001,3,2024-04-25,152,F,5,valido,
15245,5725,5725036,2,2024-03-28,182,F,2,valido,
15246,5713,5713012,4,2024-09-28,29,F,4,valido,
15247,5750,5750010,2,2024-09-08,60,F,5,valido,
15248,5705,5705035,1,2024-10-14,116,F,1,valido,
15249,5725,5725097,3,2024-11-11,111,F,2,valido,
15250,5713,5713045,3,2024-02-14,2,F,4,valido,
15251,5715,5715071,3,2024-04-14,47,F,2,valido,
15252,5768,5768056,1,2024-05-10,89,F,2,valido,
15253,5747,5747017,3,2024-04-18,191,F,4,valido,
15254,5786,5786007,1,2024-02-27,162,F,3,valido,
15255,5725,5725066,1,2024-03-28,68,F,2,valido,
15256,5786,5786006,2,2024-12-10,128,F,3,valido,
15257,5725,5725047,3,2024-02-18,102,F,2,valido,
15258,5773,5773020,3,2024-06-22,117,F,3,valido,
15259,5725,5725102,2,2024-01-16,35,F,2,valido,
15260,5725,5725068,1,2024-02-16,58,F,2,valido,
15261,5705,5705038,2,2024-11-08,95,F,1,valido,
15262,5776,5776041,2,2024-09-05,57,F,6,valido,
15263,5776,5776007,4,2024-04-09,152,F,6,valido,
15264,5705,5705020,1,2024-08-25,21,F,1,valido,
15265,5719,5719020,2,2024-07-01,62,F,6,valido,
15266,5725,5725096,1,2024-01-10,3,F,2,valido,
15267,5768,5768027,4,2024-10-24,155,F,2,valido,
15268,5741,5741035,2,2024-09-22,200,F,3,valido,
15269,5705,5705038,3,2024-08-18,50,F,1,valido,
15270,5785,5785012,1,2024-02-18,83,F,5,valido,
15271,5723,5723010,2,2024-07-10,145,F,4,valido,
15272,5719,5719033,3,2024-09-04,47,F,6,valido,
15273,5752,5752025,1,2024-09-20,66,F,6,valido,
15274,5718,5718009,2,2024-06-09,124,F,3,valido,
15275,5719,5719024,3,2024-07-22,193,F,6,valido,
15276,5754,5754024,1,2024-10-09,187,F,2,valido,
15277,5727,5727007,3,2024-02-12,196,F,6,valido,
15278,5705,5705099,1,2024-06-10,64,F,1,valido,
15279,5719,5719042,2,2024-06-04,182,F,6,valido,
15280,5725,5725023,2,2024-09-26,173,F,2,valido,
15281,5741,5741008,4,2024-01-25,169,F,3,valido,
15282,5794,5794005,1,2024-08-24,102,F,5,valido,
15283,5768,5768013,1,2024-04-19,17,F,2,valido,
15284,5752,5752026,4,2024-08-27,183,F,6,valido,
15285,5768,5768012,1,2024-03-13,185,F,2,valido,
15286,5715,5715021,1,2024-02-04,189,F,2,valido,
15287,5725,5725112,4,2024-08-21,26,F,2,valido,
15288,5705,5705107,4,2024-10-11,113,F,1,valido,
15289,5750,5750003,2,2024-04-04,127,F,5,valido,
15290,5705,5705026,4,2024-09-22,181,F,1,valido,
15291,5715,5715095,1,2024-03-09,141,F,2,valido,
15292,5727,5727010,2,2024-06-18,131,F,6,valido,
15293,5725,5725003,4,2024-08-22,111,F,2,valido,
15294,5768,5768083,3,2024-05-16,57,F,2,valido,
15295,5725,5725106,3,2024-12-22,8,F,2,valido,
15296,5747,5747022,3,2024-08-05,151,F,4,valido,
15297,5795,5795001,3,2024-01-10,190,F,5,valido,
15298,5776,5776021,4,2024-09-10,191,F,6,valido,
15299,5725,5725010,4,2024-04-17,165,F,2,valido,
15300,5752,5752064,4,2024-08-13,174,F,6,valido,
15301,5776,5776003,1,2024-07-06,133,F,6,valido,
15302,5754,5754026,1,2024-07-18,178,F,2,valido,
15303,5717,5717027,1,2024-05-23,46,F,1,valido,
15304,5770,5770017,3,2024-01-10,123,F,4,valido,
15305,5776,5776017,4,2024-12-28,129,F,6,valido,
15306,5766,5766007,4,2024-02-01,128,F,1,valido,
15307,5715,5715123,2,2024-05-04,49,F,2,valido,
15308,5708,5708023,2,2024-05-24,19,F,4,valido,
15309,5705,5705046,2,2024-10-08,115,F,1,valido,
15310,5725,5725007,3,2024-08-18,193,F,2,valido,
15311,5705,5705065,4,2024-10-08,171,F,1,valido,
15312,5797,5797006,4,2024-12-01,109,F,3,valido,
15313,5715,5715100,4,2024-11-01,3,F,2,valido,
15314,5741,5741016,2,2024-06-08,176,F,3,valido,
15315,5786,5786001,3,2024-01-04,20,F,3,valido,
15316,5720,5720023,2,2024-09-16,29,F,4,valido,
15317,5766,5766010,2,2024-04-18,145,F,1,valido,
15318,5768,5768008,1,2024-08-20,53,F,2,valido,
15319,5741,5741008,4,2024-01-02,200,F,3,valido,
15320,5768,5768058,4,2024-10-23,109,F,2,valido,
15321,5725,5725017,1,2024-03-09,191,F,2,valido,
15322,5723,5723013,3,2024-10-17,8,F,4,valido,
15323,5768,5768060,1,2024-05-09,13,F,2,valido,
15324,5750,5750010,1,2024-07-02,97,F,5,valido,
15325,5744,5744007,2,2024-11-14,198,F,4,valido,
15326,5727,5727023,4,2024-08-08,165,F,6,valido,
15327,5776,5776029,4,2024-12-16,73,F,6,valido,
15328,5768,5768077,4,2024-01-16,53,F,2,valido,
15329,5725,5725079,3,2024-02-04,147,F,2,valido,
15330,5773,5773042,3,2024-12-13,161,F,3,valido,
15331,5763,5763009,3,2024-08-27,141,F,1,valido,
15332,5725,5725060,4,2024-06-01,71,F,2,valido,
15333,5715,5715120,1,2024-12-01,49,F,2,valido,
15334,5715,5715066,3,2024-04-21,119,F,2,valido,
15335,5747,5747015,1,2024-04-06,116,F,4,valido,
15336,5719,5719030,4,2024-02-22,32,F,6,valido,
15337,5723,5723011,3,2024-12-15,69,F,4,valido,
15338,5723,5723017,3,2024-08-27,2,F,4,valido,
15339,5768,5768035,2,2024-09-18,10,F,2,valido,
15340,5727,5727005,2,2024-10-12,111,F,6,valido,
15341,5715,5715094,4,2024-10-21,13,F,2,valido,
15342,5715,5715120,4,2024-11-27,77,F,2,valido,
15343,5752,5752037,4,2024-08-01,138,F,6,valido,
15344,5723,5723028,4,2024-11-08,38,F,4,valido,
15345,5747,5747019,2,2024-08-18,139,F,4,valido,
15346,5773,5773029,3,2024-10-22,77,F,3,valido,
15347,5752,5752005,2,2024-06-13,15,F,6,valido,
15348,5773,5773035,1,2024-07-20,184,F,3,valido,
15349,5725,5725057,4,2024-12-25,32,F,2,valido,
15350,5727,5727027,1,2024-04-20,130,F,6,valido,
15351,5727,5727015,1,2024-01-13,109,F,6,valido,
15352,5719,5719036,4,2024-12-01,16,F,6,valido,
15353,5741,5741026,1,2024-12-26,5,F,3,valido,
15354,5713,5713033,4,2024-12-12,119,F,4,valido,
15355,5770,5770017,4,2024-08-14,18,F,4,valido,
15356,5781,5781003,2,2024-01-04,23,F,5,valido,
15357,5773,5773036,3,2024-01-03,77,F,3,valido,
15358,5773,5773019,4,2024-06-17,11,F,3,valido,
15359,5791,5791005,2,2024-12-19,47,F,3,valido,
15360,5770,5770020,4,2024-01-11,132,F,4,valido,
15361,5768,5768068,4,2024-03-16,64,F,2,valido,
15362,5791,5791001,4,2024-04-02,43,F,3,valido,
15363,5773,5773031,3,2024-10-08,36,F,3,valido,
15364,5727,5727029,4,2024-08-15,59,F,6,valido,
15365,5715,5715053,4,2024-12-13,103,F,2,valido,
15366,5719,5719032,3,2024-12-12,96,F,6,valido,
15367,5705,5705073,3,2024-03-23,24,F,1,valido,
15368,5705,5705058,3,2024-02-04,1,F,1,valido,
15369,5715,5715063,4,2024-05-16,46,F,2,valido,
15370,5725,5725020,3,2024-04-09,105,F,2,valido,
15371,5705,5705106,3,2024-12-17,82,F,1,valido,
15372,5776,5776006,3,2024-08-18,103,F,6,valido,
15373,5752,5752029,3,2024-03-22,56,F,6,valido,
15374,5752,5752019,4,2024-10-12,115,F,6,valido,
15375,5715,5715071,3,2024-11-06,72,F,2,valido,
15376,5747,5747014,3,2024-03-13,35,F,4,valido,
15377,5727,5727031,3,2024-04-15,144,F,6,valido,
15378,5747,5747011,3,2024-11-26,58,F,4,valido,
15379,5725,5725010,3,2024-10-20,125,F,2,valido,
15380,5705,5705033,1,2024-12-25,9,F,1,valido,
15381,5754,5754011,3,2024-02-26,93,F,2,valido,
15382,5718,5718008,3,2024-07-10,52,F,3,valido,
15383,5715,5715092,4,2024-05-27,52,F,2,valido,
15384,5763,5763006,1,2024-05-03,28,F,1,valido,
15385,5715,5715029,2,2024-08-16,180,F,2,valido,
15386,5754,5754009,4,2024-08-12,130,F,2,valido,
15387,5773,5773033,2,2024-11-14,95,F,3,valido,
15388,5747,5747019,2,2024-09-28,3,F,4,valido,
15389,5785,5785007,2,2024-01-10,107,F,5,valido,
15390,5719,5719026,3,2024-08-07,149,F,6,valido,
15391,5705,5705021,2,2024-10-01,83,F,1,valido,
15392,5719,5719009,1,2024-05-13,123,F,6,valido,
15393,5723,5723020,1,2024-01-23,172,F,4,valido,
15394,5791,5791002,2,2024-07-20,12,F,3,valido,
15395,5715,5715009,1,2024-08-24,94,F,2,valido,
15396,5713,5713029,4,2024-09-04,74,F,4,valido,
15397,5747,5747025,1,2024-08-24,164,F,4,valido,
15398,5725,5725054,1,2024-02-14,176,F,2,valido,
15399,5786,5786011,3,2024-02-10,8,F,3,valido,
15400,5705,5705091,2,2024-04-12,40,F,1,valido,
15401,5752,5752055,2,2024-04-21,126,F,6,valido,
15402,5768,5768056,2,2024-10-16,142,F,2,valido,
15403,5723,5723011,4,2024-10-26,56,F,4,valido,
15404,5750,5750005,4,2024-11-20,3,F,5,valido,
15405,5766,5766013,4,2024-02-01,78,F,1,valido,
15406,5713,5713034,3,2024-07-12,118,F,4,valido,
15407,5744,5744010,4,2024-05-06,12,F,4,valido,
15408,5708,5708018,1,2024-01-07,159,F,4,valido,
15409,5715,5715122,3,2024-04-05,23,F,2,valido,
15410,5754,5754024,3,2024-02-25,92,F,2,valido,
15411,5713,5713030,2,2024-03-27,35,F,4,valido,
15412,5719,5719035,4,2024-10-14,79,F,6,modificado,B: cantidad 0 -> 79. Municipal average 79.200000 from 5 positive quantities; rounded to unit.
15413,5752,5752028,3,2024-04-18,189,F,6,valido,
15414,5705,5705042,2,2024-11-07,147,F,1,valido,
15415,5705,5705005,3,2024-02-02,4,F,1,valido,
15416,5768,5768012,2,2024-01-01,36,F,2,valido,
15417,5719,5719022,3,2024-02-17,108,F,6,valido,
15418,5786,5786005,3,2024-08-16,110,F,3,valido,
15419,5723,5723007,3,2024-08-07,105,F,4,valido,
15420,5768,5768037,1,2024-09-23,77,F,2,valido,
15421,5718,5718015,2,2024-06-16,27,F,3,valido,
15422,5718,5718009,1,2024-03-13,33,F,3,valido,
15423,5770,5770018,2,2024-12-25,39,F,4,valido,
15424,5715,5715088,2,2024-04-08,11,F,2,valido,
15425,5723,5723007,1,2024-10-10,95,F,4,valido,
15426,5719,5719009,1,2024-01-21,57,F,6,valido,
15427,5773,5773038,1,2024-04-20,5,F,3,valido,
15428,5770,5770014,4,2024-04-13,67,F,4,valido,
15429,5705,5705066,3,2024-12-02,167,F,1,valido,
15430,5715,5715077,4,2024-02-05,122,F,2,valido,
15431,5773,5773039,3,2024-04-09,47,F,3,valido,
15432,5752,5752048,2,2024-07-27,17,F,6,valido,
15433,5750,5750001,4,2024-08-10,116,F,5,valido,
15434,5750,5750018,2,2024-02-28,18,F,5,valido,
15435,5750,5750011,4,2024-07-04,126,F,5,valido,
15436,5719,5719011,2,2024-11-13,199,F,6,valido,
15437,5705,5705001,4,2024-02-08,18,F,1,valido,
15438,5715,5715118,3,2024-09-15,170,F,2,valido,
15439,5705,5705027,3,2024-09-20,70,F,1,valido,
15440,5705,5705122,2,2024-06-18,23,F,1,valido,
15441,5725,5725059,4,2024-01-09,115,F,2,valido,
15442,5705,5705079,2,2024-12-08,24,F,1,valido,
15443,5754,5754025,2,2024-09-16,126,F,2,valido,
15444,5725,5725014,1,2024-07-03,137,F,2,valido,
15445,5720,5720021,1,2024-09-03,117,F,4,valido,
15446,5705,5705065,3,2024-01-21,69,F,1,valido,
15447,5763,5763011,2,2024-05-26,43,F,1,valido,
15448,5754,5754028,3,2024-04-07,86,F,2,valido,
15449,5725,5725080,1,2024-11-22,158,F,2,valido,
15450,5770,5770012,2,2024-07-21,117,F,4,valido,
15451,5750,5750013,4,2024-01-26,125,F,5,valido,
15452,5752,5752005,2,2024-10-08,133,F,6,valido,
15453,5750,5750023,1,2024-04-05,38,F,5,valido,
15454,5715,5715035,3,2024-07-17,111,F,2,valido,
15455,5705,5705005,2,2024-01-22,183,F,1,valido,
15456,5725,5725041,1,2024-09-03,28,F,2,valido,
15457,5715,5715120,4,2024-07-24,77,F,2,valido,
15458,5752,5752057,3,2024-08-16,102,F,6,valido,
15459,5723,5723006,4,2024-11-20,113,F,4,valido,
15460,5752,5752021,1,2024-06-19,101,F,6,valido,
15461,5719,5719027,2,2024-09-02,21,F,6,valido,
15462,5747,5747020,1,2024-05-03,180,F,4,valido,
15463,5708,5708022,2,2024-01-10,85,F,4,valido,
15464,5768,5768039,2,2024-07-13,17,F,2,valido,
15465,5750,5750014,4,2024-11-20,108,F,5,valido,
15466,5705,5705125,1,2024-08-17,39,F,1,valido,
15467,5718,5718011,2,2024-05-14,49,F,3,valido,
15468,5705,5705085,3,2024-01-13,175,F,1,valido,
15469,5768,5768067,4,2024-06-01,11,F,2,valido,
15470,5727,5727007,1,2024-02-10,155,F,6,valido,
15471,5725,5725067,4,2024-01-22,173,F,2,valido,
15472,5776,5776023,1,2024-02-05,81,F,6,valido,
15473,5719,5719039,4,2024-05-21,81,F,6,valido,
15474,5715,5715116,2,2024-12-20,5,F,2,valido,
15475,5725,5725018,1,2024-08-02,112,F,2,valido,
15476,5717,5717011,4,2024-04-21,135,F,1,valido,
15477,5725,5725021,1,2024-09-01,146,F,2,valido,
15478,5785,5785003,4,2024-02-18,111,F,5,valido,
15479,5768,5768034,4,2024-12-09,15,F,2,valido,
15480,5773,5773028,1,2024-12-17,134,F,3,valido,
15481,5705,5705054,3,2024-12-14,185,F,1,valido,
15482,5705,5705080,2,2024-07-06,123,F,1,valido,
15483,5754,5754036,1,2024-03-05,64,F,2,valido,
15484,5770,5770007,1,2024-06-16,142,F,4,valido,
15485,5750,5750021,2,2024-06-21,49,F,5,valido,
15486,5747,5747019,1,2024-02-06,35,F,4,valido,
15487,5754,5754011,2,2024-02-25,166,F,2,valido,
15488,5715,5715097,3,2024-05-14,15,F,2,valido,
15489,5715,5715118,4,2024-05-28,42,F,2,valido,
15490,5785,5785003,3,2024-04-21,135,F,5,valido,
15491,5768,5768053,2,2024-03-12,39,F,2,valido,
15492,5768,5768079,3,2024-11-24,190,F,2,valido,
15493,5715,5715002,3,2024-08-23,97,F,2,valido,
15494,5754,5754026,4,2024-06-26,64,F,2,valido,
15495,5715,5715077,4,2024-07-12,37,F,2,valido,
15496,5785,5785003,3,2024-06-27,187,F,5,valido,
15497,5773,5773029,4,2024-07-12,178,F,3,valido,
15498,5773,5773007,4,2024-05-28,123,F,3,valido,
15499,5752,5752040,4,2024-12-09,59,F,6,valido,
15500,5773,5773041,1,2024-04-05,7,F,3,valido,
15501,5773,5773041,3,2024-06-26,115,F,3,valido,
15502,5725,5725039,4,2024-03-01,77,F,2,valido,
15503,5705,5705125,1,2024-11-03,53,F,1,valido,
15504,5747,5747019,3,2024-10-16,32,F,4,valido,
15505,5705,5705091,1,2024-03-14,177,F,1,valido,
15506,5708,5708017,3,2024-03-07,42,F,4,valido,
15507,5715,5715088,2,2024-06-11,71,F,2,valido,
15508,5723,5723006,3,2024-06-04,175,F,4,valido,
15509,5768,5768029,3,2024-03-07,147,F,2,valido,
15510,5713,5713039,1,2024-12-14,132,F,4,valido,
15511,5786,5786013,2,2024-06-15,195,F,3,valido,
15512,5750,5750008,2,2024-04-09,125,F,5,valido,
15513,5715,5715070,2,2024-04-19,142,F,2,valido,
15514,5752,5752017,4,2024-01-25,126,F,6,valido,
15515,5725,5725050,3,2024-04-09,22,F,2,valido,
15516,5725,5725041,2,2024-12-02,81,F,2,valido,
15517,5705,5705110,2,2024-02-05,113,F,1,valido,
15518,5715,5715113,1,2024-02-15,2,F,2,valido,
15519,5768,5768022,1,2024-09-11,193,F,2,valido,
15520,5723,5723021,4,2024-10-02,132,F,4,valido,
15521,5752,5752027,2,2024-12-28,110,F,6,valido,
15522,5720,5720025,4,2024-10-28,4,F,4,valido,
15523,5720,5720012,1,2024-10-22,50,F,4,valido,
15524,5776,5776012,3,2024-04-11,122,F,6,valido,
15525,5727,5727016,3,2024-06-24,22,F,6,valido,
15526,5750,5750023,4,2024-06-04,39,F,5,valido,
15527,5719,5719026,1,2024-03-01,15,F,6,valido,
15528,5727,5727001,4,2024-10-18,160,F,6,valido,
15529,5773,5773045,2,2024-03-05,166,F,3,valido,
15530,5768,5768075,3,2024-11-01,165,F,2,valido,
15531,5752,5752057,2,2024-05-01,100,F,6,valido,
15532,5718,5718015,3,2024-04-04,76,F,3,valido,
15533,5768,5768051,1,2024-10-26,91,F,2,valido,
15534,5705,5705105,3,2024-10-23,63,F,1,valido,
15535,5713,5713042,1,2024-05-15,126,F,4,valido,
15536,5713,5713007,4,2024-07-23,126,F,4,valido,
15537,5705,5705045,2,2024-02-03,3,F,1,valido,
15538,5752,5752008,1,2024-05-21,28,F,6,valido,
15539,5713,5713034,4,2024-06-27,144,F,4,valido,
15540,5725,5725012,3,2024-11-14,174,F,2,valido,
15541,5776,5776015,2,2024-02-13,61,F,6,valido,
15542,5725,5725067,4,2024-08-14,161,F,2,valido,
15543,5720,5720020,3,2024-11-11,90,F,4,valido,
15544,5705,5705025,4,2024-09-28,66,F,1,valido,
15545,5741,5741028,1,2024-10-13,40,F,3,valido,
15546,5747,5747006,4,2024-07-10,198,F,4,valido,
15547,5752,5752055,2,2024-01-06,38,F,6,valido,
15548,5717,5717013,4,2024-09-09,192,F,1,valido,
15549,5770,5770004,4,2024-01-26,84,F,4,valido,
15550,5725,5725107,3,2024-10-04,146,F,2,valido,
15551,5725,5725023,1,2024-09-26,148,F,2,valido,
15552,5741,5741037,3,2024-02-17,119,F,3,valido,
15553,5705,5705051,4,2024-12-18,116,F,1,valido,
15554,5768,5768049,4,2024-02-18,174,F,2,valido,
15555,5770,5770009,3,2024-10-26,56,F,4,valido,
15556,5768,5768059,2,2024-09-18,163,F,2,valido,
15557,5768,5768073,2,2024-03-04,44,F,2,valido,
15558,5708,5708014,1,2024-06-03,127,F,4,valido,
15559,5725,5725059,1,2024-06-06,40,F,2,valido,
15560,5768,5768023,3,2024-01-06,85,F,2,valido,
15561,5708,5708012,4,2024-12-08,63,F,4,valido,
15562,5770,5770014,2,2024-07-03,96,F,4,valido,
15563,5713,5713002,2,2024-05-10,20,F,4,valido,
15564,5705,5705057,3,2024-03-12,47,F,1,valido,
15565,5725,5725036,1,2024-09-04,192,F,2,valido,
15566,5763,5763003,3,2024-05-13,160,F,1,valido,
15567,5719,5719008,2,2024-02-19,64,F,6,valido,
15568,5766,5766010,1,2024-01-15,74,F,1,valido,
15569,5797,5797005,3,2024-12-20,115,F,3,valido,
15570,5718,5718015,2,2024-04-04,46,F,3,valido,
15571,5768,5768050,1,2024-03-05,76,F,2,valido,
15572,5715,5715025,4,2024-11-25,144,F,2,valido,
15573,5752,5752042,3,2024-06-17,95,F,6,valido,
15574,5725,5725059,2,2024-08-16,54,F,2,valido,
15575,5791,5791001,2,2024-04-21,4,F,3,valido,
15576,5768,5768052,4,2024-05-26,160,F,2,valido,
15577,5754,5754028,4,2024-09-13,101,F,2,valido,
15578,5768,5768041,2,2024-10-18,7,F,2,valido,
15579,5717,5717019,1,2024-05-15,18,F,1,valido,
15580,5717,5717013,4,2024-04-15,129,F,1,valido,
15581,5763,5763006,2,2024-08-16,155,F,1,valido,
15582,5752,5752016,2,2024-09-25,123,F,6,valido,
15583,5705,5705065,4,2024-10-21,13,F,1,valido,
15584,5752,5752041,2,2024-11-26,192,F,6,valido,
15585,5752,5752002,1,2024-12-06,198,F,6,valido,
15586,5725,5725025,4,2024-02-09,30,F,2,valido,
15587,5752,5752008,2,2024-06-22,102,F,6,valido,
15588,5713,5713006,2,2024-03-23,84,F,4,valido,
15589,5715,5715084,1,2024-12-13,8,F,2,valido,
15590,5744,5744012,1,2024-11-09,16,F,4,valido,
15591,5768,5768022,4,2024-04-06,13,F,2,valido,
15592,5797,5797001,3,2024-03-02,143,F,3,valido,
15593,5768,5768053,3,2024-11-03,163,F,2,valido,
15594,5705,5705048,2,2024-02-07,160,F,1,valido,
15595,5715,5715015,3,2024-10-15,93,F,2,valido,
15596,5741,5741015,3,2024-05-25,16,F,3,valido,
15597,5715,5715082,1,2024-04-05,51,F,2,valido,
15598,5752,5752063,1,2024-03-21,70,F,6,valido,
15599,5754,5754023,3,2024-10-09,51,F,2,valido,
15600,5725,5725093,2,2024-11-21,187,F,2,valido,
15601,5773,5773047,3,2024-04-04,26,F,3,valido,
15602,5725,5725048,2,2024-05-19,18,F,2,valido,
15603,5705,5705005,2,2024-05-06,28,F,1,valido,
15604,5773,5773005,3,2024-08-03,181,F,3,valido,
15605,5719,5719006,3,2024-09-23,147,F,6,valido,
15606,5705,5705066,3,2024-01-24,95,F,1,valido,
15607,5768,5768048,4,2024-08-08,200,F,2,valido,
15608,5741,5741019,1,2024-09-17,160,F,3,valido,
15609,5770,5770014,4,2024-06-18,75,F,4,valido,
15610,5725,5725086,4,2024-06-03,22,F,2,valido,
15611,5768,5768086,2,2024-01-07,59,F,2,valido,
15612,5723,5723017,1,2024-03-27,154,F,4,valido,
15613,5791,5791008,3,2024-12-15,2,F,3,valido,
15614,5705,5705102,3,2024-12-09,133,F,1,valido,
15615,5773,5773007,1,2024-09-18,42,F,3,valido,
15616,5791,5791007,3,2024-11-09,59,F,3,valido,
15617,5794,5794009,2,2024-10-09,72,F,5,valido,
15618,5705,5705026,4,2024-04-02,97,F,1,valido,
15619,5719,5719006,2,2024-05-21,12,F,6,valido,
15620,5705,5705039,3,2024-12-06,109,F,1,valido,
15621,5786,5786001,4,2024-07-28,61,F,3,valido,
15622,5725,5725093,2,2024-12-17,140,F,2,valido,
15623,5719,5719025,3,2024-09-09,173,F,6,valido,
15624,5776,5776038,1,2024-01-02,103,F,6,valido,
15625,5773,5773003,2,2024-03-16,82,F,3,valido,
15626,5768,5768069,3,2024-03-14,180,F,2,valido,
15627,5708,5708018,1,2024-05-17,101,F,4,valido,
15628,5725,5725097,1,2024-06-12,196,F,2,valido,
15629,5799,5799004,4,2024-06-22,135,F,5,valido,
15630,5768,5768067,3,2024-07-12,96,F,2,valido,
15631,5717,5717027,3,2024-10-24,178,F,1,valido,
15632,5741,5741035,2,2024-08-06,186,F,3,valido,
15633,5720,5720020,2,2024-10-21,166,F,4,valido,
15634,5727,5727017,2,2024-11-28,165,F,6,valido,
15635,5766,5766011,3,2024-02-13,39,F,1,valido,
15636,5768,5768031,4,2024-03-14,63,F,2,valido,
15637,5754,5754015,4,2024-10-20,46,F,2,valido,
15638,5705,5705036,1,2024-04-04,98,F,1,valido,
15639,5719,5719019,2,2024-06-19,195,F,6,valido,
15640,5768,5768082,4,2024-04-04,61,F,2,valido,
15641,5752,5752037,1,2024-09-13,193,F,6,valido,
15642,5725,5725029,2,2024-05-14,145,F,2,valido,
15643,5708,5708012,4,2024-01-23,99,F,4,valido,
15644,5727,5727006,4,2024-01-19,122,F,6,valido,
15645,5715,5715042,3,2024-09-13,144,F,2,valido,
15646,5715,5715048,4,2024-10-18,65,F,2,valido,
15647,5720,5720009,4,2024-03-12,125,F,4,valido,
15648,5785,5785014,4,2024-07-24,105,F,5,valido,
15649,5715,5715083,3,2024-08-05,119,F,2,valido,
15650,5717,5717027,2,2024-06-21,73,F,1,valido,
15651,5715,5715092,2,2024-01-28,171,F,2,valido,
15652,5725,5725022,2,2024-06-06,191,F,2,valido,
15653,5719,5719039,2,2024-08-14,85,F,6,valido,
15654,5723,5723021,2,2024-02-28,127,F,4,valido,
15655,5713,5713024,4,2024-07-20,81,F,4,valido,
15656,5718,5718010,1,2024-10-05,39,F,3,valido,
15657,5776,5776041,2,2024-08-26,28,F,6,valido,
15658,5705,5705036,3,2024-05-25,174,F,1,valido,
15659,5725,5725057,2,2024-10-18,105,F,2,valido,
15660,5705,5705043,4,2024-02-16,199,F,1,valido,
15661,5747,5747023,2,2024-04-22,12,F,4,valido,
15662,5715,5715103,1,2024-04-13,194,F,2,valido,
15663,5725,5725103,4,2024-09-03,153,F,2,valido,
15664,5750,5750020,1,2024-06-21,88,F,5,valido,
15665,5776,5776027,1,2024-02-21,124,F,6,valido,
15666,5773,5773027,4,2024-06-24,64,F,3,valido,
15667,5715,5715062,3,2024-06-17,180,F,2,valido,
15668,5768,5768037,1,2024-09-25,134,F,2,valido,
15669,5725,5725104,1,2024-08-08,63,F,2,valido,
15670,5754,5754013,3,2024-03-21,124,F,2,valido,
15671,5705,5705093,1,2024-05-20,121,F,1,valido,
15672,5752,5752044,1,2024-06-24,45,F,6,valido,
15673,5773,5773028,2,2024-07-28,9,F,3,valido,
15674,5725,5725074,2,2024-10-07,175,F,2,valido,
15675,5741,5741017,4,2024-09-16,5,F,3,valido,
15676,5713,5713025,2,2024-03-21,108,F,4,valido,
15677,5715,5715059,1,2024-06-16,102,F,2,valido,
15678,5785,5785013,3,2024-08-14,52,F,5,valido,
15679,5725,5725112,2,2024-11-06,171,F,2,valido,
15680,5717,5717025,3,2024-10-25,114,F,1,valido,
15681,5719,5719004,4,2024-06-13,177,F,6,valido,
15682,5768,5768044,2,2024-11-19,64,F,2,valido,
15683,5719,5719021,3,2024-05-19,60,F,6,valido,
15684,5715,5715005,2,2024-07-06,151,F,2,valido,
15685,5715,5715068,1,2024-08-06,125,F,2,valido,
15686,5727,5727008,1,2024-10-18,51,F,6,valido,
15687,5715,5715108,1,2024-07-13,168,F,2,valido,
15688,5715,5715077,2,2024-01-07,49,F,2,valido,
15689,5768,5768078,4,2024-10-18,28,F,2,valido,
15690,5715,5715077,4,2024-06-07,90,F,2,valido,
15691,5727,5727028,1,2024-10-19,114,F,6,valido,
15692,5713,5713036,2,2024-04-27,81,F,4,valido,
15693,5750,5750029,1,2024-08-22,120,F,5,valido,
15694,5715,5715100,2,2024-12-06,72,F,2,valido,
15695,5718,5718004,3,2024-11-24,10,F,3,valido,
15696,5768,5768002,4,2024-02-26,182,F,2,valido,
15697,5723,5723010,2,2024-09-02,7,F,4,valido,
15698,5773,5773038,4,2024-05-13,11,F,3,valido,
15699,5725,5725110,4,2024-12-07,161,F,2,valido,
15700,5768,5768061,3,2024-07-11,77,F,2,valido,
15701,5799,5799004,2,2024-11-12,1,F,5,valido,
15702,5705,5705005,2,2024-04-28,65,F,1,valido,
15703,5768,5768038,1,2024-06-20,18,F,2,valido,
15704,5713,5713022,2,2024-02-15,78,F,4,valido,
15705,5752,5752001,3,2024-08-06,152,F,6,valido,
15706,5752,5752020,1,2024-03-08,175,F,6,valido,
15707,5723,5723027,2,2024-11-24,57,F,4,valido,
15708,5754,5754023,2,2024-08-11,41,F,2,valido,
15709,5725,5725040,4,2024-03-17,119,F,2,valido,
15710,5713,5713031,4,2024-05-12,78,F,4,valido,
15711,5768,5768079,3,2024-02-03,105,F,2,valido,
15712,5719,5719006,1,2024-09-08,163,F,6,valido,
15713,5725,5725048,1,2024-11-23,37,F,2,valido,
15714,5719,5719021,3,2024-01-17,12,F,6,valido,
15715,5752,5752058,3,2024-11-13,74,F,6,valido,
15716,5715,5715009,2,2024-04-23,1,F,2,valido,
15717,5708,5708014,1,2024-03-09,117,F,4,valido,
15718,5715,5715007,4,2024-09-24,33,F,2,valido,
15719,5715,5715100,4,2024-03-18,38,F,2,valido,
15720,5725,5725034,4,2024-10-18,150,F,2,valido,
15721,5768,5768009,3,2024-09-10,29,F,2,valido,
15722,5773,5773007,4,2024-04-01,188,F,3,valido,
15723,5715,5715018,3,2024-08-12,28,F,2,valido,
15724,5741,5741032,2,2024-01-16,4,F,3,valido,
15725,5727,5727006,2,2024-06-10,86,F,6,valido,
15726,5773,5773037,1,2024-09-28,113,F,3,valido,
15727,5768,5768066,4,2024-07-07,117,F,2,valido,
15728,5752,5752052,2,2024-12-23,171,F,6,valido,
15729,5718,5718002,1,2024-05-01,178,F,3,valido,
15730,5768,5768072,4,2024-02-17,134,F,2,valido,
15731,5717,5717014,2,2024-10-19,111,F,1,valido,
15732,5752,5752002,3,2024-09-15,68,F,6,valido,
15733,5705,5705042,4,2024-01-03,131,F,1,valido,
15734,5795,5795001,3,2024-03-01,64,F,5,valido,
15735,5705,5705122,1,2024-08-15,21,F,1,valido,
15736,5725,5725022,4,2024-04-05,199,F,2,valido,
15737,5705,5705063,4,2024-01-01,143,F,1,valido,
15738,5725,5725053,2,2024-10-05,40,F,2,valido,
15739,5781,5781007,1,2024-11-19,62,F,5,valido,
15740,5719,5719025,4,2024-09-02,47,F,6,valido,
15741,5768,5768037,3,2024-08-02,148,F,2,valido,
15742,5752,5752060,2,2024-11-07,25,F,6,valido,
15743,5705,5705004,2,2024-11-28,148,F,1,valido,
15744,5752,5752025,1,2024-12-16,4,F,6,valido,
15745,5763,5763008,3,2024-03-10,73,F,1,valido,
15746,5773,5773022,4,2024-06-13,181,F,3,valido,
15747,5750,5750007,2,2024-08-20,138,F,5,valido,
15748,5785,5785019,4,2024-01-11,49,F,5,valido,
15749,5725,5725042,2,2024-08-11,136,F,2,valido,
15750,5708,5708018,3,2024-12-02,58,F,4,valido,
15751,5773,5773036,2,2024-04-01,122,F,3,valido,
15752,5773,5773006,1,2024-02-13,90,F,3,valido,
15753,5754,5754020,2,2024-11-02,14,F,2,valido,
15754,5719,5719031,4,2024-11-16,64,F,6,valido,
15755,5727,5727006,2,2024-05-15,55,F,6,valido,
15756,5791,5791003,4,2024-09-12,55,F,3,valido,
15757,5705,5705069,2,2024-07-24,125,F,1,valido,
15758,5744,5744011,2,2024-05-24,18,F,4,valido,
15759,5768,5768065,4,2024-03-27,176,F,2,valido,
15760,5719,5719019,4,2024-06-05,181,F,6,valido,
15761,5750,5750002,1,2024-07-07,98,F,5,valido,
15762,5715,5715094,3,2024-03-11,51,F,2,valido,
15763,5715,5715095,4,2024-01-25,60,F,2,valido,
15764,5705,5705094,3,2024-03-16,170,F,1,valido,
15765,5776,5776040,1,2024-02-22,126,F,6,valido,
15766,5797,5797004,1,2024-07-26,124,F,3,valido,
15767,5747,5747010,1,2024-09-25,141,F,4,valido,
15768,5725,5725072,2,2024-09-16,82,F,2,valido,
15769,5715,5715093,3,2024-03-18,72,F,2,valido,
15770,5768,5768057,2,2024-12-17,68,F,2,valido,
15771,5725,5725094,1,2024-10-18,7,F,2,valido,
15772,5705,5705095,4,2024-06-07,196,F,1,valido,
15773,5725,5725070,3,2024-11-22,85,F,2,valido,
15774,5752,5752028,1,2024-10-06,111,F,6,valido,
15775,5741,5741009,3,2024-08-20,34,F,3,valido,
15776,5768,5768056,3,2024-02-22,32,F,2,valido,
15777,5776,5776019,3,2024-03-11,67,F,6,valido,
15778,5725,5725014,4,2024-01-06,104,F,2,valido,
15779,5715,5715064,4,2024-06-12,152,F,2,valido,
15780,5741,5741021,3,2024-01-28,195,F,3,valido,
15781,5725,5725018,1,2024-08-15,194,F,2,valido,
15782,5713,5713004,4,2024-07-24,96,F,4,valido,
15783,5770,5770017,3,2024-03-23,51,F,4,valido,
15784,5725,5725015,3,2024-06-10,6,F,2,valido,
15785,5713,5713007,4,2024-10-07,190,F,4,valido,
15786,5776,5776039,4,2024-12-28,147,F,6,valido,
15787,5715,5715023,1,2024-11-07,100,F,2,valido,
15788,5797,5797003,2,2024-07-06,88,F,3,valido,
15789,5719,5719005,2,2024-02-01,112,F,6,valido,
15790,5718,5718005,2,2024-08-15,51,F,3,valido,
15791,5750,5750019,4,2024-06-14,138,F,5,valido,
15792,5713,5713032,1,2024-05-05,64,F,4,valido,
15793,5747,5747018,3,2024-10-04,187,F,4,valido,
15794,5705,5705104,2,2024-10-27,61,F,1,valido,
15795,5797,5797004,3,2024-01-11,80,F,3,valido,
15796,5768,5768050,4,2024-11-11,156,F,2,valido,
15797,5715,5715123,4,2024-03-03,43,F,2,valido,
15798,5770,5770002,3,2024-05-03,113,F,4,valido,
15799,5725,5725078,3,2024-01-26,120,F,2,valido,
15800,5723,5723001,3,2024-05-14,71,F,4,valido,
15801,5715,5715120,1,2024-10-28,73,F,2,valido,
15802,5741,5741012,1,2024-06-14,177,F,3,valido,
15803,5773,5773014,2,2024-05-13,10,F,3,valido,
15804,5708,5708004,2,2024-11-16,179,F,4,valido,
15805,5747,5747020,4,2024-07-04,161,F,4,valido,
15806,5768,5768065,3,2024-03-19,92,F,2,valido,
15807,5794,5794006,3,2024-04-22,194,F,5,valido,
15808,5719,5719037,4,2024-06-16,76,F,6,valido,
15809,5705,5705021,4,2024-10-15,21,F,1,valido,
15810,5727,5727025,2,2024-12-26,5,F,6,valido,
15811,5725,5725054,2,2024-06-21,144,F,2,valido,
15812,5786,5786003,4,2024-04-08,19,F,3,valido,
15813,5776,5776020,4,2024-10-07,70,F,6,valido,
15814,5776,5776003,2,2024-08-28,85,F,6,valido,
15815,5752,5752041,3,2024-10-03,45,F,6,valido,
15816,5781,5781003,1,2024-02-13,160,F,5,valido,
15817,5719,5719022,1,2024-02-01,199,F,6,valido,
15818,5713,5713016,3,2024-11-03,196,F,4,valido,
15819,5720,5720011,1,2024-10-24,120,F,4,valido,
15820,5713,5713013,4,2024-02-07,116,F,4,valido,
15821,5719,5719033,2,2024-05-07,182,F,6,valido,
15822,5720,5720012,1,2024-03-04,25,F,4,valido,
15823,5719,5719042,4,2024-01-21,156,F,6,valido,
15824,5717,5717003,1,2024-07-21,72,F,1,valido,
15825,5725,5725070,3,2024-12-22,97,F,2,valido,
15826,5720,5720002,2,2024-08-23,32,F,4,valido,
15827,5752,5752058,4,2024-01-06,165,F,6,valido,
15828,5725,5725044,4,2024-04-20,198,F,2,valido,
15829,5741,5741012,2,2024-11-27,195,F,3,valido,
15830,5713,5713028,1,2024-03-09,67,F,4,valido,
15831,5791,5791007,4,2024-11-03,11,F,3,valido,
15832,5719,5719002,4,2024-04-01,18,F,6,valido,
15833,5705,5705111,4,2024-11-18,72,F,1,valido,
15834,5768,5768036,3,2024-08-25,167,F,2,valido,
15835,5752,5752031,3,2024-01-14,47,F,6,valido,
15836,5768,5768070,2,2024-12-06,165,F,2,valido,
15837,5752,5752022,2,2024-07-19,110,F,6,valido,
15838,5718,5718015,2,2024-08-10,42,F,3,valido,
15839,5713,5713007,2,2024-11-16,127,F,4,valido,
15840,5770,5770024,4,2024-06-25,89,F,4,valido,
15841,5705,5705028,2,2024-01-07,136,F,1,valido,
15842,5768,5768038,2,2024-01-25,188,F,2,valido,
15843,5768,5768063,3,2024-04-16,167,F,2,valido,
15844,5723,5723028,3,2024-07-02,78,F,4,valido,
15845,5752,5752025,2,2024-09-16,116,F,6,valido,
15846,5781,5781004,3,2024-12-19,44,F,5,valido,
15847,5717,5717002,3,2024-09-16,129,F,1,valido,
15848,5754,5754013,3,2024-05-04,182,F,2,valido,
15849,5773,5773037,4,2024-05-25,94,F,3,valido,
15850,5797,5797004,4,2024-12-23,42,F,3,valido,
15851,5725,5725085,3,2024-04-24,197,F,2,valido,
15852,5719,5719008,4,2024-09-08,39,F,6,valido,
15853,5766,5766011,4,2024-11-10,18,F,1,valido,
15854,5720,5720024,3,2024-03-24,19,F,4,valido,
15855,5725,5725074,2,2024-11-12,114,F,2,valido,
15856,5725,5725073,2,2024-08-23,58,F,2,valido,
15857,5727,5727004,2,2024-05-25,92,F,6,valido,
15858,5725,5725104,3,2024-12-15,195,F,2,valido,
15859,5705,5705123,1,2024-09-19,84,F,1,valido,
15860,5773,5773007,1,2024-04-10,143,F,3,valido,
15861,5776,5776010,1,2024-05-17,37,F,6,valido,
15862,5752,5752004,4,2024-02-18,66,F,6,valido,
15863,5754,5754031,1,2024-10-11,64,F,2,valido,
15864,5752,5752047,1,2024-04-14,123,F,6,valido,
15865,5754,5754019,2,2024-08-17,183,F,2,valido,
15866,5708,5708008,4,2024-07-06,160,F,4,valido,
15867,5785,5785004,3,2024-02-02,116,F,5,valido,
15868,5750,5750005,1,2024-06-22,75,F,5,valido,
15869,5705,5705023,1,2024-06-06,97,F,1,valido,
15870,5727,5727018,4,2024-03-04,40,F,6,valido,
15871,5708,5708006,1,2024-03-08,150,F,4,valido,
15872,5770,5770010,3,2024-02-22,113,F,4,valido,
15873,5752,5752007,2,2024-05-21,127,F,6,valido,
15874,5768,5768055,3,2024-05-08,161,F,2,valido,
15875,5715,5715007,1,2024-12-13,70,F,2,valido,
15876,5752,5752014,2,2024-04-11,118,F,6,valido,
15877,5723,5723010,2,2024-06-12,106,F,4,valido,
15878,5705,5705116,4,2024-07-26,33,F,1,valido,
15879,5768,5768028,3,2024-06-25,92,F,2,valido,
15880,5773,5773046,3,2024-01-12,80,F,3,valido,
15881,5705,5705067,3,2024-07-14,2,F,1,valido,
15882,5718,5718011,1,2024-01-13,67,F,3,valido,
15883,5750,5750009,4,2024-10-06,28,F,5,valido,
15884,5766,5766012,2,2024-09-27,177,F,1,valido,
15885,5747,5747026,1,2024-06-05,73,F,4,valido,
15886,5705,5705107,4,2024-04-16,123,F,1,valido,
15887,5705,5705076,3,2024-02-09,40,F,1,valido,
15888,5720,5720020,4,2024-08-04,57,F,4,valido,
15889,5741,5741008,3,2024-02-10,10,F,3,valido,
15890,5705,5705119,1,2024-11-28,195,F,1,valido,
15891,5752,5752025,2,2024-09-17,36,F,6,valido,
15892,5713,5713026,3,2024-06-27,106,F,4,valido,
15893,5725,5725002,3,2024-02-25,134,F,2,valido,
15894,5768,5768077,1,2024-01-14,117,F,2,valido,
15895,5720,5720010,1,2024-12-01,191,F,4,valido,
15896,5768,5768077,2,2024-10-17,165,F,2,valido,
15897,5715,5715086,4,2024-06-02,182,F,2,valido,
15898,5744,5744014,2,2024-11-18,14,F,4,valido,
15899,5770,5770002,4,2024-08-02,58,F,4,valido,
15900,5715,5715059,4,2024-01-26,78,F,2,valido,
15901,5717,5717021,1,2024-03-10,173,F,1,valido,
15902,5727,5727007,1,2024-01-25,165,F,6,valido,
15903,5715,5715022,4,2024-04-07,177,F,2,valido,
15904,5768,5768085,4,2024-10-25,176,F,2,valido,
15905,5705,5705001,3,2024-04-10,122,F,1,valido,
15906,5705,5705040,4,2024-06-03,156,F,1,valido,
15907,5763,5763007,1,2024-03-21,14,F,1,valido,
15908,5768,5768014,4,2024-04-15,127,F,2,valido,
15909,5747,5747011,2,2024-12-09,48,F,4,valido,
15910,5752,5752048,3,2024-08-23,155,F,6,valido,
15911,5752,5752062,1,2024-04-03,178,F,6,valido,
15912,5713,5713039,1,2024-07-19,155,F,4,valido,
15913,5718,5718015,2,2024-05-20,37,F,3,valido,
15914,5720,5720008,3,2024-11-08,2,F,4,valido,
15915,5725,5725083,1,2024-07-17,198,F,2,valido,
15916,5705,5705053,1,2024-10-06,4,F,1,valido,
15917,5754,5754015,3,2024-12-24,1,F,2,valido,
15918,5776,5776011,3,2024-01-18,75,F,6,valido,
15919,5725,5725115,3,2024-06-23,11,F,2,valido,
15920,5747,5747015,4,2024-12-16,12,F,4,valido,
15921,5723,5723017,1,2024-07-09,23,F,4,valido,
15922,5705,5705071,1,2024-12-22,21,F,1,valido,
15923,5725,5725030,2,2024-05-18,156,F,2,valido,
15924,5705,5705124,3,2024-02-12,170,F,1,valido,
15925,5723,5723007,2,2024-02-03,152,F,4,valido,
15926,5705,5705112,3,2024-06-15,88,F,1,valido,
15927,5713,5713032,1,2024-03-26,96,F,4,valido,
15928,5725,5725066,3,2024-08-04,133,F,2,valido,
15929,5725,5725040,2,2024-09-10,93,F,2,valido,
15930,5723,5723007,3,2024-08-09,49,F,4,valido,
15931,5705,5705086,3,2024-09-11,107,F,1,valido,
15932,5747,5747019,4,2024-08-27,149,F,4,valido,
15933,5747,5747013,4,2024-12-01,154,F,4,valido,
15934,5773,5773029,2,2024-03-07,148,F,3,valido,
15935,5717,5717025,1,2024-12-14,159,F,1,valido,
15936,5725,5725108,3,2024-11-10,31,F,2,valido,
15937,5741,5741018,4,2024-10-02,111,F,3,valido,
15938,5705,5705117,3,2024-01-19,97,F,1,valido,
15939,5776,5776001,4,2024-03-06,143,F,6,valido,
15940,5715,5715104,1,2024-08-01,3,F,2,valido,
15941,5713,5713007,2,2024-09-05,157,F,4,valido,
15942,5720,5720020,1,2024-06-25,126,F,4,valido,
15943,5715,5715001,1,2024-06-01,14,F,2,valido,
15944,5786,5786002,3,2024-03-07,76,F,3,valido,
15945,5705,5705080,1,2024-02-20,197,F,1,valido,
15946,5717,5717025,2,2024-03-07,151,F,1,valido,
15947,5705,5705086,3,2024-10-20,79,F,1,valido,
15948,5752,5752002,4,2024-10-24,169,F,6,valido,
15949,5752,5752048,1,2024-07-13,87,F,6,valido,
15950,5719,5719040,4,2024-09-22,69,F,6,valido,
15951,5752,5752064,3,2024-10-24,152,F,6,valido,
15952,5768,5768072,3,2024-02-06,110,F,2,valido,
15953,5768,5768010,1,2024-01-28,62,F,2,valido,
15954,5791,5791003,2,2024-10-24,194,F,3,valido,
15955,5754,5754008,1,2024-09-27,160,F,2,modificado,A: fecha 24-27-09 -> 2024-09-27. Normalization by format and calendar. Year 2024 based on complete dataset dates.
15956,5750,5750018,2,2024-09-04,96,F,5,valido,
15957,5705,5705109,2,2024-04-26,158,F,1,valido,
15958,5768,5768031,1,2024-06-22,154,F,2,valido,
15959,5717,5717010,1,2024-04-02,195,F,1,valido,
15960,5715,5715044,3,2024-11-18,33,F,2,valido,
15961,5754,5754001,4,2024-05-22,189,F,2,valido,
15962,5725,5725070,4,2024-01-04,105,F,2,valido,
15963,5705,5705012,2,2024-11-01,176,F,1,valido,
15964,5717,5717014,4,2024-01-12,164,F,1,valido,
15965,5770,5770024,4,2024-04-06,119,F,4,valido,
15966,5715,5715007,1,2024-08-24,76,F,2,valido,
15967,5754,5754024,2,2024-09-20,102,F,2,valido,
15968,5725,5725042,1,2024-06-03,184,F,2,valido,
15969,5770,5770013,3,2024-07-06,59,F,4,valido,
15970,5770,5770019,2,2024-04-27,76,F,4,valido,
15971,5768,5768002,2,2024-10-13,126,F,2,valido,
15972,5725,5725046,3,2024-02-13,197,F,2,valido,
15973,5773,5773014,3,2024-06-06,9,F,3,valido,
15974,5713,5713017,3,2024-10-13,182,F,4,valido,
15975,5741,5741012,1,2024-04-20,87,F,3,valido,
15976,5717,5717005,2,2024-06-08,70,F,1,valido,
15977,5725,5725018,2,2024-06-18,106,F,2,valido,
15978,5750,5750005,1,2024-04-23,64,F,5,valido,
15979,5770,5770001,4,2024-04-11,48,F,4,valido,
15980,5725,5725099,1,2024-07-16,103,F,2,valido,
15981,5725,5725013,1,2024-07-12,86,F,2,valido,
15982,5708,5708014,1,2024-12-12,155,F,4,valido,
15983,5705,5705087,1,2024-02-03,106,F,1,valido,
15984,5715,5715079,1,2024-12-14,128,F,2,valido,
15985,5715,5715056,1,2024-11-17,108,F,2,valido,
15986,5713,5713042,1,2024-01-26,155,F,4,valido,
15987,5754,5754030,3,2024-01-28,12,F,2,valido,
15988,5752,5752056,4,2024-07-15,126,F,6,valido,
15989,5718,5718006,4,2024-12-25,13,F,3,valido,
15990,5705,5705066,4,2024-10-07,175,F,1,valido,
15991,5768,5768062,2,2024-12-15,189,F,2,valido,
15992,5785,5785006,1,2024-12-07,88,F,5,valido,
15993,5713,5713032,2,2024-08-07,116,F,4,valido,
15994,5705,5705088,3,2024-02-16,44,F,1,valido,
15995,5752,5752015,4,2024-09-02,36,F,6,valido,
15996,5715,5715013,4,2024-10-22,102,F,2,valido,
15997,5768,5768048,3,2024-09-07,128,F,2,valido,
15998,5717,5717022,4,2024-10-07,55,F,1,valido,
15999,5773,5773014,2,2024-09-04,88,F,3,valido,
16000,5727,5727001,3,2024-09-13,90,F,6,valido,
16001,5768,5768020,3,2024-08-24,64,F,2,valido,
16002,5727,5727019,3,2024-11-16,154,F,6,valido,
16003,5747,5747017,2,2024-03-21,127,F,4,valido,
16004,5715,5715060,4,2024-02-22,120,F,2,valido,
16005,5719,5719013,1,2024-01-25,80,F,6,valido,
16006,5725,5725052,1,2024-04-21,118,F,2,valido,
16007,5720,5720015,2,2024-12-14,134,F,4,valido,
16008,5720,5720014,3,2024-07-10,42,F,4,valido,
16009,5705,5705045,4,2024-01-19,137,F,1,valido,
16010,5713,5713041,3,2024-09-23,152,F,4,valido,
16011,5720,5720006,4,2024-04-14,45,F,4,valido,
16012,5770,5770020,2,2024-06-08,170,F,4,valido,
16013,5705,5705080,1,2024-12-10,69,F,1,valido,
16014,5773,5773007,2,2024-06-14,96,F,3,valido,
16015,5727,5727011,1,2024-06-17,168,F,6,valido,
16016,5754,5754015,3,2024-05-04,60,F,2,valido,
16017,5713,5713010,4,2024-02-01,191,F,4,valido,
16018,5741,5741015,2,2024-09-24,110,F,3,valido,
16019,5713,5713006,4,2024-05-14,32,F,4,valido,
16020,5752,5752009,3,2024-03-11,73,F,6,valido,
16021,5725,5725060,2,2024-06-10,98,F,2,valido,
16022,5717,5717010,1,2024-01-27,68,F,1,valido,
16023,5747,5747004,2,2024-01-23,4,F,4,valido,
16024,5705,5705113,3,2024-04-07,47,F,1,valido,
16025,5715,5715041,1,2024-10-01,167,F,2,valido,
16026,5723,5723021,3,2024-03-26,61,F,4,valido,
16027,5715,5715031,1,2024-12-17,110,F,2,valido,
16028,5719,5719011,1,2024-10-17,180,F,6,valido,
16029,5705,5705068,2,2024-03-19,80,F,1,valido,
16030,5715,5715019,2,2024-09-07,79,F,2,valido,
16031,5715,5715114,2,2024-10-21,100,F,2,valido,
16032,5752,5752016,2,2024-12-10,23,F,6,valido,
16033,5752,5752001,3,2024-01-05,163,F,6,valido,
16034,5752,5752032,2,2024-08-12,19,F,6,valido,
16035,5725,5725039,1,2024-11-02,21,F,2,valido,
16036,5705,5705009,1,2024-06-26,145,F,1,valido,
16037,5715,5715034,3,2024-10-05,51,F,2,valido,
16038,5799,5799001,1,2024-01-11,40,F,5,valido,
16039,5747,5747017,1,2024-01-07,81,F,4,valido,
16040,5768,5768004,1,2024-08-08,30,F,2,valido,
16041,5776,5776019,3,2024-05-25,99,F,6,valido,
16042,5715,5715009,2,2024-11-28,80,F,2,valido,
16043,5741,5741017,4,2024-05-15,65,F,3,valido,
16044,5705,5705085,1,2024-04-15,94,F,1,valido,
16045,5713,5713005,4,2024-05-01,199,F,4,valido,
16046,5768,5768004,4,2024-06-01,88,F,2,valido,
16047,5725,5725055,1,2024-06-18,150,F,2,valido,
16048,5750,5750028,3,2024-12-02,65,F,5,valido,
16049,5785,5785015,3,2024-09-20,49,F,5,valido,
16050,5781,5781003,4,2024-09-19,81,F,5,valido,
16051,5773,5773017,1,2024-11-25,4,F,3,valido,
16052,5770,5770025,4,2024-04-09,37,F,4,valido,
16053,5752,5752042,1,2024-01-02,12,F,6,valido,
16054,5768,5768023,1,2024-09-21,95,F,2,valido,
16055,5715,5715097,1,2024-10-06,65,F,2,valido,
16056,5723,5723006,4,2024-03-06,135,F,4,valido,
16057,5744,5744015,3,2024-08-10,21,F,4,valido,
16058,5715,5715106,2,2024-03-09,122,F,2,valido,
16059,5715,5715061,4,2024-03-08,57,F,2,valido,
16060,5715,5715032,4,2024-08-12,58,F,2,valido,
16061,5705,5705113,2,2024-04-28,161,F,1,valido,
16062,5715,5715080,1,2024-11-02,98,F,2,valido,
16063,5705,5705031,2,2024-04-18,75,F,1,valido,
16064,5715,5715122,2,2024-11-20,29,F,2,valido,
16065,5768,5768087,4,2024-05-03,92,F,2,valido,
16066,5705,5705028,4,2024-01-27,154,F,1,valido,
16067,5747,5747016,2,2024-01-16,167,F,4,valido,
16068,5747,5747029,2,2024-05-10,31,F,4,valido,
16069,5725,5725112,1,2024-10-05,95,F,2,valido,
16070,5725,5725048,2,2024-05-01,20,F,2,valido,
16071,5744,5744004,4,2024-02-11,8,F,4,valido,
16072,5727,5727025,4,2024-11-08,192,F,6,valido,
16073,5725,5725080,4,2024-11-12,185,F,2,valido,
16074,5705,5705055,4,2024-12-09,63,F,1,valido,
16075,5725,5725053,4,2024-07-06,157,F,2,valido,
16076,5719,5719008,4,2024-07-15,167,F,6,valido,
16077,5750,5750001,4,2024-04-27,16,F,5,valido,
16078,5719,5719042,1,2024-10-05,46,F,6,valido,
16079,5723,5723030,3,2024-04-23,3,F,4,valido,
16080,5727,5727002,2,2024-10-28,147,F,6,valido,
16081,5747,5747012,3,2024-08-09,54,F,4,valido,
16082,5715,5715100,2,2024-10-17,196,F,2,valido,
16083,5705,5705105,1,2024-12-22,182,F,1,valido,
16084,5715,5715048,1,2024-12-14,160,F,2,valido,
16085,5754,5754035,3,2024-11-15,1,F,2,valido,
16086,5713,5713022,4,2024-07-21,67,F,4,valido,
16087,5795,5795003,1,2024-06-10,153,F,5,valido,
16088,5741,5741013,1,2024-03-26,157,F,3,valido,
16089,5768,5768059,3,2024-01-12,178,F,2,valido,
16090,5715,5715034,4,2024-05-19,44,F,2,valido,
16091,5708,5708017,3,2024-09-08,113,F,4,valido,
16092,5768,5768052,3,2024-05-08,119,F,2,valido,
16093,5727,5727019,1,2024-04-12,63,F,6,valido,
16094,5713,5713011,2,2024-05-17,146,F,4,valido,
16095,5718,5718007,2,2024-07-25,187,F,3,valido,
16096,5715,5715104,2,2024-11-28,125,F,2,valido,
16097,5750,5750026,3,2024-08-02,69,F,5,valido,
16098,5727,5727014,1,2024-11-19,12,F,6,valido,
16099,5747,5747021,2,2024-01-23,29,F,4,valido,
16100,5725,5725107,4,2024-12-01,69,F,2,valido,
16101,5766,5766014,4,2024-09-20,36,F,1,valido,
16102,5713,5713004,3,2024-01-13,183,F,4,valido,
16103,5795,5795004,4,2024-04-23,180,F,5,valido,
16104,5773,5773023,3,2024-05-07,11,F,3,valido,
16105,5776,5776015,1,2024-07-07,86,F,6,valido,
16106,5776,5776036,3,2024-12-12,143,F,6,valido,
16107,5752,5752055,2,2024-12-07,12,F,6,valido,
16108,5708,5708006,3,2024-11-05,63,F,4,valido,
16109,5754,5754025,4,2024-04-26,41,F,2,valido,
16110,5741,5741036,1,2024-08-18,192,F,3,valido,
16111,5715,5715019,2,2024-05-15,70,F,2,valido,
16112,5725,5725025,3,2024-10-09,61,F,2,valido,
16113,5752,5752013,3,2024-08-18,49,F,6,valido,
16114,5718,5718015,4,2024-01-20,167,F,3,valido,
16115,5727,5727003,3,2024-02-22,109,F,6,valido,
16116,5785,5785016,4,2024-02-09,48,F,5,valido,
16117,5766,5766014,1,2024-08-27,178,F,1,valido,
16118,5750,5750024,1,2024-04-19,128,F,5,valido,
16119,5719,5719033,1,2024-01-11,74,F,6,valido,
16120,5720,5720002,4,2024-04-04,6,F,4,valido,
16121,5768,5768035,1,2024-02-20,78,F,2,valido,
16122,5741,5741014,3,2024-06-23,103,F,3,valido,
16123,5770,5770005,3,2024-11-05,183,F,4,valido,
16124,5768,5768022,3,2024-04-16,69,F,2,valido,
16125,5752,5752043,1,2024-10-20,30,F,6,valido,
16126,5725,5725049,2,2024-06-23,64,F,2,valido,
16127,5723,5723022,4,2024-02-14,91,F,4,valido,
16128,5773,5773028,2,2024-09-13,57,F,3,valido,
16129,5750,5750020,2,2024-02-23,188,F,5,valido,
16130,5715,5715070,3,2024-09-27,71,F,2,valido,
16131,5717,5717016,4,2024-04-14,168,F,1,valido,
16132,5754,5754035,4,2024-03-18,42,F,2,valido,
16133,5725,5725111,2,2024-12-02,181,F,2,valido,
16134,5705,5705009,2,2024-08-25,154,F,1,valido,
16135,5725,5725037,4,2024-06-07,77,F,2,valido,
16136,5715,5715116,3,2024-06-27,97,F,2,valido,
16137,5776,5776010,2,2024-10-11,64,F,6,valido,
16138,5776,5776024,4,2024-05-06,122,F,6,valido,
16139,5763,5763009,3,2024-01-03,4,F,1,valido,
16140,5786,5786002,3,2024-04-07,131,F,3,valido,
16141,5723,5723028,2,2024-08-02,168,F,4,valido,
16142,5763,5763007,2,2024-11-02,124,F,1,valido,
16143,5723,5723003,2,2024-01-23,70,F,4,valido,
16144,5725,5725015,3,2024-02-01,24,F,2,valido,
16145,5718,5718007,3,2024-04-21,116,F,3,valido,
16146,5766,5766008,1,2024-09-28,156,F,1,valido,
16147,5705,5705037,4,2024-01-21,32,F,1,valido,
16148,5723,5723030,4,2024-06-05,96,F,4,valido,
16149,5720,5720006,2,2024-07-03,124,F,4,valido,
16150,5715,5715083,1,2024-08-24,156,F,2,valido,
16151,5768,5768029,4,2024-06-07,179,F,2,valido,
16152,5725,5725043,1,2024-12-17,1,F,2,valido,
16153,5768,5768078,3,2024-12-08,117,F,2,valido,
16154,5720,5720002,4,2024-11-10,110,F,4,valido,
16155,5705,5705053,3,2024-03-18,34,F,1,valido,
16156,5770,5770017,3,2024-11-14,86,F,4,valido,
16157,5725,5725056,2,2024-09-23,180,F,2,valido,
16158,5719,5719016,2,2024-12-12,14,F,6,valido,
16159,5747,5747027,4,2024-08-02,200,F,4,valido,
16160,5713,5713002,4,2024-09-25,120,F,4,valido,
16161,5750,5750013,4,2024-12-07,160,F,5,valido,
16162,5785,5785012,2,2024-08-02,55,F,5,valido,
16163,5741,5741015,2,2024-08-21,56,F,3,valido,
16164,5708,5708007,1,2024-04-17,53,F,4,valido,
16165,5723,5723001,2,2024-02-04,184,F,4,valido,
16166,5773,5773013,3,2024-05-17,72,F,3,valido,
16167,5705,5705010,4,2024-01-20,12,F,1,valido,
16168,5770,5770007,1,2024-01-04,26,F,4,valido,
16169,5752,5752052,3,2024-01-03,125,F,6,valido,
16170,5725,5725038,3,2024-11-10,149,F,2,valido,
16171,5770,5770017,1,2024-07-11,135,F,4,valido,
16172,5705,5705052,3,2024-10-19,57,F,1,valido,
16173,5717,5717014,1,2024-09-24,81,F,1,valido,
16174,5727,5727006,3,2024-08-03,149,F,6,valido,
16175,5715,5715112,4,2024-06-04,39,F,2,valido,
16176,5715,5715027,1,2024-07-17,144,F,2,valido,
16177,5727,5727004,4,2024-11-28,18,F,6,valido,
16178,5727,5727001,3,2024-06-02,185,F,6,valido,
16179,5705,5705050,3,2024-01-06,123,F,1,valido,
16180,5715,5715030,3,2024-04-26,40,F,2,valido,
16181,5773,5773011,4,2024-05-27,86,F,3,valido,
16182,5785,5785016,3,2024-11-25,46,F,5,valido,
16183,5720,5720007,4,2024-02-06,64,F,4,valido,
16184,5747,5747007,2,2024-08-16,182,F,4,valido,
16185,5705,5705070,4,2024-06-18,20,F,1,valido,
16186,5768,5768029,4,2024-09-01,188,F,2,valido,
16187,5752,5752029,1,2024-04-26,15,F,6,valido,
16188,5786,5786008,1,2024-07-19,18,F,3,valido,
16189,5741,5741023,2,2024-03-22,195,F,3,valido,
16190,5725,5725013,2,2024-02-20,80,F,2,valido,
16191,5754,5754008,4,2024-04-12,60,F,2,valido,
16192,5725,5725017,1,2024-07-01,61,F,2,valido,
16193,5785,5785001,1,2024-03-22,143,F,5,valido,
16194,5715,5715112,3,2024-10-06,35,F,2,valido,
16195,5785,5785011,3,2024-11-22,42,F,5,valido,
16196,5750,5750020,2,2024-10-02,41,F,5,valido,
16197,5768,5768061,4,2024-09-23,72,F,2,valido,
16198,5791,5791001,4,2024-08-19,36,F,3,valido,
16199,5750,5750003,4,2024-02-27,25,F,5,valido,
16200,5713,5713039,4,2024-02-01,149,F,4,valido,
16201,5715,5715058,3,2024-07-07,179,F,2,valido,
16202,5725,5725005,3,2024-07-23,175,F,2,valido,
16203,5744,5744012,2,2024-05-20,94,F,4,valido,
16204,5720,5720011,4,2024-03-04,103,F,4,valido,
16205,5741,5741037,1,2024-10-14,70,F,3,valido,
16206,5725,5725077,1,2024-05-20,16,F,2,valido,
16207,5752,5752039,1,2024-03-05,178,F,6,valido,
16208,5776,5776025,3,2024-07-12,82,F,6,valido,
16209,5794,5794002,3,2024-09-22,200,F,5,valido,
16210,5791,5791001,3,2024-10-09,145,F,3,valido,
16211,5754,5754016,4,2024-06-06,144,F,2,valido,
16212,5768,5768040,1,2024-04-10,190,F,2,valido,
16213,5752,5752056,4,2024-05-25,139,F,6,valido,
16214,5752,5752056,3,2024-02-20,105,F,6,valido,
16215,5725,5725016,2,2024-01-26,20,F,2,valido,
16216,5741,5741009,1,2024-10-21,140,F,3,valido,
16217,5754,5754034,2,2024-12-14,78,F,2,valido,
16218,5705,5705037,1,2024-08-07,175,F,1,valido,
16219,5768,5768023,4,2024-09-09,33,F,2,valido,
16220,5776,5776014,1,2024-04-19,181,F,6,valido,
16221,5754,5754024,3,2024-08-14,7,F,2,valido,
16222,5713,5713031,2,2024-06-09,126,F,4,valido,
16223,5741,5741033,1,2024-04-12,15,F,3,valido,
16224,5725,5725017,4,2024-05-25,33,F,2,valido,
16225,5705,5705013,3,2024-02-18,3,F,1,valido,
16226,5741,5741009,4,2024-11-06,187,F,3,valido,
16227,5719,5719041,1,2024-05-08,77,F,6,valido,
16228,5768,5768073,4,2024-08-22,154,F,2,valido,
16229,5785,5785007,2,2024-08-23,200,F,5,valido,
16230,5713,5713012,2,2024-09-26,6,F,4,valido,
16231,5773,5773047,3,2024-09-01,93,F,3,valido,
16232,5715,5715027,4,2024-05-06,110,F,2,valido,
16233,5768,5768076,4,2024-12-20,18,F,2,valido,
16234,5708,5708007,3,2024-04-21,52,F,4,valido,
16235,5766,5766009,4,2024-08-03,162,F,1,valido,
16236,5705,5705009,2,2024-10-26,81,F,1,valido,
16237,5781,5781004,3,2024-01-17,28,F,5,valido,
16238,5786,5786013,3,2024-12-06,161,F,3,valido,
16239,5705,5705001,2,2024-10-25,159,F,1,valido,
16240,5705,5705017,2,2024-10-24,198,F,1,valido,
16241,5786,5786008,2,2024-06-15,191,F,3,valido,
16242,5715,5715103,2,2024-05-19,118,F,2,valido,
16243,5725,5725064,3,2024-03-22,198,F,2,valido,
16244,5715,5715094,1,2024-11-15,94,F,2,valido,
16245,5713,5713027,4,2024-04-13,37,F,4,valido,
16246,5752,5752012,4,2024-04-23,69,F,6,valido,
16247,5723,5723018,2,2024-08-27,179,F,4,valido,
16248,5705,5705023,3,2024-06-18,67,F,1,valido,
16249,5727,5727018,2,2024-07-06,156,F,6,valido,
16250,5719,5719007,3,2024-08-17,84,F,6,valido,
16251,5773,5773038,1,2024-07-24,66,F,3,valido,
16252,5715,5715113,1,2024-08-09,37,F,2,valido,
16253,5770,5770023,2,2024-12-11,6,F,4,valido,
16254,5725,5725033,2,2024-07-02,97,F,2,valido,
16255,5708,5708014,1,2024-06-16,18,F,4,valido,
16256,5705,5705072,4,2024-12-25,59,F,1,valido,
16257,5773,5773010,2,2024-07-27,6,F,3,valido,
16258,5713,5713037,1,2024-10-27,69,F,4,valido,
16259,5720,5720021,4,2024-12-20,38,F,4,valido,
16260,5725,5725020,1,2024-12-06,12,F,2,valido,
16261,5713,5713001,1,2024-12-05,124,F,4,valido,
16262,5768,5768021,2,2024-03-28,190,F,2,valido,
16263,5705,5705077,2,2024-05-10,180,F,1,valido,
16264,5768,5768031,1,2024-05-22,11,F,2,valido,
16265,5770,5770026,4,2024-12-12,111,F,4,valido,
16266,5720,5720009,3,2024-01-25,21,F,4,valido,
16267,5705,5705019,4,2024-04-11,53,F,1,valido,
16268,5725,5725062,3,2024-04-11,194,F,2,valido,
16269,5705,5705110,4,2024-03-24,60,F,1,valido,
16270,5750,5750024,2,2024-01-12,149,F,5,valido,
16271,5727,5727029,2,2024-02-16,147,F,6,valido,
16272,5708,5708005,3,2024-04-19,132,F,4,valido,
16273,5725,5725104,2,2024-08-03,122,F,2,valido,
16274,5705,5705071,3,2024-03-24,95,F,1,valido,
16275,5794,5794001,1,2024-08-19,187,F,5,valido,
16276,5705,5705119,4,2024-04-15,41,F,1,valido,
16277,5719,5719004,3,2024-12-21,41,F,6,valido,
16278,5720,5720015,2,2024-06-07,148,F,4,valido,
16279,5747,5747017,2,2024-08-11,112,F,4,valido,
16280,5725,5725045,1,2024-10-12,176,F,2,valido,
16281,5768,5768038,3,2024-11-28,32,F,2,valido,
16282,5715,5715088,3,2024-06-02,139,F,2,valido,
16283,5747,5747002,2,2024-08-11,14,F,4,valido,
16284,5715,5715062,3,2024-03-08,106,F,2,valido,
16285,5705,5705068,2,2024-01-13,58,F,1,valido,
16286,5750,5750008,2,2024-09-12,192,F,5,valido,
16287,5725,5725023,4,2024-08-23,153,F,2,valido,
16288,5723,5723021,1,2024-02-18,27,F,4,valido,
16289,5747,5747022,2,2024-11-23,41,F,4,valido,
16290,5785,5785003,3,2024-09-16,24,F,5,valido,
16291,5715,5715116,4,2024-02-11,180,F,2,valido,
16292,5768,5768023,2,2024-06-28,199,F,2,valido,
16293,5752,5752043,2,2024-02-16,165,F,6,valido,
16294,5723,5723016,1,2024-10-21,103,F,4,valido,
16295,5741,5741032,4,2024-11-24,43,F,3,valido,
16296,5715,5715116,4,2024-09-15,109,F,2,valido,
16297,5766,5766011,3,2024-09-08,22,F,1,valido,
16298,5747,5747023,3,2024-07-20,57,F,4,valido,
16299,5776,5776025,3,2024-11-20,190,F,6,valido,
16300,5713,5713021,1,2024-05-14,21,F,4,valido,
16301,5705,5705100,3,2024-10-15,91,F,1,valido,
16302,5725,5725014,1,2024-12-03,17,F,2,valido,
16303,5705,5705001,2,2024-09-20,131,F,1,valido,
16304,5781,5781006,2,2024-02-19,124,F,5,valido,
16305,5768,5768086,2,2024-02-12,120,F,2,valido,
16306,5773,5773020,1,2024-03-26,122,F,3,valido,
16307,5725,5725048,2,2024-03-17,51,F,2,valido,
16308,5776,5776024,4,2024-05-03,1,F,6,valido,
16309,5715,5715077,3,2024-08-22,185,F,2,valido,
16310,5705,5705073,1,2024-08-01,81,F,1,valido,
16311,5715,5715066,2,2024-06-17,163,F,2,valido,
16312,5741,5741003,1,2024-12-16,108,F,3,valido,
16313,5725,5725095,4,2024-09-28,188,F,2,valido,
16314,5773,5773002,4,2024-03-06,181,F,3,valido,
16315,5773,5773030,2,2024-06-26,65,F,3,valido,
16316,5719,5719010,3,2024-02-21,53,F,6,valido,
16317,5776,5776026,1,2024-11-16,85,F,6,valido,
16318,5705,5705021,1,2024-07-02,193,F,1,valido,
16319,5725,5725064,2,2024-12-12,186,F,2,valido,
16320,5715,5715087,3,2024-09-04,180,F,2,valido,
16321,5797,5797003,1,2024-08-17,182,F,3,valido,
16322,5744,5744001,4,2024-08-19,4,F,4,valido,
16323,5768,5768027,4,2024-09-01,91,F,2,valido,
16324,5770,5770009,3,2024-12-27,49,F,4,valido,
16325,5776,5776003,3,2024-05-01,10,F,6,valido,
16326,5727,5727017,3,2024-03-07,93,F,6,valido,
16327,5723,5723013,3,2024-01-07,111,F,4,valido,
16328,5725,5725019,4,2024-09-12,91,F,2,valido,
16329,5781,5781004,4,2024-07-25,52,F,5,valido,
16330,5705,5705057,4,2024-07-24,36,F,1,valido,
16331,5768,5768045,1,2024-03-24,45,F,2,valido,
16332,5705,5705046,3,2024-10-27,198,F,1,valido,
16333,5750,5750016,4,2024-10-10,187,F,5,valido,
16334,5713,5713019,3,2024-07-23,77,F,4,valido,
16335,5776,5776004,3,2024-06-11,189,F,6,valido,
16336,5723,5723001,1,2024-02-22,146,F,4,valido,
16337,5713,5713013,2,2024-06-23,68,F,4,valido,
16338,5744,5744009,4,2024-07-26,112,F,4,valido,
16339,5747,5747004,2,2024-06-01,184,F,4,valido,
16340,5723,5723010,1,2024-12-12,80,F,4,valido,
16341,5763,5763002,1,2024-12-12,138,F,1,valido,
16342,5776,5776041,2,2024-12-23,86,F,6,valido,
16343,5715,5715013,2,2024-05-07,113,F,2,valido,
16344,5773,5773037,1,2024-07-16,99,F,3,valido,
16345,5708,5708008,3,2024-10-24,35,F,4,valido,
16346,5744,5744008,4,2024-01-19,165,F,4,valido,
16347,5791,5791002,3,2024-10-16,97,F,3,valido,
16348,5723,5723009,4,2024-02-06,168,F,4,valido,
16349,5776,5776009,4,2024-01-04,90,F,6,valido,
16350,5744,5744005,4,2024-03-23,123,F,4,valido,
16351,5727,5727009,3,2024-08-20,194,F,6,valido,
16352,5750,5750023,2,2024-11-12,19,F,5,valido,
16353,5727,5727024,4,2024-01-17,35,F,6,valido,
16354,5727,5727025,1,2024-07-14,135,F,6,valido,
16355,5723,5723001,4,2024-05-25,180,F,4,valido,
16356,5719,5719035,4,2024-03-12,32,F,6,valido,
16357,5768,5768018,2,2024-01-13,159,F,2,valido,
16358,5719,5719003,2,2024-05-02,54,F,6,valido,
16359,5715,5715005,1,2024-12-21,174,F,2,valido,
16360,5752,5752010,4,2024-03-01,140,F,6,valido,
16361,5725,5725115,4,2024-08-26,29,F,2,valido,
16362,5719,5719034,3,2024-12-20,185,F,6,valido,
16363,5715,5715091,3,2024-03-09,190,F,2,valido,
16364,5773,5773033,2,2024-08-26,72,F,3,valido,
16365,5770,5770010,4,2024-09-12,136,F,4,valido,
16366,5776,5776018,3,2024-05-10,178,F,6,valido,
16367,5705,5705053,1,2024-01-25,93,F,1,valido,
16368,5752,5752008,3,2024-04-13,114,F,6,valido,
16369,5768,5768034,2,2024-08-04,37,F,2,valido,
16370,5754,5754033,1,2024-10-09,27,F,2,valido,
16371,5725,5725007,1,2024-10-14,33,F,2,valido,
16372,5727,5727031,1,2024-05-06,187,F,6,valido,
16373,5723,5723011,1,2024-03-18,100,F,4,valido,
16374,5715,5715062,2,2024-11-09,109,F,2,valido,
16375,5705,5705122,1,2024-03-28,15,F,1,valido,
16376,5708,5708021,4,2024-02-17,170,F,4,valido,
16377,5715,5715001,1,2024-03-23,60,F,2,valido,
16378,5708,5708015,4,2024-03-27,19,F,4,valido,
16379,5781,5781003,3,2024-02-06,152,F,5,valido,
16380,5741,5741027,1,2024-10-02,168,F,3,valido,
16381,5752,5752018,3,2024-05-17,178,F,6,valido,
16382,5752,5752032,3,2024-11-11,34,F,6,valido,
16383,5752,5752003,3,2024-06-27,5,F,6,valido,
16384,5725,5725007,1,2024-11-17,189,F,2,valido,
16385,5715,5715083,2,2024-10-07,104,F,2,valido,
16386,5727,5727022,3,2024-01-10,77,F,6,valido,
16387,5794,5794004,2,2024-09-24,96,F,5,valido,
16388,5715,5715074,2,2024-04-08,113,F,2,valido,
16389,5717,5717013,1,2024-10-13,89,F,1,valido,
16390,5725,5725074,2,2024-10-01,189,F,2,valido,
16391,5768,5768050,3,2024-05-04,196,F,2,valido,
16392,5725,5725092,3,2024-06-13,41,F,2,valido,
16393,5719,5719004,1,2024-03-04,136,F,6,valido,
16394,5705,5705116,4,2024-07-18,55,F,1,valido,
16395,5717,5717008,1,2024-08-03,65,F,1,valido,
16396,5713,5713004,1,2024-09-13,12,F,4,valido,
16397,5725,5725004,3,2024-04-19,86,F,2,valido,
16398,5725,5725110,4,2024-11-28,150,F,2,valido,
16399,5723,5723007,3,2024-02-06,108,F,4,valido,
16400,5754,5754034,3,2024-05-16,169,F,2,valido,
16401,5776,5776039,2,2024-10-18,161,F,6,valido,
16402,5781,5781001,1,2024-06-16,149,F,5,valido,
16403,5705,5705021,1,2024-10-28,197,F,1,valido,
16404,5754,5754001,4,2024-12-04,30,F,2,valido,
16405,5785,5785018,2,2024-06-04,195,F,5,valido,
16406,5715,5715028,3,2024-03-24,74,F,2,valido,
16407,5747,5747007,1,2024-04-22,138,F,4,valido,
16408,5727,5727005,2,2024-05-10,165,F,6,valido,
16409,5725,5725093,3,2024-09-02,125,F,2,valido,
16410,5741,5741007,4,2024-01-02,86,F,3,valido,
16411,5705,5705107,4,2024-09-28,3,F,1,valido,
16412,5720,5720003,1,2024-07-19,44,F,4,valido,
16413,5752,5752015,2,2024-08-02,189,F,6,valido,
16414,5770,5770009,4,2024-02-05,31,F,4,valido,
16415,5715,5715110,2,2024-09-26,78,F,2,valido,
16416,5719,5719010,2,2024-11-15,145,F,6,valido,
16417,5754,5754011,2,2024-08-28,186,F,2,valido,
16418,5773,5773025,3,2024-12-15,154,F,3,valido,
16419,5725,5725076,2,2024-08-27,18,F,2,valido,
16420,5747,5747013,4,2024-09-24,100,F,4,valido,
16421,5770,5770004,4,2024-03-06,160,F,4,valido,
16422,5723,5723001,1,2024-06-24,139,F,4,valido,
16423,5747,5747030,1,2024-11-07,61,F,4,valido,
16424,5713,5713036,2,2024-07-19,82,F,4,valido,
16425,5715,5715068,4,2024-10-09,122,F,2,valido,
16426,5766,5766002,4,2024-07-22,164,F,1,valido,
16427,5766,5766013,3,2024-12-25,181,F,1,valido,
16428,5717,5717004,4,2024-07-10,83,F,1,valido,
16429,5705,5705099,2,2024-12-13,153,F,1,valido,
16430,5725,5725013,4,2024-02-14,31,F,2,valido,
16431,5754,5754022,4,2024-04-09,128,F,2,valido,
16432,5715,5715101,3,2024-01-03,33,F,2,valido,
16433,5768,5768062,2,2024-08-14,85,F,2,valido,
16434,5768,5768018,2,2024-11-20,192,F,2,valido,
16435,5727,5727022,4,2024-02-28,181,F,6,valido,
16436,5747,5747024,4,2024-10-03,90,F,4,valido,
16437,5705,5705010,3,2024-04-19,1,F,1,valido,
16438,5768,5768032,3,2024-04-19,9,F,2,valido,
16439,5718,5718014,3,2024-02-23,51,F,3,valido,
16440,5715,5715035,1,2024-05-12,174,F,2,valido,
16441,5705,5705085,2,2024-05-28,85,F,1,valido,
16442,5754,5754003,4,2024-02-22,105,F,2,valido,
16443,5750,5750010,3,2024-06-12,69,F,5,valido,
16444,5773,5773019,2,2024-04-11,153,F,3,valido,
16445,5776,5776014,1,2024-07-16,132,F,6,valido,
16446,5705,5705073,4,2024-03-24,167,F,1,valido,
16447,5715,5715031,3,2024-05-15,175,F,2,valido,
16448,5785,5785008,2,2024-07-11,98,F,5,valido,
16449,5717,5717024,1,2024-02-11,102,F,1,valido,
16450,5719,5719040,2,2024-11-25,150,F,6,valido,
16451,5715,5715019,4,2024-05-03,36,F,2,valido,
16452,5773,5773029,4,2024-12-10,83,F,3,valido,
16453,5705,5705114,4,2024-11-16,129,F,1,valido,
16454,5720,5720024,3,2024-05-13,191,F,4,valido,
16455,5768,5768004,1,2024-10-23,109,F,2,valido,
16456,5727,5727006,2,2024-07-27,168,F,6,valido,
16457,5766,5766002,3,2024-04-06,44,F,1,valido,
16458,5770,5770013,3,2024-02-09,162,F,4,valido,
16459,5715,5715027,1,2024-01-16,84,F,2,valido,
16460,5754,5754016,2,2024-08-05,21,F,2,valido,
16461,5773,5773027,4,2024-05-14,53,F,3,valido,
16462,5785,5785014,3,2024-01-22,7,F,5,valido,
16463,5705,5705087,2,2024-10-09,18,F,1,valido,
16464,5725,5725026,3,2024-06-22,51,F,2,valido,
16465,5725,5725093,2,2024-06-13,30,F,2,valido,
16466,5752,5752044,1,2024-12-01,102,F,6,valido,
16467,5791,5791010,2,2024-03-07,192,F,3,valido,
16468,5752,5752055,4,2024-12-11,163,F,6,valido,
16469,5705,5705093,4,2024-01-28,93,F,1,valido,
16470,5719,5719028,3,2024-04-05,24,F,6,valido,
16471,5794,5794009,1,2024-06-20,103,F,5,valido,
16472,5754,5754018,4,2024-03-04,162,F,2,valido,
16473,5766,5766009,4,2024-05-14,73,F,1,valido,
16474,5715,5715051,3,2024-01-19,169,F,2,valido,
16475,5727,5727007,1,2024-03-12,117,F,6,valido,
16476,5768,5768033,4,2024-10-09,151,F,2,valido,
16477,5705,5705104,3,2024-10-06,115,F,1,valido,
16478,5705,5705116,1,2024-10-25,9,F,1,valido,
16479,5768,5768063,4,2024-08-21,168,F,2,valido,
16480,5705,5705071,4,2024-02-22,142,F,1,valido,
16481,5768,5768080,4,2024-12-01,162,F,2,valido,
16482,5768,5768067,1,2024-05-17,142,F,2,valido,
16483,5727,5727019,1,2024-11-02,76,F,6,valido,
16484,5708,5708008,4,2024-01-13,114,F,4,valido,
16485,5786,5786012,2,2024-09-10,127,F,3,valido,
16486,5752,5752045,2,2024-06-11,50,F,6,valido,
16487,5725,5725008,3,2024-08-17,5,F,2,valido,
16488,5768,5768056,4,2024-11-02,87,F,2,valido,
16489,5715,5715066,2,2024-04-02,124,F,2,valido,
16490,5705,5705069,2,2024-12-04,136,F,1,valido,
16491,5752,5752032,1,2024-06-22,89,F,6,valido,
16492,5725,5725020,2,2024-08-17,138,F,2,valido,
16493,5719,5719032,2,2024-06-12,51,F,6,valido,
16494,5725,5725087,4,2024-06-12,92,F,2,valido,
16495,5750,5750007,4,2024-03-06,170,F,5,valido,
16496,5719,5719020,1,2024-11-17,58,F,6,valido,
16497,5773,5773046,2,2024-12-12,43,F,3,valido,
16498,5705,5705099,3,2024-01-26,65,F,1,valido,
16499,5763,5763004,4,2024-04-13,73,F,1,valido,
16500,5715,5715008,2,2024-10-11,170,F,2,valido,
16501,5713,5713034,1,2024-11-08,158,F,4,valido,
16502,5797,5797003,1,2024-11-13,121,F,3,valido,
16503,5754,5754017,4,2024-10-15,187,F,2,valido,
16504,5720,5720009,4,2024-06-17,93,F,4,valido,
16505,5768,5768006,2,2024-10-05,60,F,2,valido,
16506,5770,5770001,3,2024-03-28,64,F,4,valido,
16507,5786,5786013,2,2024-04-03,185,F,3,valido,
16508,5785,5785012,1,2024-12-15,77,F,5,valido,
16509,5715,5715119,4,2024-10-25,38,F,2,valido,
16510,5725,5725093,3,2024-11-04,41,F,2,valido,
16511,5727,5727023,2,2024-07-06,88,F,6,valido,
16512,5705,5705068,4,2024-01-04,66,F,1,valido,
16513,5723,5723001,2,2024-09-08,195,F,4,valido,
16514,5776,5776038,1,2024-02-19,135,F,6,valido,
16515,5781,5781005,2,2024-03-20,79,F,5,valido,
16516,5715,5715094,1,2024-05-06,109,F,2,valido,
16517,5773,5773033,3,2024-04-04,199,F,3,valido,
16518,5727,5727019,3,2024-11-22,51,F,6,valido,
16519,5705,5705022,4,2024-06-20,154,F,1,valido,
16520,5708,5708006,1,2024-10-17,48,F,4,valido,
16521,5776,5776012,3,2024-07-26,114,F,6,valido,
16522,5715,5715078,1,2024-04-03,131,F,2,valido,
16523,5719,5719008,3,2024-08-03,56,F,6,valido,
16524,5719,5719031,4,2024-12-28,198,F,6,valido,
16525,5763,5763008,2,2024-11-02,104,F,1,valido,
16526,5754,5754019,3,2024-02-02,168,F,2,valido,
16527,5705,5705004,3,2024-08-19,149,F,1,valido,
16528,5727,5727031,2,2024-05-13,107,F,6,valido,
16529,5750,5750010,1,2024-10-13,143,F,5,valido,
16530,5781,5781007,4,2024-10-10,70,F,5,valido,
16531,5776,5776026,2,2024-01-10,105,F,6,valido,
16532,5750,5750021,1,2024-08-19,116,F,5,valido,
16533,5768,5768083,4,2024-04-08,37,F,2,valido,
16534,5750,5750002,4,2024-05-22,138,F,5,valido,
16535,5773,5773007,2,2024-10-26,92,F,3,valido,
16536,5744,5744002,1,2024-04-09,81,F,4,valido,
16537,5725,5725006,1,2024-08-11,133,F,2,valido,
16538,5705,5705012,2,2024-01-04,51,F,1,valido,
16539,5705,5705084,1,2024-04-22,139,F,1,valido,
16540,5744,5744001,3,2024-03-04,83,F,4,valido,
16541,5719,5719016,4,2024-06-22,152,F,6,valido,
16542,5747,5747026,4,2024-12-09,11,F,4,valido,
16543,5768,5768020,1,2024-04-05,58,F,2,valido,
16544,5705,5705066,3,2024-07-02,15,F,1,valido,
16545,5773,5773017,3,2024-11-27,37,F,3,valido,
16546,5705,5705064,4,2024-07-02,138,F,1,valido,
16547,5713,5713020,2,2024-03-15,44,F,4,valido,
16548,5747,5747022,2,2024-05-27,108,F,4,valido,
16549,5727,5727013,4,2024-07-11,130,F,6,valido,
16550,5766,5766011,4,2024-03-18,42,F,1,valido,
16551,5768,5768008,4,2024-03-11,23,F,2,valido,
16552,5752,5752037,4,2024-11-21,62,F,6,valido,
16553,5705,5705100,4,2024-02-13,163,F,1,valido,
16554,5785,5785005,1,2024-05-16,99,F,5,valido,
16555,5713,5713016,4,2024-09-01,3,F,4,valido,
16556,5715,5715050,4,2024-03-18,115,F,2,valido,
16557,5727,5727012,1,2024-02-01,61,F,6,valido,
16558,5705,5705075,2,2024-02-01,122,F,1,modificado,A: fecha 01-02-24 -> 2024-02-01. Ambiguous date (day-month: 2024-02-01; month-day: 2024-01-02); explicit decision: day-month. Year 2024 based on complete dataset dates.
16559,5725,5725044,3,2024-01-25,30,F,2,valido,
16560,5715,5715063,2,2024-06-10,19,F,2,valido,
16561,5768,5768010,2,2024-02-10,44,F,2,valido,
16562,5773,5773015,2,2024-10-22,102,F,3,valido,
16563,5791,5791007,2,2024-07-15,175,F,3,valido,
16564,5773,5773013,2,2024-05-02,36,F,3,valido,
16565,5763,5763008,2,2024-05-25,10,F,1,valido,
16566,5768,5768050,3,2024-01-20,105,F,2,valido,
16567,5791,5791009,1,2024-08-22,63,F,3,valido,
16568,5705,5705045,4,2024-05-01,95,F,1,valido,
16569,5715,5715044,2,2024-04-11,30,F,2,valido,
16570,5715,5715122,2,2024-02-16,55,F,2,valido,
16571,5747,5747023,3,2024-11-23,195,F,4,valido,
16572,5705,5705004,3,2024-05-23,154,F,1,valido,
16573,5705,5705043,2,2024-05-18,38,F,1,valido,
16574,5723,5723021,3,2024-09-21,64,F,4,valido,
16575,5763,5763009,3,2024-08-15,20,F,1,valido,
16576,5717,5717011,3,2024-08-13,160,F,1,valido,
16577,5705,5705087,2,2024-04-25,55,F,1,valido,
16578,5770,5770012,3,2024-01-16,145,F,4,valido,
16579,5713,5713016,1,2024-10-03,108,F,4,valido,
16580,5744,5744001,3,2024-02-25,41,F,4,valido,
16581,5705,5705069,4,2024-04-28,37,F,1,valido,
16582,5713,5713007,4,2024-12-04,192,F,4,valido,
16583,5747,5747003,2,2024-11-01,198,F,4,valido,
16584,5705,5705038,3,2024-07-27,39,F,1,valido,
16585,5750,5750023,3,2024-09-27,114,F,5,valido,
16586,5715,5715070,2,2024-08-11,34,F,2,valido,
16587,5705,5705060,1,2024-06-28,175,F,1,valido,
16588,5715,5715064,1,2024-01-24,172,F,2,valido,
16589,5785,5785016,4,2024-11-19,28,F,5,valido,
16590,5754,5754018,1,2024-06-04,158,F,2,valido,
16591,5715,5715083,2,2024-06-07,36,F,2,valido,
16592,5754,5754038,1,2024-06-18,127,F,2,valido,
16593,5705,5705020,3,2024-10-06,130,F,1,valido,
16594,5725,5725015,4,2024-04-20,129,F,2,valido,
16595,5770,5770009,1,2024-12-05,101,F,4,valido,
16596,5773,5773033,3,2024-01-19,111,F,3,valido,
16597,5725,5725036,4,2024-10-21,79,F,2,valido,
16598,5718,5718010,2,2024-03-26,17,F,3,valido,
16599,5705,5705058,3,2024-05-05,191,F,1,valido,
16600,5741,5741016,1,2024-07-24,7,F,3,valido,
16601,5770,5770013,4,2024-01-04,119,F,4,valido,
16602,5715,5715029,4,2024-10-10,149,F,2,valido,
16603,5723,5723010,4,2024-12-14,39,F,4,valido,
16604,5768,5768027,4,2024-07-04,188,F,2,valido,
16605,5705,5705033,4,2024-09-06,129,F,1,valido,
16606,5725,5725042,4,2024-09-28,8,F,2,valido,
16607,5705,5705113,3,2024-11-05,132,F,1,valido,
16608,5719,5719002,3,2024-01-01,187,F,6,valido,
16609,5705,5705069,3,2024-01-13,61,F,1,valido,
16610,5747,5747026,3,2024-08-21,103,F,4,valido,
16611,5715,5715073,4,2024-11-12,15,F,2,valido,
16612,5717,5717011,3,2024-05-25,16,F,1,valido,
16613,5750,5750004,1,2024-05-11,109,F,5,valido,
16614,5747,5747024,3,2024-07-20,175,F,4,valido,
16615,5773,5773014,2,2024-11-17,151,F,3,valido,
16616,5747,5747021,4,2024-12-19,160,F,4,valido,
16617,5713,5713007,1,2024-09-08,65,F,4,valido,
16618,5715,5715091,3,2024-05-21,122,F,2,valido,
16619,5725,5725022,1,2024-08-08,95,F,2,valido,
16620,5723,5723016,1,2024-04-13,80,F,4,valido,
16621,5723,5723006,3,2024-05-14,41,F,4,valido,
16622,5768,5768068,2,2024-06-22,2,F,2,valido,
16623,5705,5705010,1,2024-03-17,172,F,1,valido,
16624,5705,5705097,3,2024-06-08,104,F,1,valido,
16625,5725,5725031,3,2024-07-20,16,F,2,valido,
16626,5797,5797002,3,2024-01-02,5,F,3,valido,
16627,5768,5768007,4,2024-11-10,86,F,2,valido,
16628,5750,5750025,4,2024-10-19,45,F,5,valido,
16629,5719,5719005,1,2024-03-28,113,F,6,valido,
16630,5797,5797005,3,2024-07-04,120,F,3,valido,
16631,5720,5720012,2,2024-01-08,70,F,4,valido,
16632,5715,5715089,4,2024-10-17,111,F,2,valido,
16633,5773,5773002,2,2024-04-10,154,F,3,valido,
16634,5715,5715068,1,2024-06-08,190,F,2,valido,
16635,5741,5741019,3,2024-12-13,84,F,3,modificado,D: id_departamento 0 -> 5741. Department obtained from the municipality catalog.
16636,5713,5713030,3,2024-01-27,97,F,4,valido,
16637,5785,5785008,2,2024-06-07,131,F,5,valido,
16638,5768,5768074,3,2024-04-23,173,F,2,valido,
16639,5747,5747002,1,2024-06-10,27,F,4,valido,
16640,5752,5752030,3,2024-09-12,24,F,6,valido,
16641,5725,5725077,2,2024-05-12,126,F,2,valido,
16642,5770,5770024,4,2024-05-05,59,F,4,valido,
16643,5715,5715076,2,2024-08-15,171,F,2,valido,
16644,5785,5785011,4,2024-08-02,80,F,5,valido,
16645,5768,5768085,4,2024-01-09,83,F,2,valido,
16646,5723,5723016,3,2024-06-07,2,F,4,valido,
16647,5719,5719016,2,2024-10-27,174,F,6,valido,
16648,5705,5705078,3,2024-07-18,35,F,1,valido,
16649,5747,5747003,4,2024-04-06,171,F,4,valido,
16650,5754,5754038,3,2024-09-20,41,F,2,valido,
16651,5715,5715108,4,2024-07-04,146,F,2,valido,
16652,5725,5725034,3,2024-02-27,199,F,2,valido,
16653,5725,5725001,1,2024-01-05,195,F,2,valido,
16654,5705,5705007,3,2024-06-02,175,F,1,valido,
16655,5720,5720003,2,2024-03-15,185,F,4,valido,
16656,5725,5725078,2,2024-02-01,103,F,2,valido,
16657,5727,5727006,4,2024-11-10,43,F,6,valido,
16658,5776,5776033,1,2024-04-23,74,F,6,valido,
16659,5791,5791009,4,2024-12-19,21,F,3,valido,
16660,5727,5727006,3,2024-07-07,144,F,6,valido,
16661,5725,5725009,2,2024-09-07,38,F,2,valido,
16662,5725,5725089,2,2024-06-01,181,F,2,valido,
16663,5705,5705065,4,2024-12-23,129,F,1,valido,
16664,5750,5750011,2,2024-01-08,23,F,5,valido,
16665,5705,5705119,2,2024-12-20,23,F,1,valido,
16666,5773,5773008,1,2024-04-11,43,F,3,valido,
16667,5715,5715044,2,2024-04-03,178,F,2,valido,
16668,5708,5708006,4,2024-05-17,63,F,4,valido,
16669,5705,5705039,3,2024-03-21,200,F,1,valido,
16670,5725,5725038,1,2024-01-12,95,F,2,valido,
16671,5725,5725069,1,2024-09-26,121,F,2,valido,
16672,5768,5768086,4,2024-01-15,74,F,2,valido,
16673,5797,5797002,3,2024-01-22,119,F,3,valido,
16674,5705,5705091,2,2024-05-04,168,F,1,valido,
16675,5752,5752055,4,2024-07-24,95,F,6,valido,
16676,5747,5747008,3,2024-02-01,38,F,4,valido,
16677,5752,5752064,4,2024-04-27,5,F,6,valido,
16678,5776,5776014,4,2024-08-12,16,F,6,valido,
16679,5705,5705109,2,2024-05-08,186,F,1,valido,
16680,5768,5768002,3,2024-11-07,191,F,2,valido,
16681,5715,5715049,3,2024-11-22,7,F,2,valido,
16682,5720,5720023,3,2024-09-03,12,F,4,valido,
16683,5715,5715055,3,2024-08-09,81,F,2,valido,
16684,5725,5725030,4,2024-11-06,180,F,2,valido,
16685,5720,5720013,1,2024-08-24,167,F,4,valido,
16686,5725,5725014,4,2024-04-15,194,F,2,valido,
16687,5713,5713009,3,2024-03-10,19,F,4,valido,
16688,5747,5747028,4,2024-03-03,29,F,4,valido,
16689,5752,5752059,1,2024-12-12,4,F,6,valido,
16690,5705,5705033,3,2024-08-18,22,F,1,valido,
16691,5715,5715072,4,2024-12-05,75,F,2,valido,
16692,5747,5747025,1,2024-09-21,24,F,4,valido,
16693,5785,5785013,3,2024-11-06,82,F,5,valido,
16694,5763,5763008,2,2024-07-28,102,F,1,valido,
16695,5717,5717026,4,2024-07-22,70,F,1,valido,
16696,5715,5715070,1,2024-09-23,172,F,2,valido,
16697,5768,5768081,2,2024-10-18,82,F,2,valido,
16698,5720,5720006,1,2024-05-22,94,F,4,valido,
16699,5799,5799003,1,2024-07-21,6,F,5,valido,
16700,5754,5754007,2,2024-09-22,44,F,2,valido,
16701,5725,5725013,3,2024-12-17,173,F,2,valido,
16702,5705,5705022,2,2024-07-16,57,F,1,valido,
16703,5725,5725003,2,2024-02-16,175,F,2,valido,
16704,5744,5744006,1,2024-09-18,198,F,4,valido,
16705,5754,5754004,4,2024-02-10,29,F,2,valido,
16706,5725,5725011,3,2024-10-17,89,F,2,valido,
16707,5754,5754019,3,2024-04-02,22,F,2,valido,
16708,5727,5727025,4,2024-08-22,83,F,6,valido,
16709,5786,5786003,2,2024-04-12,59,F,3,valido,
16710,5725,5725082,4,2024-11-13,127,F,2,valido,
16711,5719,5719037,3,2024-03-13,68,F,6,valido,
16712,5768,5768045,2,2024-03-18,37,F,2,valido,
16713,5725,5725044,3,2024-01-01,172,F,2,valido,
16714,5705,5705030,2,2024-06-09,69,F,1,valido,
16715,5773,5773011,3,2024-05-24,90,F,3,valido,
16716,5705,5705023,3,2024-07-20,168,F,1,valido,
16717,5752,5752034,3,2024-05-09,21,F,6,valido,
16718,5776,5776026,4,2024-06-09,38,F,6,valido,
16719,5768,5768044,3,2024-07-17,67,F,2,valido,
16720,5715,5715004,2,2024-03-19,31,F,2,valido,
16721,5744,5744015,1,2024-04-14,68,F,4,valido,
16722,5766,5766009,1,2024-09-25,176,F,1,valido,
16723,5768,5768013,3,2024-07-01,182,F,2,valido,
16724,5754,5754036,1,2024-06-21,61,F,2,valido,
16725,5768,5768021,3,2024-10-13,126,F,2,valido,
16726,5705,5705001,2,2024-07-14,162,F,1,valido,
16727,5741,5741008,4,2024-04-04,72,F,3,valido,
16728,5768,5768022,2,2024-03-13,114,F,2,valido,
16729,5705,5705105,3,2024-06-06,193,F,1,valido,
16730,5776,5776002,2,2024-08-23,162,F,6,valido,
16731,5752,5752025,4,2024-12-18,145,F,6,valido,
16732,5725,5725001,3,2024-03-02,196,F,2,valido,
16733,5708,5708013,4,2024-03-25,106,F,4,valido,
16734,5773,5773045,4,2024-11-23,134,F,3,valido,
16735,5747,5747011,1,2024-09-10,187,F,4,valido,
16736,5776,5776005,4,2024-07-19,113,F,6,valido,
16737,5719,5719036,4,2024-02-04,125,F,6,valido,
16738,5705,5705117,2,2024-08-02,51,F,1,valido,
16739,5718,5718014,3,2024-08-02,86,F,3,valido,
16740,5768,5768017,4,2024-04-12,129,F,2,valido,
16741,5785,5785002,4,2024-06-26,91,F,5,valido,
16742,5715,5715083,1,2024-10-09,55,F,2,valido,
16743,5752,5752061,4,2024-03-01,138,F,6,valido,
16744,5786,5786001,4,2024-11-07,188,F,3,valido,
16745,5750,5750001,3,2024-12-19,68,F,5,valido,
16746,5708,5708020,2,2024-09-08,190,F,4,valido,
16747,5717,5717016,4,2024-04-26,86,F,1,valido,
16748,5754,5754015,4,2024-11-05,183,F,2,valido,
16749,5713,5713014,4,2024-10-07,99,F,4,valido,
16750,5715,5715031,2,2024-04-24,54,F,2,valido,
16751,5727,5727020,1,2024-09-04,67,F,6,valido,
16752,5715,5715070,4,2024-11-24,98,F,2,valido,
16753,5715,5715037,3,2024-04-12,9,F,2,valido,
16754,5770,5770008,4,2024-11-10,28,F,4,valido,
16755,5717,5717022,1,2024-07-19,129,F,1,valido,
16756,5718,5718015,3,2024-11-28,56,F,3,valido,
16757,5768,5768004,1,2024-01-18,38,F,2,valido,
16758,5770,5770021,4,2024-05-25,184,F,4,valido,
16759,5752,5752039,1,2024-08-13,167,F,6,valido,
16760,5770,5770023,1,2024-03-12,165,F,4,valido,
16761,5713,5713026,2,2024-10-28,139,F,4,valido,
16762,5770,5770026,4,2024-07-19,18,F,4,valido,
16763,5715,5715037,3,2024-04-12,74,F,2,valido,
16764,5747,5747030,4,2024-10-26,196,F,4,valido,
16765,5705,5705117,1,2024-06-03,195,F,1,valido,
16766,5752,5752010,4,2024-07-03,127,F,6,valido,
16767,5770,5770018,1,2024-05-08,25,F,4,valido,
16768,5754,5754021,3,2024-11-15,172,F,2,valido,
16769,5750,5750008,1,2024-11-18,96,F,5,valido,
16770,5717,5717005,2,2024-02-19,47,F,1,valido,
16771,5768,5768054,3,2024-06-26,10,F,2,valido,
16772,5705,5705121,2,2024-10-19,86,F,1,valido,
16773,5776,5776009,4,2024-05-08,77,F,6,valido,
16774,5715,5715057,2,2024-10-09,86,F,2,valido,
16775,5776,5776015,3,2024-05-03,39,F,6,valido,
16776,5705,5705015,1,2024-05-12,15,F,1,valido,
16777,5727,5727021,1,2024-06-25,150,F,6,valido,
16778,5725,5725010,4,2024-10-07,135,F,2,valido,
16779,5752,5752007,4,2024-08-07,182,F,6,valido,
16780,5713,5713037,2,2024-02-03,114,F,4,valido,
16781,5725,5725111,4,2024-11-06,138,F,2,valido,
16782,5715,5715012,3,2024-09-21,94,F,2,valido,
16783,5715,5715029,2,2024-09-18,131,F,2,valido,
16784,5773,5773033,3,2024-07-01,124,F,3,valido,
16785,5719,5719040,2,2024-05-04,61,F,6,valido,
16786,5705,5705051,2,2024-01-02,4,F,1,valido,
16787,5766,5766003,1,2024-01-07,11,F,1,valido,
16788,5713,5713003,1,2024-12-13,10,F,4,valido,
16789,5715,5715106,3,2024-05-13,123,F,2,valido,
16790,5705,5705119,3,2024-02-28,50,F,1,valido,
16791,5713,5713034,1,2024-12-27,183,F,4,valido,
16792,5776,5776021,1,2024-03-02,191,F,6,valido,
16793,5763,5763005,1,2024-06-26,90,F,1,valido,
16794,5705,5705053,3,2024-08-13,111,F,1,valido,
16795,5768,5768012,2,2024-06-01,30,F,2,valido,
16796,5725,5725044,2,2024-05-15,72,F,2,valido,
16797,5723,5723029,1,2024-03-21,169,F,4,valido,
16798,5744,5744014,3,2024-12-08,188,F,4,valido,
16799,5715,5715054,4,2024-07-13,132,F,2,valido,
16800,5708,5708023,3,2024-02-21,34,F,4,valido,
16801,5715,5715065,1,2024-06-17,45,F,2,valido,
16802,5768,5768070,4,2024-09-08,179,F,2,valido,
16803,5773,5773034,2,2024-12-15,8,F,3,valido,
16804,5715,5715033,4,2024-07-19,106,F,2,valido,
16805,5766,5766001,2,2024-11-14,140,F,1,valido,
16806,5720,5720016,3,2024-02-14,30,F,4,valido,
16807,5725,5725041,1,2024-05-12,77,F,2,valido,
16808,5705,5705076,3,2024-04-24,157,F,1,valido,
16809,5768,5768024,2,2024-08-07,19,F,2,valido,
16810,5715,5715103,2,2024-12-18,168,F,2,valido,
16811,5741,5741032,3,2024-03-27,197,F,3,valido,
16812,5720,5720005,4,2024-10-16,28,F,4,valido,
16813,5725,5725103,3,2024-07-08,108,F,2,valido,
16814,5763,5763001,2,2024-12-20,191,F,1,valido,
16815,5717,5717008,2,2024-03-28,158,F,1,valido,
16816,5715,5715047,1,2024-07-03,106,F,2,valido,
16817,5705,5705121,2,2024-10-08,86,F,1,valido,
16818,5715,5715040,3,2024-05-12,113,F,2,valido,
16819,5715,5715069,1,2024-05-04,192,F,2,valido,
16820,5723,5723023,4,2024-05-05,26,F,4,valido,
16821,5719,5719037,2,2024-05-19,73,F,6,valido,
16822,5715,5715093,2,2024-09-03,67,F,2,valido,
16823,5773,5773018,1,2024-05-11,127,F,3,valido,
16824,5752,5752044,3,2024-02-27,92,F,6,valido,
16825,5723,5723017,4,2024-10-11,5,F,4,valido,
16826,5705,5705066,3,2024-11-01,28,F,1,valido,
16827,5785,5785002,4,2024-08-20,129,F,5,valido,
16828,5754,5754003,2,2024-08-01,111,F,2,valido,
16829,5715,5715109,4,2024-06-20,68,F,2,valido,
16830,5750,5750001,3,2024-08-07,165,F,5,valido,
16831,5718,5718012,2,2024-02-20,198,F,3,valido,
16832,5725,5725026,4,2024-03-10,23,F,2,valido,
16833,5741,5741016,3,2024-11-05,8,F,3,valido,
16834,5773,5773035,1,2024-12-06,187,F,3,valido,
16835,5718,5718010,3,2024-05-24,196,F,3,valido,
16836,5776,5776008,4,2024-03-28,109,F,6,valido,
16837,5752,5752002,3,2024-06-18,195,F,6,valido,
16838,5770,5770013,2,2024-02-20,79,F,4,valido,
16839,5768,5768060,1,2024-12-02,12,F,2,valido,
16840,5723,5723027,3,2024-12-13,81,F,4,valido,
16841,5715,5715066,1,2024-05-21,99,F,2,valido,
16842,5776,5776034,4,2024-08-10,196,F,6,valido,
16843,5717,5717001,3,2024-03-24,186,F,1,valido,
16844,5752,5752051,3,2024-01-25,74,F,6,valido,
16845,5708,5708008,4,2024-11-15,35,F,4,valido,
16846,5717,5717015,2,2024-07-24,11,F,1,valido,
16847,5754,5754008,2,2024-09-03,13,F,2,valido,
16848,5705,5705097,3,2024-11-27,174,F,1,valido,
16849,5705,5705097,3,2024-01-20,157,F,1,valido,
16850,5741,5741004,4,2024-02-05,88,F,3,valido,
16851,5786,5786009,1,2024-03-19,15,F,3,valido,
16852,5752,5752008,2,2024-03-09,197,F,6,valido,
16853,5708,5708018,1,2024-05-24,165,F,4,valido,
16854,5750,5750003,4,2024-05-25,153,F,5,valido,
16855,5725,5725095,1,2024-10-09,120,F,2,valido,
16856,5719,5719013,3,2024-05-28,178,F,6,valido,
16857,5773,5773032,2,2024-04-10,124,F,3,valido,
16858,5773,5773011,4,2024-12-07,167,F,3,valido,
16859,5754,5754027,4,2024-07-18,37,F,2,valido,
16860,5752,5752010,1,2024-05-25,34,F,6,valido,
16861,5720,5720025,4,2024-10-15,188,F,4,valido,
16862,5776,5776025,1,2024-05-20,9,F,6,valido,
16863,5708,5708002,3,2024-08-20,44,F,4,valido,
16864,5791,5791008,4,2024-07-17,1,F,3,valido,
16865,5776,5776019,3,2024-02-07,172,F,6,valido,
16866,5773,5773039,2,2024-11-13,69,F,3,valido,
16867,5744,5744012,4,2024-03-23,152,F,4,valido,
16868,5725,5725010,2,2024-09-12,40,F,2,valido,
16869,5725,5725081,4,2024-02-01,177,F,2,valido,
16870,5776,5776023,3,2024-02-19,169,F,6,valido,
16871,5708,5708018,2,2024-12-23,20,F,4,valido,
16872,5713,5713025,3,2024-07-15,132,F,4,valido,
16873,5715,5715083,2,2024-11-22,109,F,2,valido,
16874,5718,5718011,2,2024-07-09,80,F,3,valido,
16875,5741,5741015,4,2024-01-22,67,F,3,valido,
16876,5719,5719033,4,2024-09-15,172,F,6,valido,
16877,5723,5723021,3,2024-12-28,84,F,4,valido,
16878,5763,5763009,2,2024-02-05,178,F,1,valido,
16879,5708,5708022,4,2024-10-26,58,F,4,valido,
16880,5750,5750021,2,2024-08-07,177,F,5,valido,
16881,5725,5725084,3,2024-08-27,54,F,2,valido,
16882,5766,5766006,2,2024-02-12,177,F,1,valido,
16883,5720,5720020,3,2024-04-22,3,F,4,valido,
16884,5744,5744006,4,2024-10-01,126,F,4,valido,
16885,5715,5715075,3,2024-08-06,68,F,2,valido,
16886,5705,5705032,3,2024-10-15,151,F,1,valido,
16887,5752,5752031,2,2024-01-15,49,F,6,valido,
16888,5763,5763003,2,2024-12-15,178,F,1,valido,
16889,5705,5705116,3,2024-02-24,90,F,1,valido,
16890,5727,5727021,1,2024-11-07,5,F,6,valido,
16891,5766,5766008,3,2024-06-27,8,F,1,valido,
16892,5719,5719001,2,2024-03-20,188,F,6,valido,
16893,5773,5773002,2,2024-03-03,88,F,3,valido,
16894,5786,5786007,3,2024-01-16,51,F,3,valido,
16895,5725,5725112,3,2024-06-21,91,F,2,valido,
16896,5725,5725110,1,2024-08-02,36,F,2,valido,
16897,5720,5720014,4,2024-01-03,70,F,4,valido,
16898,5708,5708017,2,2024-10-20,123,F,4,valido,
16899,5776,5776029,2,2024-01-04,30,F,6,valido,
16900,5752,5752023,3,2024-06-01,182,F,6,valido,
16901,5725,5725051,4,2024-12-13,118,F,2,valido,
16902,5725,5725026,2,2024-01-16,42,F,2,valido,
16903,5725,5725106,4,2024-01-22,171,F,2,valido,
16904,5747,5747025,4,2024-03-20,49,F,4,valido,
16905,5725,5725113,3,2024-07-16,90,F,2,valido,
16906,5752,5752022,1,2024-05-01,39,F,6,valido,
16907,5741,5741005,2,2024-06-09,42,F,3,valido,
16908,5785,5785015,4,2024-07-22,28,F,5,valido,
16909,5713,5713038,4,2024-11-09,95,F,4,valido,
16910,5727,5727018,1,2024-08-08,114,F,6,valido,
16911,5705,5705095,4,2024-10-26,86,F,1,valido,
16912,5752,5752021,4,2024-04-16,80,F,6,valido,
16913,5786,5786011,2,2024-02-03,32,F,3,valido,
16914,5705,5705103,1,2024-02-10,62,F,1,valido,
16915,5750,5750015,1,2024-10-22,169,F,5,valido,
16916,5786,5786010,2,2024-07-04,191,F,3,valido,
16917,5741,5741016,4,2024-10-08,170,F,3,valido,
16918,5752,5752064,1,2024-08-27,120,F,6,valido,
16919,5768,5768021,4,2024-09-28,104,F,2,valido,
16920,5768,5768027,2,2024-02-09,158,F,2,valido,
16921,5750,5750004,3,2024-01-25,5,F,5,valido,
16922,5768,5768078,1,2024-06-05,7,F,2,valido,
16923,5715,5715097,3,2024-04-03,57,F,2,valido,
16924,5717,5717005,1,2024-06-13,12,F,1,valido,
16925,5773,5773014,1,2024-07-26,171,F,3,valido,
16926,5713,5713028,3,2024-12-22,79,F,4,valido,
16927,5727,5727010,3,2024-10-27,58,F,6,valido,
16928,5725,5725066,4,2024-07-25,72,F,2,valido,
16929,5727,5727016,4,2024-07-17,109,F,6,valido,
16930,5768,5768082,2,2024-03-28,178,F,2,valido,
16931,5723,5723026,4,2024-08-12,98,F,4,valido,
16932,5770,5770003,4,2024-03-03,129,F,4,valido,
16933,5785,5785006,4,2024-06-07,14,F,5,valido,
16934,5715,5715025,3,2024-12-09,60,F,2,valido,
16935,5791,5791008,1,2024-03-28,19,F,3,valido,
16936,5766,5766005,1,2024-01-14,114,F,1,valido,
16937,5705,5705033,4,2024-11-08,26,F,1,valido,
16938,5768,5768060,1,2024-02-17,5,F,2,valido,
16939,5725,5725112,3,2024-02-28,179,F,2,valido,
16940,5719,5719013,1,2024-08-09,19,F,6,valido,
16941,5754,5754004,1,2024-12-28,147,F,2,valido,
16942,5719,5719042,1,2024-11-10,183,F,6,valido,
16943,5768,5768029,3,2024-07-22,187,F,2,valido,
16944,5723,5723014,1,2024-11-28,47,F,4,valido,
16945,5747,5747005,1,2024-03-21,128,F,4,valido,
16946,5744,5744007,3,2024-05-13,82,F,4,valido,
16947,5725,5725028,2,2024-12-20,26,F,2,valido,
16948,5741,5741016,4,2024-01-19,31,F,3,valido,
16949,5720,5720009,1,2024-12-26,3,F,4,valido,
16950,5776,5776031,1,2024-07-19,143,F,6,valido,
16951,5773,5773016,1,2024-02-18,64,F,3,valido,
16952,5705,5705083,1,2024-06-17,175,F,1,valido,
16953,5719,5719018,1,2024-07-03,9,F,6,valido,
16954,5754,5754035,2,2024-07-06,120,F,2,valido,
16955,5770,5770007,2,2024-06-10,107,F,4,valido,
16956,5768,5768004,1,2024-05-27,134,F,2,valido,
16957,5719,5719026,4,2024-11-09,60,F,6,valido,
16958,5717,5717014,1,2024-05-13,112,F,1,valido,
16959,5776,5776025,3,2024-06-08,150,F,6,valido,
16960,5768,5768076,2,2024-02-09,160,F,2,valido,
16961,5715,5715092,4,2024-01-13,168,F,2,valido,
16962,5715,5715114,2,2024-09-10,173,F,2,valido,
16963,5723,5723020,1,2024-10-03,133,F,4,valido,
16964,5705,5705007,4,2024-09-28,35,F,1,valido,
16965,5768,5768057,1,2024-08-07,31,F,2,valido,
16966,5705,5705005,3,2024-03-11,135,F,1,valido,
16967,5725,5725080,1,2024-09-15,145,F,2,valido,
16968,5785,5785005,1,2024-04-13,63,F,5,valido,
16969,5776,5776016,4,2024-02-19,48,F,6,valido,
16970,5713,5713001,1,2024-12-08,188,F,4,valido,
16971,5768,5768035,1,2024-01-22,124,F,2,valido,
16972,5713,5713022,1,2024-02-09,30,F,4,valido,
16973,5768,5768078,3,2024-05-22,80,F,2,valido,
16974,5708,5708022,2,2024-06-06,167,F,4,valido,
16975,5725,5725069,1,2024-08-19,36,F,2,valido,
16976,5723,5723006,3,2024-11-10,55,F,4,valido,
16977,5791,5791002,1,2024-04-12,143,F,3,valido,
16978,5766,5766003,4,2024-02-20,115,F,1,valido,
16979,5741,5741035,4,2024-03-06,95,F,3,valido,
16980,5725,5725110,3,2024-12-25,125,F,2,valido,
16981,5718,5718010,4,2024-07-13,186,F,3,valido,
16982,5723,5723018,3,2024-05-01,143,F,4,valido,
16983,5776,5776025,2,2024-10-12,188,F,6,valido,
16984,5725,5725079,4,2024-02-17,63,F,2,valido,
16985,5717,5717023,2,2024-10-26,86,F,1,valido,
16986,5768,5768083,4,2024-07-27,14,F,2,valido,
16987,5715,5715094,2,2024-07-26,23,F,2,valido,
16988,5705,5705050,3,2024-04-11,13,F,1,valido,
16989,5725,5725040,1,2024-02-13,182,F,2,valido,
16990,5776,5776008,1,2024-03-19,185,F,6,valido,
16991,5768,5768065,2,2024-05-02,64,F,2,valido,
16992,5723,5723026,4,2024-12-26,113,F,4,valido,
16993,5715,5715034,3,2024-11-06,198,F,2,valido,
16994,5723,5723020,4,2024-06-17,159,F,4,valido,
16995,5720,5720008,2,2024-05-20,26,F,4,valido,
16996,5725,5725047,1,2024-11-21,169,F,2,valido,
16997,5747,5747030,1,2024-12-07,194,F,4,valido,
16998,5717,5717005,2,2024-10-26,48,F,1,valido,
16999,5773,5773037,3,2024-03-26,200,F,3,valido,
17000,5705,5705064,1,2024-09-21,121,F,1,valido,
17001,5719,5719031,1,2024-09-27,117,F,6,valido,
17002,5705,5705004,1,2024-05-07,145,F,1,valido,
17003,5717,5717003,1,2024-11-27,20,F,1,valido,
17004,5773,5773033,2,2024-08-19,155,F,3,valido,
17005,5725,5725079,3,2024-06-18,37,F,2,valido,
17006,5744,5744008,3,2024-07-10,198,F,4,valido,
17007,5797,5797005,1,2024-06-03,161,F,3,valido,
17008,5747,5747012,3,2024-11-10,34,F,4,valido,
17009,5786,5786002,3,2024-06-16,96,F,3,valido,
17010,5713,5713023,1,2024-02-25,129,F,4,valido,
17011,5773,5773004,4,2024-10-20,192,F,3,valido,
17012,5741,5741023,3,2024-03-16,33,F,3,valido,
17013,5741,5741005,2,2024-01-18,85,F,3,valido,
17014,5768,5768052,4,2024-10-14,71,F,2,valido,
17015,5715,5715073,3,2024-12-26,160,F,2,valido,
17016,5723,5723004,4,2024-11-19,104,F,4,valido,
17017,5754,5754013,3,2024-04-20,59,F,2,valido,
17018,5725,5725103,2,2024-03-10,30,F,2,valido,
17019,5713,5713011,3,2024-11-17,59,F,4,valido,
17020,5705,5705083,4,2024-11-27,11,F,1,valido,
17021,5708,5708004,3,2024-10-01,165,F,4,valido,
17022,5727,5727018,3,2024-05-16,71,F,6,valido,
17023,5705,5705068,1,2024-10-15,104,F,1,valido,
17024,5768,5768087,4,2024-06-24,124,F,2,valido,
17025,5750,5750029,4,2024-07-12,159,F,5,valido,
17026,5741,5741032,1,2024-03-19,55,F,3,valido,
17027,5776,5776026,3,2024-11-20,18,F,6,valido,
17028,5715,5715110,2,2024-08-02,51,F,2,valido,
17029,5795,5795004,3,2024-10-07,25,F,5,valido,
17030,5727,5727026,3,2024-03-11,25,F,6,valido,
17031,5725,5725071,1,2024-06-26,175,F,2,valido,
17032,5719,5719015,3,2024-04-01,175,F,6,valido,
17033,5705,5705037,3,2024-04-12,113,F,1,valido,
17034,5725,5725079,2,2024-12-04,194,F,2,valido,
17035,5725,5725067,4,2024-11-09,143,F,2,valido,
17036,5744,5744001,1,2024-05-12,189,F,4,valido,
17037,5708,5708013,3,2024-04-17,160,F,4,valido,
17038,5719,5719011,1,2024-12-13,57,F,6,valido,
17039,5785,5785015,3,2024-01-22,200,F,5,valido,
17040,5715,5715117,3,2024-02-02,167,F,2,valido,
17041,5725,5725097,3,2024-11-04,38,F,2,valido,
17042,5717,5717016,4,2024-05-01,116,F,1,valido,
17043,5776,5776017,1,2024-01-25,19,F,6,valido,
17044,5713,5713018,2,2024-04-21,184,F,4,valido,
17045,5705,5705123,2,2024-07-26,103,F,1,valido,
17046,5705,5705112,1,2024-03-02,11,F,1,valido,
17047,5747,5747003,4,2024-09-03,137,F,4,valido,
17048,5768,5768027,1,2024-10-15,72,F,2,valido,
17049,5768,5768050,1,2024-09-25,154,F,2,valido,
17050,5776,5776029,1,2024-06-22,169,F,6,valido,
17051,5725,5725095,4,2024-10-07,123,F,2,valido,
17052,5705,5705090,4,2024-08-09,59,F,1,valido,
17053,5754,5754007,1,2024-05-23,138,F,2,valido,
17054,5747,5747027,3,2024-10-26,18,F,4,valido,
17055,5752,5752060,1,2024-11-16,123,F,6,valido,
17056,5750,5750012,3,2024-04-22,158,F,5,valido,
17057,5725,5725018,3,2024-04-15,134,F,2,valido,
17058,5776,5776039,3,2024-04-23,96,F,6,valido,
17059,5776,5776033,3,2024-06-23,30,F,6,valido,
17060,5752,5752047,2,2024-06-08,88,F,6,valido,
17061,5705,5705056,1,2024-03-27,119,F,1,valido,
17062,5719,5719006,4,2024-11-16,80,F,6,valido,
17063,5763,5763008,3,2024-01-28,65,F,1,valido,
17064,5718,5718009,1,2024-07-26,2,F,3,valido,
17065,5741,5741007,4,2024-03-11,42,F,3,valido,
17066,5705,5705065,4,2024-07-18,188,F,1,valido,
17067,5741,5741014,4,2024-09-27,34,F,3,valido,
17068,5763,5763010,2,2024-05-25,152,F,1,valido,
17069,5727,5727014,1,2024-08-17,104,F,6,valido,
17070,5713,5713027,2,2024-07-25,183,F,4,valido,
17071,5750,5750029,2,2024-12-19,98,F,5,valido,
17072,5705,5705053,1,2024-09-28,114,F,1,valido,
17073,5715,5715028,4,2024-07-19,169,F,2,valido,
17074,5794,5794001,3,2024-01-01,97,F,5,valido,
17075,5768,5768034,3,2024-08-02,69,F,2,valido,
17076,5768,5768009,1,2024-04-25,97,F,2,valido,
17077,5705,5705005,2,2024-04-03,18,F,1,valido,
17078,5718,5718006,4,2024-08-16,49,F,3,valido,
17079,5715,5715078,4,2024-05-05,138,F,2,valido,
17080,5741,5741005,4,2024-12-10,108,F,3,valido,
17081,5705,5705078,4,2024-06-06,92,F,1,valido,
17082,5741,5741028,1,2024-11-02,197,F,3,valido,
17083,5727,5727011,2,2024-10-02,152,F,6,valido,
17084,5705,5705081,3,2024-04-19,44,F,1,valido,
17085,5752,5752013,2,2024-11-21,155,F,6,valido,
17086,5723,5723008,3,2024-01-25,130,F,4,valido,
17087,5770,5770022,4,2024-07-15,159,F,4,valido,
17088,5768,5768084,3,2024-01-03,136,F,2,valido,
17089,5750,5750007,1,2024-06-06,57,F,5,valido,
17090,5725,5725098,3,2024-09-08,88,F,2,valido,
17091,5741,5741001,4,2024-10-08,169,F,3,valido,
17092,5776,5776041,2,2024-04-22,104,F,6,valido,
17093,5791,5791009,2,2024-03-14,3,F,3,valido,
17094,5713,5713038,3,2024-11-01,189,F,4,valido,
17095,5717,5717013,4,2024-05-19,158,F,1,valido,
17096,5741,5741035,3,2024-01-15,194,F,3,valido,
17097,5705,5705097,2,2024-01-02,59,F,1,valido,
17098,5705,5705090,4,2024-12-06,83,F,1,valido,
17099,5747,5747012,4,2024-02-27,112,F,4,valido,
17100,5715,5715104,2,2024-03-03,200,F,2,valido,
17101,5725,5725054,2,2024-12-28,111,F,2,valido,
17102,5752,5752056,3,2024-03-08,44,F,6,valido,
17103,5715,5715043,1,2024-04-19,108,F,2,valido,
17104,5773,5773027,3,2024-12-08,26,F,3,valido,
17105,5705,5705038,3,2024-10-09,101,F,1,valido,
17106,5785,5785004,2,2024-02-13,1,F,5,valido,
17107,5717,5717007,4,2024-06-02,147,F,1,valido,
17108,5705,5705020,4,2024-08-25,46,F,1,valido,
17109,5725,5725079,1,2024-07-20,89,F,2,valido,
17110,5705,5705054,4,2024-11-02,21,F,1,valido,
17111,5715,5715077,1,2024-05-17,196,F,2,valido,
17112,5752,5752055,2,2024-09-01,109,F,6,valido,
17113,5705,5705011,2,2024-12-04,180,F,1,valido,
17114,5725,5725112,1,2024-01-28,128,F,2,valido,
17115,5720,5720006,3,2024-05-19,87,F,4,valido,
17116,5715,5715050,1,2024-01-19,193,F,2,valido,
17117,5723,5723019,1,2024-03-09,164,F,4,valido,
17118,5705,5705122,2,2024-01-17,6,F,1,valido,
17119,5770,5770011,3,2024-04-02,181,F,4,valido,
17120,5781,5781001,1,2024-08-06,119,F,5,valido,
17121,5705,5705055,1,2024-10-23,83,F,1,valido,
17122,5773,5773022,4,2024-08-06,92,F,3,valido,
17123,5705,5705094,3,2024-04-01,128,F,1,valido,
17124,5708,5708018,2,2024-05-27,184,F,4,valido,
17125,5708,5708008,4,2024-12-12,59,F,4,modificado,A: fecha 12-12-2024 -> 2024-12-12. Normalization by format and calendar.
17126,5713,5713014,2,2024-03-02,34,F,4,valido,
17127,5754,5754040,2,2024-03-05,109,F,2,valido,
17128,5705,5705029,1,2024-01-04,28,F,1,valido,
17129,5717,5717011,3,2024-11-13,138,F,1,valido,
17130,5768,5768014,1,2024-07-18,37,F,2,valido,
17131,5773,5773019,3,2024-08-09,83,F,3,valido,
17132,5752,5752040,4,2024-03-24,32,F,6,valido,
17133,5715,5715028,3,2024-09-01,106,F,2,valido,
17134,5723,5723020,1,2024-12-09,3,F,4,valido,
17135,5705,5705085,4,2024-07-11,80,F,1,valido,
17136,5713,5713036,4,2024-07-18,57,F,4,valido,
17137,5741,5741018,2,2024-10-01,120,F,3,valido,
17138,5719,5719022,3,2024-03-26,169,F,6,valido,
17139,5705,5705048,3,2024-09-07,140,F,1,valido,
17140,5725,5725033,2,2024-03-22,61,F,2,valido,
17141,5705,5705106,1,2024-08-17,195,F,1,valido,
17142,5794,5794007,1,2024-03-02,188,F,5,valido,
17143,5705,5705033,4,2024-03-08,12,F,1,valido,
17144,5750,5750005,3,2024-10-12,12,F,5,valido,
17145,5725,5725070,3,2024-08-07,75,F,2,valido,
17146,5715,5715050,1,2024-11-12,26,F,2,valido,
17147,5785,5785002,4,2024-01-09,3,F,5,valido,
17148,5766,5766003,2,2024-05-22,82,F,1,valido,
17149,5723,5723015,2,2024-10-16,121,F,4,valido,
17150,5776,5776001,1,2024-12-12,172,F,6,valido,
17151,5725,5725103,2,2024-10-19,170,F,2,valido,
17152,5708,5708006,1,2024-12-15,171,F,4,valido,
17153,5715,5715095,4,2024-06-01,165,F,2,valido,
17154,5715,5715091,3,2024-09-19,110,F,2,valido,
17155,5741,5741020,4,2024-04-11,64,F,3,valido,
17156,5718,5718008,1,2024-10-14,153,F,3,valido,
17157,5799,5799003,4,2024-11-09,96,F,5,valido,
17158,5750,5750018,4,2024-07-07,82,F,5,valido,
17159,5705,5705029,1,2024-10-24,126,F,1,valido,
17160,5768,5768071,1,2024-04-09,6,F,2,valido,
17161,5752,5752016,3,2024-01-02,57,F,6,valido,
17162,5791,5791010,1,2024-11-21,8,F,3,valido,
17163,5776,5776010,2,2024-11-06,152,F,6,valido,
17164,5768,5768074,4,2024-07-05,80,F,2,valido,
17165,5717,5717005,1,2024-11-28,135,F,1,valido,
17166,5715,5715121,3,2024-11-15,52,F,2,valido,
17167,5705,5705116,4,2024-08-15,62,F,1,valido,
17168,5750,5750011,3,2024-12-21,120,F,5,valido,
17169,5754,5754038,3,2024-06-03,74,F,2,valido,
17170,5720,5720001,4,2024-09-12,17,F,4,valido,
17171,5723,5723009,1,2024-12-09,138,F,4,valido,
17172,5776,5776009,2,2024-09-09,128,F,6,valido,
17173,5719,5719030,2,2024-11-01,2,F,6,valido,
17174,5747,5747023,1,2024-01-10,138,F,4,valido,
17175,5773,5773027,1,2024-11-08,196,F,3,valido,
17176,5713,5713046,4,2024-11-17,125,F,4,valido,
17177,5773,5773032,1,2024-02-11,197,F,3,valido,
17178,5705,5705114,1,2024-12-04,199,F,1,valido,
17179,5725,5725073,2,2024-01-01,41,F,2,valido,
17180,5705,5705078,4,2024-06-24,80,F,1,valido,
17181,5791,5791011,2,2024-12-24,98,F,3,valido,
17182,5786,5786011,3,2024-07-06,20,F,3,valido,
17183,5741,5741013,2,2024-07-11,39,F,3,valido,
17184,5786,5786011,1,2024-09-24,125,F,3,valido,
17185,5770,5770001,3,2024-09-02,20,F,4,valido,
17186,5720,5720024,2,2024-04-15,37,F,4,valido,
17187,5725,5725057,2,2024-05-22,117,F,2,valido,
17188,5741,5741017,3,2024-10-02,74,F,3,valido,
17189,5725,5725031,3,2024-08-27,159,F,2,valido,
17190,5715,5715101,2,2024-03-14,159,F,2,valido,
17191,5741,5741033,1,2024-02-07,24,F,3,valido,
17192,5747,5747030,4,2024-01-19,84,F,4,valido,
17193,5770,5770019,2,2024-02-02,38,F,4,valido,
17194,5768,5768019,1,2024-12-28,43,F,2,valido,
17195,5723,5723006,4,2024-02-14,48,F,4,valido,
17196,5713,5713042,1,2024-08-05,92,F,4,valido,
17197,5727,5727029,4,2024-10-19,63,F,6,valido,
17198,5752,5752050,1,2024-07-18,142,F,6,valido,
17199,5776,5776036,3,2024-04-06,191,F,6,valido,
17200,5715,5715058,3,2024-10-04,3,F,2,valido,
17201,5747,5747008,4,2024-04-09,90,F,4,valido,
17202,5705,5705080,2,2024-04-02,122,F,1,valido,
17203,5705,5705119,2,2024-07-18,140,F,1,valido,
17204,5750,5750022,4,2024-04-11,8,F,5,valido,
17205,5727,5727028,3,2024-03-19,16,F,6,valido,
17206,5715,5715003,4,2024-06-20,146,F,2,valido,
17207,5725,5725047,1,2024-10-16,70,F,2,valido,
17208,5705,5705110,1,2024-08-28,165,F,1,valido,
17209,5717,5717005,2,2024-09-09,200,F,1,valido,
17210,5747,5747009,4,2024-04-14,43,F,4,valido,
17211,5752,5752050,3,2024-03-08,172,F,6,valido,
17212,5768,5768075,4,2024-04-09,5,F,2,valido,
17213,5752,5752027,1,2024-04-06,34,F,6,valido,
17214,5725,5725026,3,2024-11-19,14,F,2,valido,
17215,5715,5715082,1,2024-07-23,59,F,2,valido,
17216,5785,5785003,3,2024-09-19,101,F,5,valido,
17217,5754,5754018,1,2024-08-22,137,F,2,valido,
17218,5713,5713009,1,2024-07-21,48,F,4,valido,
17219,5715,5715067,1,2024-08-21,24,F,2,valido,
17220,5713,5713022,3,2024-12-19,181,F,4,valido,
17221,5727,5727006,1,2024-08-05,180,F,6,valido,
17222,5770,5770006,1,2024-04-16,19,F,4,valido,
17223,5715,5715033,3,2024-07-02,66,F,2,valido,
17224,5773,5773015,4,2024-08-04,84,F,3,valido,
17225,5766,5766009,1,2024-09-02,79,F,1,valido,
17226,5727,5727021,1,2024-05-19,53,F,6,valido,
17227,5741,5741037,1,2024-10-11,16,F,3,valido,
17228,5717,5717020,1,2024-07-04,194,F,1,valido,
17229,5720,5720021,2,2024-11-23,18,F,4,valido,
17230,5768,5768043,1,2024-10-24,118,F,2,valido,
17231,5713,5713028,2,2024-05-14,81,F,4,valido,
17232,5768,5768010,1,2024-09-20,60,F,2,valido,
17233,5727,5727025,4,2024-07-23,91,F,6,valido,
17234,5766,5766013,2,2024-11-28,181,F,1,valido,
17235,5718,5718015,2,2024-11-28,132,F,3,valido,
17236,5715,5715048,2,2024-04-24,61,F,2,valido,
17237,5754,5754039,3,2024-06-14,165,F,2,valido,
17238,5794,5794008,1,2024-12-22,54,F,5,valido,
17239,5715,5715042,3,2024-02-19,86,F,2,valido,
17240,5725,5725031,1,2024-08-02,19,F,2,valido,
17241,5752,5752003,1,2024-02-09,96,F,6,valido,
17242,5725,5725010,4,2024-04-06,95,F,2,valido,
17243,5715,5715079,4,2024-06-04,17,F,2,valido,
17244,5715,5715070,2,2024-12-04,144,F,2,valido,
17245,5786,5786010,1,2024-02-04,129,F,3,valido,
17246,5723,5723005,3,2024-06-18,118,F,4,valido,
17247,5752,5752047,3,2024-03-02,53,F,6,valido,
17248,5776,5776028,1,2024-09-15,35,F,6,valido,
17249,5768,5768002,2,2024-10-27,115,F,2,valido,
17250,5715,5715031,1,2024-11-04,19,F,2,valido,
17251,5785,5785003,3,2024-11-01,78,F,5,valido,
17252,5720,5720020,2,2024-10-20,173,F,4,valido,
17253,5715,5715008,3,2024-11-27,57,F,2,valido,
17254,5785,5785003,3,2024-12-01,63,F,5,valido,
17255,5754,5754023,2,2024-01-02,10,F,2,valido,
17256,5744,5744011,1,2024-03-21,115,F,4,valido,
17257,5720,5720009,4,2024-08-10,17,F,4,valido,
17258,5763,5763012,1,2024-08-22,170,F,1,valido,
17259,5719,5719004,2,2024-10-13,3,F,6,valido,
17260,5725,5725102,2,2024-08-17,187,F,2,valido,
17261,5719,5719010,2,2024-05-22,104,F,6,valido,
17262,5715,5715102,1,2024-08-21,171,F,2,valido,
17263,5713,5713011,1,2024-05-05,31,F,4,valido,
17264,5773,5773030,1,2024-09-13,116,F,3,valido,
17265,5715,5715063,4,2024-04-12,64,F,2,valido,
17266,5713,5713014,2,2024-01-15,150,F,4,valido,
17267,5713,5713006,4,2024-03-26,13,F,4,valido,
17268,5715,5715109,2,2024-11-26,18,F,2,valido,
17269,5752,5752029,3,2024-09-05,146,F,6,valido,
17270,5770,5770002,3,2024-03-02,85,F,4,valido,
17271,5715,5715106,4,2024-09-25,30,F,2,valido,
17272,5794,5794005,2,2024-11-02,44,F,5,valido,
17273,5720,5720003,2,2024-11-26,199,F,4,valido,
17274,5727,5727008,1,2024-10-09,178,F,6,valido,
17275,5725,5725051,1,2024-05-25,79,F,2,valido,
17276,5750,5750021,4,2024-11-05,85,F,5,valido,
17277,5763,5763011,3,2024-12-12,47,F,1,valido,
17278,5718,5718009,4,2024-09-23,17,F,3,valido,
17279,5717,5717003,4,2024-08-22,187,F,1,valido,
17280,5720,5720012,4,2024-03-17,20,F,4,valido,
17281,5794,5794007,1,2024-03-01,17,F,5,valido,
17282,5776,5776033,3,2024-11-20,160,F,6,valido,
17283,5705,5705015,1,2024-08-18,155,F,1,valido,
17284,5773,5773042,2,2024-10-28,42,F,3,valido,
17285,5725,5725041,1,2024-05-28,7,F,2,valido,
17286,5768,5768007,4,2024-02-08,155,F,2,valido,
17287,5715,5715116,4,2024-04-20,11,F,2,valido,
17288,5705,5705027,2,2024-08-12,31,F,1,valido,
17289,5725,5725103,3,2024-01-22,102,F,2,valido,
17290,5705,5705028,3,2024-05-22,144,F,1,valido,
17291,5754,5754022,1,2024-09-13,88,F,2,valido,
17292,5720,5720019,4,2024-11-20,180,F,4,valido,
17293,5715,5715019,2,2024-05-05,56,F,2,valido,
17294,5705,5705094,1,2024-08-18,15,F,1,valido,
17295,5776,5776005,2,2024-09-11,138,F,6,valido,
17296,5705,5705071,3,2024-11-15,53,F,1,valido,
17297,5773,5773009,2,2024-08-07,78,F,3,valido,
17298,5776,5776035,2,2024-05-17,93,F,6,valido,
17299,5752,5752062,2,2024-12-15,145,F,6,valido,
17300,5725,5725004,4,2024-10-20,167,F,2,valido,
17301,5725,5725081,1,2024-11-19,88,F,2,valido,
17302,5744,5744006,4,2024-01-10,139,F,4,valido,
17303,5773,5773013,4,2024-11-25,117,F,3,valido,
17304,5727,5727010,2,2024-10-01,66,F,6,valido,
17305,5715,5715093,4,2024-10-09,123,F,2,valido,
17306,5719,5719030,1,2024-09-19,147,F,6,valido,
17307,5744,5744001,4,2024-01-26,88,F,4,valido,
17308,5754,5754025,3,2024-05-21,136,F,2,valido,
17309,5705,5705009,3,2024-05-15,94,F,1,valido,
17310,5768,5768030,4,2024-07-04,23,F,2,valido,
17311,5773,5773010,4,2024-08-26,188,F,3,valido,
17312,5720,5720006,2,2024-02-02,26,F,4,valido,
17313,5723,5723022,1,2024-02-08,89,F,4,valido,
17314,5713,5713039,1,2024-11-24,140,F,4,valido,
17315,5715,5715086,4,2024-05-14,7,F,2,valido,
17316,5705,5705092,3,2024-10-21,8,F,1,valido,
17317,5718,5718012,4,2024-01-08,171,F,3,valido,
17318,5747,5747029,2,2024-03-24,162,F,4,valido,
17319,5713,5713031,2,2024-10-10,50,F,4,valido,
17320,5776,5776033,1,2024-04-02,134,F,6,valido,
17321,5713,5713035,4,2024-11-05,67,F,4,valido,
17322,5754,5754005,1,2024-05-10,141,F,2,valido,
17323,5768,5768013,2,2024-12-12,27,F,2,valido,
17324,5715,5715023,1,2024-04-15,162,F,2,valido,
17325,5744,5744008,1,2024-04-25,191,F,4,valido,
17326,5785,5785019,2,2024-10-23,138,F,5,valido,
17327,5723,5723027,1,2024-02-02,90,F,4,valido,
17328,5705,5705115,1,2024-03-03,150,F,1,valido,
17329,5752,5752023,1,2024-02-22,117,F,6,valido,
17330,5705,5705091,4,2024-04-13,11,F,1,valido,
17331,5797,5797005,2,2024-03-21,132,F,3,valido,
17332,5750,5750002,1,2024-03-06,99,F,5,valido,
17333,5725,5725080,2,2024-02-24,96,F,2,valido,
17334,5768,5768011,2,2024-05-28,172,F,2,valido,
17335,5705,5705061,3,2024-05-23,70,F,1,valido,
17336,5705,5705047,1,2024-07-21,174,F,1,valido,
17337,5705,5705060,2,2024-10-27,2,F,1,valido,
17338,5715,5715088,4,2024-10-15,137,F,2,valido,
17339,5705,5705117,4,2024-10-25,162,F,1,valido,
17340,5705,5705063,1,2024-06-04,154,F,1,valido,
17341,5705,5705108,4,2024-03-17,132,F,1,modificado,"E: id_producto 0 -> 4. Case rule: only NARANJITA is sold in Támesis, Antioquia."
17342,5763,5763002,4,2024-03-23,65,F,1,valido,
17343,5715,5715062,3,2024-04-27,184,F,2,valido,
17344,5725,5725020,4,2024-08-23,140,F,2,valido,
17345,5773,5773036,4,2024-12-06,24,F,3,valido,
17346,5705,5705053,2,2024-05-05,91,F,1,valido,
17347,5725,5725114,3,2024-11-26,19,F,2,valido,
17348,5727,5727025,2,2024-06-19,196,F,6,valido,
17349,5754,5754008,2,2024-09-04,120,F,2,valido,
17350,5770,5770014,1,2024-05-18,178,F,4,valido,
17351,5768,5768051,2,2024-05-15,189,F,2,valido,
17352,5768,5768076,4,2024-08-24,23,F,2,valido,
17353,5786,5786007,1,2024-07-13,32,F,3,valido,
17354,5766,5766002,4,2024-06-21,114,F,1,valido,
17355,5715,5715059,2,2024-09-01,168,F,2,valido,
17356,5713,5713012,1,2024-07-16,79,F,4,valido,
17357,5720,5720005,4,2024-12-01,191,F,4,valido,
17358,5715,5715051,1,2024-03-09,144,F,2,valido,
17359,5776,5776025,1,2024-08-16,172,F,6,valido,
17360,5776,5776012,2,2024-04-11,158,F,6,valido,
17361,5768,5768063,4,2024-07-01,25,F,2,valido,
17362,5754,5754016,2,2024-03-19,61,F,2,valido,
17363,5715,5715106,4,2024-08-11,125,F,2,valido,
17364,5715,5715059,4,2024-09-05,136,F,2,valido,
17365,5719,5719010,3,2024-10-04,176,F,6,valido,
17366,5723,5723030,1,2024-11-26,94,F,4,valido,
17367,5723,5723029,1,2024-11-09,163,F,4,valido,
17368,5773,5773006,3,2024-10-10,128,F,3,valido,
17369,5766,5766005,4,2024-04-03,84,F,1,valido,
17370,5719,5719031,3,2024-09-15,177,F,6,valido,
17371,5752,5752011,2,2024-03-04,131,F,6,valido,
17372,5713,5713009,2,2024-12-23,145,F,4,valido,
17373,5720,5720010,2,2024-10-08,37,F,4,valido,
17374,5705,5705001,1,2024-02-06,150,F,1,valido,
17375,5770,5770016,4,2024-01-21,157,F,4,valido,
17376,5752,5752057,1,2024-09-07,38,F,6,valido,
17377,5715,5715002,3,2024-01-09,125,F,2,valido,
17378,5727,5727029,3,2024-04-25,191,F,6,valido,
17379,5768,5768037,4,2024-10-20,195,F,2,valido,
17380,5744,5744008,2,2024-08-22,54,F,4,valido,
17381,5750,5750025,4,2024-12-12,90,F,5,valido,
17382,5741,5741005,3,2024-02-17,57,F,3,valido,
17383,5725,5725081,3,2024-10-09,74,F,2,valido,
17384,5776,5776037,1,2024-12-04,137,F,6,valido,
17385,5750,5750026,4,2024-09-13,99,F,5,valido,
17386,5713,5713011,2,2024-06-18,56,F,4,valido,
17387,5752,5752056,3,2024-09-11,120,F,6,valido,
17388,5768,5768057,1,2024-04-20,103,F,2,valido,
17389,5747,5747013,3,2024-11-24,170,F,4,valido,
17390,5752,5752062,3,2024-09-15,106,F,6,valido,
17391,5719,5719041,1,2024-04-04,91,F,6,valido,
17392,5773,5773028,1,2024-05-01,107,F,3,valido,
17393,5713,5713038,4,2024-11-28,108,F,4,valido,
17394,5776,5776006,1,2024-09-28,90,F,6,valido,
17395,5705,5705006,4,2024-10-09,77,F,1,valido,
17396,5754,5754038,2,2024-07-25,130,F,2,valido,
17397,5725,5725081,4,2024-04-15,71,F,2,valido,
17398,5754,5754015,4,2024-05-13,173,F,2,valido,
17399,5715,5715103,2,2024-05-05,20,F,2,valido,
17400,5725,5725039,1,2024-10-14,39,F,2,valido,
17401,5715,5715017,2,2024-05-18,111,F,2,valido,
17402,5752,5752026,3,2024-07-09,99,F,6,valido,
17403,5723,5723006,3,2024-03-10,28,F,4,valido,
17404,5723,5723026,1,2024-04-20,12,F,4,valido,
17405,5725,5725031,4,2024-01-11,166,F,2,valido,
17406,5705,5705066,4,2024-11-27,41,F,1,valido,
17407,5725,5725009,3,2024-05-21,133,F,2,valido,
17408,5725,5725030,3,2024-04-01,62,F,2,valido,
17409,5768,5768040,1,2024-05-14,177,F,2,valido,
17410,5725,5725065,4,2024-03-18,95,F,2,valido,
17411,5770,5770012,2,2024-04-19,25,F,4,valido,
17412,5747,5747028,2,2024-10-22,49,F,4,valido,
17413,5713,5713033,3,2024-09-11,107,F,4,valido,
17414,5763,5763002,1,2024-08-10,97,F,1,valido,
17415,5768,5768033,4,2024-09-25,186,F,2,valido,
17416,5715,5715069,4,2024-06-12,161,F,2,valido,
17417,5747,5747002,4,2024-11-13,95,F,4,valido,
17418,5776,5776038,1,2024-09-18,23,F,6,valido,
17419,5741,5741003,1,2024-04-21,65,F,3,valido,
17420,5719,5719007,3,2024-08-08,197,F,6,valido,
17421,5727,5727016,3,2024-06-07,110,F,6,valido,
17422,5715,5715041,2,2024-04-05,116,F,2,valido,
17423,5705,5705004,1,2024-12-06,68,F,1,valido,
17424,5718,5718013,4,2024-01-05,97,F,3,valido,
17425,5715,5715099,2,2024-05-21,40,F,2,valido,
17426,5723,5723018,2,2024-08-02,124,F,4,valido,
17427,5752,5752007,2,2024-03-13,157,F,6,valido,
17428,5705,5705074,2,2024-03-02,121,F,1,valido,
17429,5715,5715083,3,2024-08-25,134,F,2,valido,
17430,5747,5747018,3,2024-05-07,85,F,4,valido,
17431,5705,5705071,1,2024-11-19,120,F,1,valido,
17432,5715,5715116,3,2024-01-15,197,F,2,valido,
17433,5786,5786012,1,2024-06-21,107,F,3,valido,
17434,5781,5781004,3,2024-05-20,125,F,5,valido,
17435,5723,5723028,4,2024-07-02,52,F,4,valido,
17436,5770,5770022,4,2024-09-27,20,F,4,valido,
17437,5768,5768072,3,2024-03-11,16,F,2,valido,
17438,5705,5705042,4,2024-11-21,135,F,1,valido,
17439,5750,5750016,3,2024-04-24,11,F,5,valido,
17440,5725,5725050,3,2024-07-09,83,F,2,valido,
17441,5720,5720024,2,2024-10-01,188,F,4,valido,
17442,5715,5715035,1,2024-07-16,200,F,2,valido,
17443,5766,5766014,4,2024-04-20,96,F,1,valido,
17444,5723,5723021,1,2024-03-14,137,F,4,valido,
17445,5708,5708015,1,2024-06-14,61,F,4,valido,
17446,5768,5768023,4,2024-09-28,199,F,2,valido,
17447,5725,5725027,2,2024-05-19,86,F,2,valido,
17448,5715,5715030,4,2024-11-20,55,F,2,valido,
17449,5773,5773042,1,2024-06-02,60,F,3,valido,
17450,5708,5708018,4,2024-12-11,125,F,4,valido,
17451,5752,5752058,4,2024-08-25,124,F,6,valido,
17452,5770,5770016,2,2024-12-15,70,F,4,valido,
17453,5725,5725063,4,2024-01-12,43,F,2,valido,
17454,5727,5727015,3,2024-07-22,94,F,6,valido,
17455,5754,5754005,3,2024-04-04,60,F,2,valido,
17456,5752,5752055,1,2024-07-09,199,F,6,valido,
17457,5705,5705039,4,2024-03-27,175,F,1,valido,
17458,5727,5727026,4,2024-12-21,162,F,6,valido,
17459,5741,5741029,1,2024-01-10,35,F,3,valido,
17460,5718,5718006,3,2024-01-26,153,F,3,valido,
17461,5725,5725021,2,2024-05-27,159,F,2,valido,
17462,5725,5725034,4,2024-12-13,119,F,2,valido,
17463,5763,5763005,2,2024-01-04,156,F,1,valido,
17464,5715,5715122,1,2024-08-06,32,F,2,valido,
17465,5705,5705003,3,2024-09-06,175,F,1,valido,
17466,5713,5713038,3,2024-07-03,109,F,4,valido,
17467,5717,5717021,2,2024-08-23,19,F,1,valido,
17468,5705,5705006,3,2024-08-28,171,F,1,valido,
17469,5723,5723004,2,2024-04-22,85,F,4,valido,
17470,5717,5717015,2,2024-02-14,25,F,1,valido,
17471,5776,5776015,4,2024-08-15,154,F,6,valido,
17472,5719,5719026,1,2024-09-02,92,F,6,valido,
17473,5723,5723022,2,2024-10-14,124,F,4,valido,
17474,5719,5719015,2,2024-05-16,172,F,6,valido,
17475,5715,5715025,2,2024-12-21,168,F,2,valido,
17476,5705,5705092,3,2024-12-17,99,F,1,valido,
17477,5715,5715060,2,2024-03-26,32,F,2,valido,
17478,5715,5715035,2,2024-07-12,161,F,2,valido,
17479,5768,5768057,1,2024-06-14,159,F,2,valido,
17480,5763,5763007,4,2024-03-15,164,F,1,valido,
17481,5715,5715086,3,2024-10-18,124,F,2,valido,
17482,5747,5747012,2,2024-02-22,128,F,4,valido,
17483,5725,5725102,1,2024-08-02,117,F,2,valido,
17484,5705,5705051,4,2024-04-09,109,F,1,valido,
17485,5747,5747012,2,2024-11-24,11,F,4,valido,
17486,5715,5715073,3,2024-10-04,178,F,2,valido,
17487,5713,5713036,4,2024-11-18,53,F,4,valido,
17488,5705,5705046,4,2024-01-17,90,F,1,valido,
17489,5717,5717002,3,2024-08-19,93,F,1,valido,
17490,5766,5766007,2,2024-02-26,149,F,1,valido,
17491,5725,5725069,4,2024-02-23,141,F,2,valido,
17492,5705,5705107,4,2024-10-07,189,F,1,valido,
17493,5727,5727027,4,2024-05-02,131,F,6,valido,
17494,5719,5719016,1,2024-11-14,16,F,6,valido,
17495,5715,5715078,1,2024-04-05,29,F,2,valido,
17496,5715,5715055,1,2024-05-05,105,F,2,valido,
17497,5752,5752028,4,2024-09-18,16,F,6,valido,
17498,5718,5718001,3,2024-03-02,180,F,3,valido,
17499,5776,5776026,1,2024-09-20,110,F,6,valido,
17500,5719,5719025,3,2024-11-26,131,F,6,valido,
17501,5768,5768082,3,2024-12-20,128,F,2,valido,
17502,5713,5713033,2,2024-10-19,147,F,4,valido,
17503,5705,5705012,1,2024-05-15,173,F,1,valido,
17504,5768,5768037,2,2024-03-17,46,F,2,valido,
17505,5752,5752050,2,2024-10-10,12,F,6,valido,
17506,5773,5773043,2,2024-04-09,149,F,3,valido,
17507,5770,5770001,1,2024-02-25,153,F,4,valido,
17508,5719,5719011,3,2024-05-07,72,F,6,valido,
17509,5766,5766003,1,2024-05-17,135,F,1,valido,
17510,5705,5705104,1,2024-06-19,139,F,1,valido,
17511,5719,5719022,3,2024-08-02,67,F,6,valido,
17512,5768,5768053,2,2024-07-07,133,F,2,valido,
17513,5770,5770021,1,2024-02-25,153,F,4,valido,
17514,5725,5725072,2,2024-12-15,25,F,2,valido,
17515,5750,5750008,2,2024-12-18,171,F,5,valido,
17516,5770,5770012,1,2024-07-06,127,F,4,valido,
17517,5719,5719033,1,2024-10-01,18,F,6,valido,
17518,5727,5727014,4,2024-01-07,31,F,6,valido,
17519,5713,5713015,1,2024-11-02,107,F,4,valido,
17520,5786,5786007,3,2024-04-11,170,F,3,valido,
17521,5715,5715107,1,2024-11-11,106,F,2,valido,
17522,5763,5763006,2,2024-02-08,81,F,1,valido,
17523,5715,5715085,4,2024-04-02,58,F,2,valido,
17524,5715,5715014,1,2024-11-10,64,F,2,valido,
17525,5768,5768055,4,2024-05-26,111,F,2,valido,
17526,5725,5725070,1,2024-12-15,46,F,2,valido,
17527,5727,5727007,3,2024-09-14,134,F,6,valido,
17528,5719,5719035,3,2024-11-02,79,F,6,modificado,B: cantidad 0 -> 79. Municipal average 79.200000 from 5 positive quantities; rounded to unit.
17529,5727,5727023,1,2024-02-08,149,F,6,valido,
17530,5719,5719033,3,2024-06-27,151,F,6,valido,
17531,5717,5717007,3,2024-09-14,194,F,1,valido,
17532,5752,5752054,3,2024-02-27,147,F,6,valido,
17533,5741,5741023,3,2024-03-22,159,F,3,valido,
17534,5719,5719007,4,2024-04-24,121,F,6,valido,
17535,5768,5768035,4,2024-10-05,143,F,2,valido,
17536,5725,5725090,2,2024-09-13,161,F,2,valido,
17537,5708,5708003,1,2024-12-12,47,F,4,valido,
17538,5744,5744006,3,2024-03-07,72,F,4,valido,
17539,5725,5725020,1,2024-07-11,159,F,2,valido,
17540,5705,5705098,4,2024-07-20,26,F,1,valido,
17541,5713,5713037,3,2024-09-14,169,F,4,valido,
17542,5770,5770003,2,2024-05-28,87,F,4,valido,
17543,5744,5744007,4,2024-03-28,102,F,4,valido,
17544,5725,5725005,4,2024-05-19,186,F,2,valido,
17545,5719,5719033,4,2024-11-22,65,F,6,valido,
17546,5705,5705044,2,2024-07-08,89,F,1,valido,
17547,5770,5770018,4,2024-11-23,141,F,4,valido,
17548,5776,5776010,3,2024-09-15,193,F,6,valido,
17549,5713,5713044,1,2024-12-07,181,F,4,valido,
17550,5705,5705057,2,2024-01-02,169,F,1,valido,
17551,5705,5705013,1,2024-11-01,83,F,1,valido,
17552,5752,5752053,2,2024-01-24,61,F,6,valido,
17553,5717,5717018,3,2024-02-09,92,F,1,valido,
17554,5773,5773019,2,2024-07-15,169,F,3,valido,
17555,5776,5776005,2,2024-09-23,123,F,6,valido,
17556,5713,5713002,4,2024-06-15,195,F,4,valido,
17557,5705,5705014,4,2024-11-20,128,F,1,valido,
17558,5725,5725006,2,2024-06-10,172,F,2,valido,
17559,5795,5795004,2,2024-06-22,79,F,5,valido,
17560,5785,5785001,3,2024-10-20,185,F,5,valido,
17561,5705,5705024,4,2024-05-08,191,F,1,valido,
17562,5725,5725109,4,2024-08-02,158,F,2,valido,
17563,5747,5747027,2,2024-08-13,171,F,4,valido,
17564,5708,5708008,2,2024-02-26,33,F,4,valido,
17565,5770,5770001,1,2024-01-12,138,F,4,valido,
17566,5785,5785011,2,2024-10-26,150,F,5,valido,
17567,5720,5720006,3,2024-08-24,85,F,4,valido,
17568,5705,5705019,4,2024-12-25,192,F,1,valido,
17569,5776,5776004,4,2024-09-27,30,F,6,valido,
17570,5723,5723021,3,2024-11-18,60,F,4,valido,
17571,5715,5715045,2,2024-07-09,197,F,2,valido,
17572,5715,5715017,3,2024-05-02,114,F,2,valido,
17573,5776,5776026,2,2024-04-24,56,F,6,valido,
17574,5776,5776009,4,2024-05-02,74,F,6,valido,
17575,5715,5715015,2,2024-02-02,165,F,2,valido,
17576,5719,5719040,3,2024-10-02,29,F,6,valido,
17577,5705,5705023,3,2024-07-23,173,F,1,valido,
17578,5741,5741015,1,2024-01-12,6,F,3,valido,
17579,5727,5727030,4,2024-08-27,135,F,6,valido,
17580,5723,5723030,3,2024-06-05,16,F,4,valido,
17581,5705,5705005,1,2024-09-06,108,F,1,valido,
17582,5723,5723029,4,2024-02-13,55,F,4,valido,
17583,5723,5723029,3,2024-05-13,127,F,4,valido,
17584,5785,5785010,4,2024-07-12,14,F,5,valido,
17585,5727,5727017,2,2024-10-24,120,F,6,valido,
17586,5708,5708005,3,2024-10-05,120,F,4,valido,
17587,5727,5727016,3,2024-11-16,56,F,6,valido,
17588,5713,5713031,4,2024-08-28,55,F,4,valido,
17589,5705,5705103,1,2024-10-20,42,F,1,valido,
17590,5744,5744012,4,2024-06-28,66,F,4,valido,
17591,5725,5725066,4,2024-11-10,54,F,2,valido,
17592,5786,5786009,2,2024-11-13,117,F,3,valido,
17593,5795,5795001,2,2024-01-10,51,F,5,valido,
17594,5715,5715082,3,2024-05-19,45,F,2,valido,
17595,5747,5747012,3,2024-09-27,33,F,4,valido,
17596,5754,5754014,2,2024-06-08,199,F,2,valido,
17597,5768,5768009,2,2024-09-09,122,F,2,valido,
17598,5705,5705048,2,2024-12-10,110,F,1,valido,
17599,5717,5717021,4,2024-11-21,86,F,1,valido,
17600,5725,5725101,1,2024-02-26,162,F,2,valido,
17601,5770,5770012,4,2024-05-20,114,F,4,valido,
17602,5776,5776027,1,2024-07-01,61,F,6,valido,
17603,5725,5725030,2,2024-02-03,13,F,2,valido,
17604,5725,5725100,3,2024-02-01,82,F,2,valido,
17605,5715,5715119,1,2024-12-13,23,F,2,valido,
17606,5705,5705035,4,2024-07-28,20,F,1,valido,
17607,5786,5786013,2,2024-07-18,66,F,3,valido,
17608,5720,5720025,2,2024-06-24,19,F,4,valido,
17609,5705,5705048,4,2024-08-23,127,F,1,valido,
17610,5719,5719028,1,2024-08-24,112,F,6,valido,
17611,5776,5776036,4,2024-08-08,46,F,6,valido,
17612,5741,5741009,2,2024-09-20,19,F,3,valido,
17613,5713,5713041,3,2024-10-27,52,F,4,valido,
17614,5719,5719038,4,2024-02-21,155,F,6,valido,
17615,5713,5713033,1,2024-01-27,44,F,4,valido,
17616,5705,5705010,3,2024-11-14,98,F,1,valido,
17617,5752,5752020,4,2024-12-28,61,F,6,valido,
17618,5799,5799002,2,2024-07-05,90,F,5,valido,
17619,5713,5713044,4,2024-11-19,119,F,4,valido,
17620,5725,5725088,1,2024-04-06,29,F,2,valido,
17621,5785,5785011,3,2024-12-03,95,F,5,valido,
17622,5717,5717016,4,2024-06-16,99,F,1,valido,
17623,5773,5773003,4,2024-11-14,60,F,3,valido,
17624,5719,5719026,2,2024-09-05,17,F,6,valido,
17625,5747,5747023,1,2024-05-26,130,F,4,valido,
17626,5773,5773003,2,2024-04-10,95,F,3,valido,
17627,5785,5785006,4,2024-03-09,24,F,5,valido,
17628,5715,5715002,4,2024-03-10,70,F,2,valido,
17629,5705,5705120,3,2024-09-05,32,F,1,valido,
17630,5791,5791004,3,2024-03-07,82,F,3,valido,
17631,5715,5715075,3,2024-05-24,97,F,2,valido,
17632,5725,5725017,3,2024-06-17,109,F,2,valido,
17633,5723,5723020,2,2024-07-17,160,F,4,valido,
17634,5754,5754001,3,2024-11-13,72,F,2,valido,
17635,5719,5719030,4,2024-02-14,59,F,6,valido,
17636,5725,5725022,2,2024-03-11,77,F,2,valido,
17637,5705,5705069,2,2024-12-17,23,F,1,valido,
17638,5725,5725076,3,2024-12-15,54,F,2,valido,
17639,5705,5705050,1,2024-10-22,156,F,1,valido,
17640,5708,5708021,2,2024-10-12,149,F,4,valido,
17641,5770,5770003,3,2024-09-28,74,F,4,valido,
17642,5754,5754038,3,2024-10-16,180,F,2,valido,
17643,5741,5741026,3,2024-09-15,68,F,3,valido,
17644,5752,5752052,2,2024-11-04,143,F,6,valido,
17645,5720,5720008,3,2024-12-27,27,F,4,valido,
17646,5705,5705050,1,2024-05-14,49,F,1,valido,
17647,5768,5768080,2,2024-07-03,38,F,2,valido,
17648,5705,5705008,1,2024-03-08,12,F,1,valido,
17649,5727,5727031,4,2024-12-27,53,F,6,valido,
17650,5715,5715040,1,2024-07-06,188,F,2,valido,
17651,5773,5773026,4,2024-10-07,108,F,3,valido,
17652,5768,5768068,2,2024-04-22,68,F,2,valido,
17653,5752,5752031,1,2024-05-23,62,F,6,valido,
17654,5719,5719001,4,2024-03-03,164,F,6,valido,
17655,5768,5768012,3,2024-12-19,199,F,2,valido,
17656,5754,5754028,1,2024-04-16,8,F,2,valido,
17657,5770,5770003,2,2024-10-21,133,F,4,valido,
17658,5717,5717024,1,2024-01-25,48,F,1,valido,
17659,5768,5768062,4,2024-03-16,52,F,2,valido,
17660,5713,5713009,4,2024-02-09,34,F,4,valido,
17661,5708,5708002,2,2024-06-23,76,F,4,valido,
17662,5725,5725080,3,2024-09-20,47,F,2,valido,
17663,5723,5723003,4,2024-06-08,157,F,4,valido,
17664,5741,5741021,1,2024-01-25,30,F,3,valido,
17665,5754,5754035,3,2024-02-19,149,F,2,valido,
17666,5725,5725055,2,2024-03-16,78,F,2,valido,
17667,5727,5727026,4,2024-04-18,40,F,6,valido,
17668,5705,5705080,1,2024-05-02,51,F,1,valido,
17669,5776,5776028,1,2024-02-23,159,F,6,valido,
17670,5711,5711001,2,2024-12-15,27,F,2,valido,
17671,5723,5723004,1,2024-11-24,12,F,4,valido,
17672,5720,5720009,4,2024-12-18,85,F,4,valido,
17673,5715,5715047,4,2024-11-09,2,F,2,valido,
17674,5776,5776001,3,2024-11-09,39,F,6,valido,
17675,5713,5713005,2,2024-02-18,99,F,4,valido,
17676,5705,5705125,1,2024-03-10,58,F,1,valido,
17677,5754,5754025,2,2024-01-22,170,F,2,valido,
17678,5768,5768027,2,2024-09-02,28,F,2,valido,
17679,5705,5705008,3,2024-12-28,14,F,1,valido,
17680,5770,5770014,3,2024-07-23,90,F,4,valido,
17681,5785,5785019,1,2024-04-20,155,F,5,valido,
17682,5754,5754036,4,2024-12-25,199,F,2,valido,
17683,5719,5719014,2,2024-09-23,198,F,6,valido,
17684,5752,5752040,4,2024-06-17,149,F,6,valido,
17685,5715,5715041,1,2024-09-21,50,F,2,valido,
17686,5776,5776033,2,2024-05-20,102,F,6,valido,
17687,5725,5725012,3,2024-01-13,131,F,2,valido,
17688,5705,5705091,3,2024-09-01,120,F,1,valido,
17689,5715,5715036,1,2024-09-15,18,F,2,valido,
17690,5727,5727017,4,2024-02-19,68,F,6,valido,
17691,5715,5715083,1,2024-08-22,185,F,2,valido,
17692,5705,5705107,2,2024-09-24,156,F,1,valido,
17693,5705,5705055,1,2024-01-08,95,F,1,valido,
17694,5750,5750005,1,2024-09-13,158,F,5,valido,
17695,5705,5705067,1,2024-12-24,154,F,1,valido,
17696,5705,5705122,1,2024-12-15,140,F,1,valido,
17697,5741,5741007,1,2024-10-04,47,F,3,valido,
17698,5776,5776020,2,2024-02-22,27,F,6,valido,
17699,5768,5768073,4,2024-07-05,146,F,2,valido,
17700,5770,5770007,3,2024-09-27,87,F,4,valido,
17701,5720,5720006,2,2024-04-25,88,F,4,valido,
17702,5768,5768049,2,2024-12-16,143,F,2,valido,
17703,5713,5713006,4,2024-11-03,166,F,4,valido,
17704,5715,5715080,3,2024-12-01,145,F,2,valido,
17705,5741,5741021,2,2024-10-02,91,F,3,valido,
17706,5713,5713041,2,2024-02-19,155,F,4,valido,
17707,5719,5719017,2,2024-10-25,34,F,6,valido,
17708,5752,5752058,2,2024-10-26,43,F,6,valido,
17709,5747,5747026,4,2024-10-01,41,F,4,valido,
17710,5713,5713029,1,2024-08-25,7,F,4,valido,
17711,5776,5776014,2,2024-03-11,183,F,6,valido,
17712,5786,5786004,4,2024-02-22,85,F,3,valido,
17713,5741,5741023,4,2024-12-08,123,F,3,valido,
17714,5718,5718013,3,2024-07-23,101,F,3,valido,
17715,5725,5725003,3,2024-06-24,92,F,2,valido,
17716,5752,5752027,3,2024-02-03,191,F,6,valido,
17717,5718,5718006,3,2024-05-09,120,F,3,valido,
17718,5741,5741031,4,2024-09-19,91,F,3,valido,
17719,5718,5718006,4,2024-07-12,66,F,3,valido,
17720,5705,5705017,3,2024-06-16,98,F,1,valido,
17721,5741,5741008,3,2024-10-14,47,F,3,valido,
17722,5773,5773004,1,2024-02-08,98,F,3,valido,
17723,5752,5752053,2,2024-07-20,65,F,6,valido,
17724,5708,5708006,1,2024-05-08,162,F,4,valido,
17725,5705,5705017,2,2024-06-13,167,F,1,valido,
17726,5717,5717016,4,2024-08-06,133,F,1,valido,
17727,5768,5768031,3,2024-01-25,180,F,2,valido,
17728,5715,5715105,4,2024-05-15,142,F,2,valido,
17729,5773,5773022,4,2024-07-10,52,F,3,valido,
17730,5723,5723018,4,2024-09-25,198,F,4,valido,
17731,5725,5725066,3,2024-12-07,147,F,2,valido,
17732,5725,5725029,2,2024-01-24,164,F,2,valido,
17733,5725,5725017,1,2024-08-17,97,F,2,valido,
17734,5766,5766004,3,2024-08-04,153,F,1,valido,
17735,5799,5799003,2,2024-03-14,77,F,5,valido,
17736,5763,5763008,2,2024-04-28,58,F,1,valido,
17737,5791,5791008,2,2024-04-14,122,F,3,valido,
17738,5713,5713045,4,2024-02-03,50,F,4,valido,
17739,5763,5763006,4,2024-04-12,110,F,1,valido,
17740,5715,5715043,3,2024-08-14,167,F,2,valido,
17741,5715,5715028,1,2024-11-04,12,F,2,valido,
17742,5720,5720025,2,2024-06-01,119,F,4,valido,
17743,5723,5723003,3,2024-08-08,4,F,4,valido,
17744,5776,5776039,3,2024-09-21,152,F,6,valido,
17745,5766,5766002,1,2024-05-28,89,F,1,valido,
17746,5770,5770023,2,2024-01-05,116,F,4,valido,
17747,5797,5797001,1,2024-12-18,98,F,3,valido,
17748,5708,5708016,4,2024-06-21,193,F,4,valido,
17749,5727,5727019,4,2024-06-25,103,F,6,valido,
17750,5768,5768016,4,2024-05-17,128,F,2,valido,
17751,5752,5752050,4,2024-12-13,154,F,6,valido,
17752,5752,5752056,4,2024-09-19,152,F,6,valido,
17753,5723,5723018,1,2024-06-17,54,F,4,valido,
17754,5776,5776022,2,2024-08-08,17,F,6,valido,
17755,5754,5754004,2,2024-06-04,15,F,2,valido,
17756,5750,5750006,4,2024-04-13,171,F,5,valido,
17757,5741,5741020,2,2024-04-07,135,F,3,valido,
17758,5747,5747028,3,2024-06-17,187,F,4,valido,
17759,5747,5747013,3,2024-08-25,132,F,4,valido,
17760,5713,5713003,3,2024-04-14,184,F,4,valido,
17761,5773,5773044,2,2024-11-17,31,F,3,valido,
17762,5752,5752028,1,2024-01-23,10,F,6,valido,
17763,5715,5715066,2,2024-02-24,112,F,2,valido,
17764,5717,5717027,2,2024-11-15,141,F,1,valido,
17765,5770,5770012,2,2024-04-25,1,F,4,valido,
17766,5727,5727013,2,2024-08-06,37,F,6,valido,
17767,5768,5768072,1,2024-11-18,17,F,2,valido,
17768,5705,5705063,2,2024-10-13,16,F,1,valido,
17769,5768,5768020,4,2024-03-12,162,F,2,valido,
17770,5773,5773018,3,2024-04-15,184,F,3,valido,
17771,5720,5720010,3,2024-02-02,14,F,4,valido,
17772,5705,5705058,2,2024-06-21,57,F,1,valido,
17773,5763,5763012,4,2024-01-18,12,F,1,valido,
17774,5725,5725020,4,2024-01-06,55,F,2,valido,
17775,5752,5752032,1,2024-12-19,40,F,6,valido,
17776,5717,5717024,4,2024-08-19,111,F,1,valido,
17777,5786,5786008,3,2024-10-18,136,F,3,valido,
17778,5725,5725093,3,2024-04-19,168,F,2,valido,
17779,5705,5705051,4,2024-02-27,167,F,1,valido,
17780,5744,5744001,4,2024-10-11,162,F,4,valido,
17781,5718,5718011,1,2024-12-14,185,F,3,valido,
17782,5776,5776039,2,2024-03-24,109,F,6,valido,
17783,5713,5713003,2,2024-04-04,156,F,4,valido,
17784,5768,5768022,1,2024-01-08,42,F,2,valido,
17785,5725,5725059,1,2024-05-01,20,F,2,valido,
17786,5776,5776036,2,2024-10-24,179,F,6,valido,
17787,5776,5776029,2,2024-04-25,57,F,6,valido,
17788,5705,5705120,3,2024-12-17,155,F,1,valido,
17789,5741,5741032,2,2024-12-13,140,F,3,valido,
17790,5715,5715047,1,2024-09-02,3,F,2,valido,
17791,5725,5725046,4,2024-12-28,156,F,2,valido,
17792,5750,5750014,3,2024-12-20,44,F,5,valido,
17793,5727,5727030,1,2024-11-13,113,F,6,valido,
17794,5768,5768052,3,2024-11-24,144,F,2,valido,
17795,5766,5766007,4,2024-06-10,106,F,1,valido,
17796,5725,5725064,2,2024-03-11,93,F,2,valido,
17797,5766,5766002,4,2024-04-23,24,F,1,valido,
17798,5715,5715114,3,2024-06-26,67,F,2,valido,
17799,5720,5720025,2,2024-03-10,131,F,4,valido,
17800,5773,5773013,4,2024-07-04,143,F,3,valido,
17801,5715,5715039,2,2024-03-17,96,F,2,valido,
17802,5719,5719001,1,2024-04-03,181,F,6,valido,
17803,5723,5723002,4,2024-12-27,160,F,4,valido,
17804,5705,5705114,3,2024-04-07,79,F,1,valido,
17805,5741,5741011,4,2024-01-28,100,F,3,valido,
17806,5768,5768077,3,2024-05-10,139,F,2,valido,
17807,5725,5725072,2,2024-05-15,17,F,2,valido,
17808,5725,5725026,4,2024-12-06,134,F,2,valido,
17809,5715,5715087,1,2024-04-28,188,F,2,valido,
17810,5715,5715089,3,2024-10-24,124,F,2,valido,
17811,5785,5785012,3,2024-01-08,111,F,5,valido,
17812,5715,5715056,2,2024-08-24,163,F,2,valido,
17813,5754,5754035,4,2024-05-07,71,F,2,valido,
17814,5773,5773036,2,2024-05-21,109,F,3,valido,
17815,5725,5725078,1,2024-05-08,10,F,2,valido,
17816,5770,5770012,2,2024-02-02,108,F,4,valido,
17817,5719,5719039,4,2024-04-24,128,F,6,valido,
17818,5715,5715079,2,2024-09-22,143,F,2,valido,
17819,5719,5719042,3,2024-10-20,48,F,6,valido,
17820,5705,5705122,2,2024-04-02,22,F,1,valido,
17821,5705,5705016,3,2024-07-01,183,F,1,valido,
17822,5727,5727020,3,2024-08-18,64,F,6,valido,
17823,5773,5773044,3,2024-04-13,164,F,3,valido,
17824,5752,5752043,2,2024-11-16,65,F,6,valido,
17825,5725,5725039,3,2024-10-01,181,F,2,valido,
17826,5752,5752018,2,2024-12-08,88,F,6,valido,
17827,5708,5708001,3,2024-08-01,71,F,4,valido,
17828,5752,5752036,1,2024-08-11,7,F,6,valido,
17829,5705,5705112,3,2024-04-03,11,F,1,valido,
17830,5705,5705022,2,2024-10-24,117,F,1,valido,
17831,5705,5705072,1,2024-11-12,91,F,1,valido,
17832,5763,5763002,1,2024-06-08,177,F,1,valido,
17833,5705,5705044,1,2024-01-08,171,F,1,valido,
17834,5719,5719034,4,2024-11-06,93,F,6,valido,
17835,5705,5705065,2,2024-10-25,119,F,1,valido,
17836,5754,5754018,3,2024-11-10,49,F,2,valido,
17837,5744,5744008,1,2024-08-14,119,F,4,valido,
17838,5770,5770002,3,2024-06-21,15,F,4,valido,
17839,5715,5715098,4,2024-03-28,50,F,2,valido,
17840,5768,5768047,3,2024-09-12,109,F,2,valido,
17841,5715,5715010,3,2024-05-01,48,F,2,valido,
17842,5720,5720005,1,2024-09-10,120,F,4,valido,
17843,5725,5725030,1,2024-04-23,102,F,2,valido,
17844,5750,5750029,1,2024-04-13,109,F,5,valido,
17845,5773,5773031,3,2024-03-01,42,F,3,valido,
17846,5713,5713016,2,2024-03-01,73,F,4,valido,
17847,5715,5715044,1,2024-08-02,78,F,2,valido,
17848,5719,5719019,1,2024-09-23,88,F,6,valido,
17849,5715,5715081,4,2024-04-14,66,F,2,valido,
17850,5715,5715068,3,2024-10-13,140,F,2,valido,
17851,5715,5715120,3,2024-09-27,152,F,2,valido,
17852,5705,5705070,2,2024-06-14,186,F,1,valido,
17853,5718,5718013,2,2024-04-19,13,F,3,valido,
17854,5719,5719018,2,2024-01-20,10,F,6,valido,
17855,5717,5717014,1,2024-02-04,70,F,1,valido,
17856,5725,5725013,2,2024-10-08,14,F,2,valido,
17857,5705,5705116,4,2024-06-06,153,F,1,valido,
17858,5754,5754037,1,2024-11-04,169,F,2,valido,
17859,5747,5747007,1,2024-09-11,100,F,4,valido,
17860,5776,5776033,3,2024-06-21,200,F,6,valido,
17861,5725,5725086,4,2024-04-28,101,F,2,valido,
17862,5750,5750010,1,2024-09-09,60,F,5,valido,
17863,5770,5770009,2,2024-07-04,108,F,4,valido,
17864,5768,5768067,3,2024-03-18,183,F,2,valido,
17865,5715,5715007,1,2024-11-02,129,F,2,valido,
17866,5719,5719040,2,2024-07-08,134,F,6,valido,
17867,5773,5773039,3,2024-10-12,151,F,3,valido,
17868,5752,5752057,1,2024-12-17,9,F,6,valido,
17869,5720,5720004,4,2024-06-07,12,F,4,valido,
17870,5768,5768063,2,2024-10-13,94,F,2,valido,
17871,5705,5705086,2,2024-05-13,119,F,1,valido,
17872,5725,5725003,2,2024-11-15,184,F,2,valido,
17873,5713,5713044,4,2024-02-04,128,F,4,valido,
17874,5715,5715023,3,2024-02-18,183,F,2,valido,
17875,5705,5705064,4,2024-06-09,28,F,1,valido,
17876,5770,5770012,2,2024-11-07,131,F,4,valido,
17877,5719,5719021,1,2024-05-05,106,F,6,valido,
17878,5750,5750001,2,2024-07-05,35,F,5,valido,
17879,5725,5725087,2,2024-03-27,57,F,2,valido,
17880,5747,5747019,4,2024-01-14,142,F,4,valido,
17881,5773,5773044,4,2024-04-19,183,F,3,valido,
17882,5741,5741004,1,2024-08-27,177,F,3,valido,
17883,5725,5725034,2,2024-12-02,199,F,2,valido,
17884,5776,5776017,2,2024-05-22,175,F,6,valido,
17885,5773,5773033,1,2024-10-24,148,F,3,valido,
17886,5741,5741009,2,2024-05-06,199,F,3,valido,
17887,5705,5705014,3,2024-09-14,14,F,1,valido,
17888,5773,5773010,3,2024-04-14,113,F,3,valido,
17889,5770,5770008,4,2024-10-01,101,F,4,valido,
17890,5717,5717020,2,2024-12-02,84,F,1,valido,
17891,5705,5705097,3,2024-11-13,95,F,1,valido,
17892,5723,5723028,2,2024-09-08,64,F,4,valido,
17893,5705,5705024,4,2024-09-06,140,F,1,valido,
17894,5725,5725003,2,2024-05-03,186,F,2,valido,
17895,5752,5752004,4,2024-02-02,88,F,6,valido,
17896,5725,5725021,3,2024-05-04,19,F,2,valido,
17897,5754,5754031,4,2024-07-03,195,F,2,valido,
17898,5705,5705087,4,2024-11-14,198,F,1,valido,
17899,5768,5768084,4,2024-03-08,88,F,2,valido,
17900,5752,5752033,3,2024-09-01,107,F,6,valido,
17901,5705,5705122,3,2024-11-26,122,F,1,valido,
17902,5776,5776013,3,2024-12-12,123,F,6,valido,
17903,5744,5744001,1,2024-09-19,124,F,4,valido,
17904,5776,5776022,1,2024-03-10,152,F,6,valido,
17905,5708,5708008,4,2024-01-10,28,F,4,valido,
17906,5725,5725061,2,2024-05-27,107,F,2,valido,
17907,5708,5708009,2,2024-06-05,80,F,4,valido,
17908,5705,5705078,1,2024-11-20,58,F,1,valido,
17909,5720,5720012,4,2024-06-23,69,F,4,valido,
17910,5797,5797004,1,2024-11-22,23,F,3,valido,
17911,5752,5752022,3,2024-07-19,97,F,6,valido,
17912,5791,5791001,1,2024-04-25,72,F,3,valido,
17913,5719,5719027,1,2024-05-03,154,F,6,valido,
17914,5708,5708014,4,2024-06-18,109,F,4,valido,
17915,5715,5715071,2,2024-05-08,122,F,2,valido,
17916,5705,5705105,3,2024-01-14,100,F,1,valido,
17917,5754,5754015,2,2024-07-10,45,F,2,valido,
17918,5705,5705072,4,2024-08-03,97,F,1,valido,
17919,5754,5754019,4,2024-06-08,121,F,2,valido,
17920,5773,5773027,4,2024-05-14,45,F,3,valido,
17921,5770,5770020,1,2024-10-20,11,F,4,valido,
17922,5705,5705005,2,2024-09-16,156,F,1,valido,
17923,5705,5705121,4,2024-10-06,85,F,1,valido,
17924,5747,5747006,2,2024-01-05,149,F,4,valido,
17925,5713,5713017,3,2024-11-13,115,F,4,valido,
17926,5715,5715019,1,2024-12-21,112,F,2,valido,
17927,5752,5752051,2,2024-10-05,112,F,6,valido,
17928,5715,5715122,3,2024-09-03,149,F,2,valido,
17929,5725,5725067,3,2024-11-12,102,F,2,valido,
17930,5719,5719008,3,2024-04-03,112,F,6,valido,
17931,5715,5715056,3,2024-11-01,129,F,2,valido,
17932,5705,5705035,2,2024-09-08,106,F,1,valido,
17933,5727,5727025,3,2024-06-07,13,F,6,valido,
17934,5773,5773025,1,2024-03-17,57,F,3,valido,
17935,5786,5786010,1,2024-10-05,94,F,3,valido,
17936,5715,5715008,1,2024-09-03,143,F,2,valido,
17937,5705,5705007,4,2024-07-08,168,F,1,valido,
17938,5776,5776020,3,2024-12-01,98,F,6,valido,
17939,5725,5725056,1,2024-05-18,70,F,2,valido,
17940,5719,5719031,4,2024-02-12,156,F,6,valido,
17941,5708,5708023,3,2024-02-25,157,F,4,valido,
17942,5713,5713038,2,2024-01-22,197,F,4,valido,
17943,5725,5725069,1,2024-06-20,68,F,2,valido,
17944,5725,5725115,3,2024-01-17,136,F,2,valido,
17945,5776,5776038,2,2024-08-02,161,F,6,valido,
17946,5705,5705002,1,2024-02-24,3,F,1,valido,
17947,5773,5773027,2,2024-11-10,43,F,3,valido,
17948,5741,5741034,1,2024-07-10,179,F,3,valido,
17949,5718,5718008,4,2024-02-21,35,F,3,valido,
17950,5768,5768014,4,2024-05-12,93,F,2,valido,
17951,5786,5786012,4,2024-09-13,57,F,3,valido,
17952,5741,5741028,4,2024-07-03,46,F,3,valido,
17953,5744,5744013,2,2024-12-09,145,F,4,valido,
17954,5768,5768068,3,2024-01-19,21,F,2,valido,
17955,5715,5715065,4,2024-10-12,54,F,2,valido,
17956,5705,5705112,1,2024-02-05,95,F,1,valido,
17957,5720,5720013,4,2024-08-12,91,F,4,valido,
17958,5725,5725016,1,2024-06-10,7,F,2,valido,
17959,5750,5750006,2,2024-05-11,143,F,5,valido,
17960,5705,5705051,2,2024-10-12,14,F,1,valido,
17961,5719,5719020,4,2024-08-16,45,F,6,valido,
17962,5768,5768020,3,2024-04-10,6,F,2,valido,
17963,5705,5705028,2,2024-01-08,90,F,1,valido,
17964,5791,5791010,3,2024-10-27,12,F,3,valido,
17965,5752,5752051,1,2024-12-05,92,F,6,valido,
17966,5725,5725078,2,2024-10-18,46,F,2,valido,
17967,5713,5713045,1,2024-05-04,98,F,4,valido,
17968,5776,5776015,4,2024-12-19,57,F,6,valido,
17969,5744,5744005,4,2024-12-24,11,F,4,valido,
17970,5776,5776026,2,2024-07-28,22,F,6,valido,
17971,5770,5770008,4,2024-08-28,119,F,4,valido,
17972,5785,5785009,1,2024-10-21,113,F,5,valido,
17973,5715,5715067,1,2024-01-23,45,F,2,valido,
17974,5725,5725110,2,2024-02-02,92,F,2,valido,
17975,5725,5725106,4,2024-02-28,42,F,2,valido,
17976,5720,5720007,1,2024-03-28,72,F,4,valido,
17977,5768,5768063,4,2024-08-08,96,F,2,valido,
17978,5754,5754017,2,2024-04-08,199,F,2,valido,
17979,5768,5768067,1,2024-01-13,127,F,2,valido,
17980,5768,5768086,2,2024-01-06,167,F,2,valido,
17981,5725,5725030,2,2024-11-25,187,F,2,valido,
17982,5713,5713035,2,2024-03-17,32,F,4,valido,
17983,5718,5718014,1,2024-07-20,157,F,3,valido,
17984,5747,5747005,2,2024-03-22,12,F,4,valido,
17985,5776,5776008,2,2024-04-17,99,F,6,valido,
17986,5752,5752035,1,2024-07-24,59,F,6,valido,
17987,5718,5718014,2,2024-09-22,100,F,3,valido,
17988,5725,5725043,4,2024-04-17,32,F,2,valido,
17989,5705,5705049,2,2024-09-06,177,F,1,valido,
17990,5713,5713046,4,2024-10-09,190,F,4,valido,
17991,5776,5776033,1,2024-10-14,37,F,6,valido,
17992,5725,5725095,2,2024-02-07,188,F,2,valido,
17993,5717,5717026,3,2024-03-19,44,F,1,valido,
17994,5715,5715021,4,2024-08-28,44,F,2,valido,
17995,5766,5766010,2,2024-03-12,166,F,1,valido,
17996,5766,5766006,1,2024-07-28,98,F,1,valido,
17997,5715,5715092,3,2024-07-17,100,F,2,valido,
17998,5723,5723008,2,2024-05-04,122,F,4,valido,
17999,5713,5713027,4,2024-09-01,124,F,4,valido,
18000,5770,5770022,1,2024-12-01,86,F,4,valido,
18001,5768,5768002,2,2024-07-24,15,F,2,valido,
18002,5786,5786004,4,2024-11-09,124,F,3,valido,
18003,5727,5727024,3,2024-01-07,89,F,6,valido,
18004,5752,5752063,2,2024-08-24,19,F,6,valido,
18005,5799,5799004,1,2024-11-09,18,F,5,valido,
18006,5705,5705060,3,2024-09-08,150,F,1,valido,
18007,5725,5725113,2,2024-10-26,121,F,2,valido,
18008,5713,5713014,2,2024-11-23,111,F,4,valido,
18009,5776,5776040,1,2024-03-04,98,F,6,valido,
18010,5715,5715034,3,2024-06-04,65,F,2,valido,
18011,5705,5705103,4,2024-08-16,146,F,1,valido,
18012,5715,5715022,4,2024-02-24,53,F,2,valido,
18013,5727,5727023,2,2024-05-25,9,F,6,valido,
18014,5715,5715091,3,2024-05-04,200,F,2,valido,
18015,5768,5768066,4,2024-06-09,194,F,2,valido,
18016,5715,5715010,3,2024-11-09,78,F,2,valido,
18017,5768,5768047,3,2024-01-26,137,F,2,valido,
18018,5715,5715052,1,2024-08-26,127,F,2,valido,
18019,5725,5725091,4,2024-04-24,162,F,2,valido,
18020,5708,5708008,4,2024-03-28,42,F,4,valido,
18021,5725,5725072,1,2024-06-25,113,F,2,valido,
18022,5725,5725099,4,2024-10-05,195,F,2,valido,
18023,5752,5752026,3,2024-01-21,40,F,6,valido,
18024,5705,5705066,2,2024-08-10,47,F,1,valido,
18025,5705,5705119,2,2024-06-03,20,F,1,valido,
18026,5725,5725107,4,2024-11-22,134,F,2,valido,
18027,5781,5781006,2,2024-07-09,135,F,5,valido,
18028,5727,5727016,3,2024-03-18,4,F,6,valido,
18029,5725,5725097,4,2024-04-11,72,F,2,valido,
18030,5741,5741011,2,2024-05-03,187,F,3,valido,
18031,5723,5723011,2,2024-03-16,45,F,4,valido,
18032,5705,5705090,1,2024-02-11,84,F,1,valido,
18033,5725,5725034,1,2024-12-04,92,F,2,valido,
18034,5715,5715090,3,2024-03-08,169,F,2,valido,
18035,5720,5720019,2,2024-06-07,13,F,4,valido,
18036,5717,5717020,2,2024-10-12,1,F,1,valido,
18037,5786,5786004,2,2024-06-14,49,F,3,valido,
18038,5776,5776025,3,2024-04-02,75,F,6,valido,
18039,5776,5776032,3,2024-10-07,119,F,6,valido,
18040,5715,5715105,1,2024-08-22,73,F,2,valido,
18041,5715,5715015,1,2024-07-21,166,F,2,valido,
18042,5747,5747023,4,2024-11-14,95,F,4,valido,
18043,5718,5718002,2,2024-08-17,107,F,3,valido,
18044,5715,5715107,1,2024-11-18,109,F,2,valido,
18045,5708,5708012,3,2024-06-28,8,F,4,valido,
18046,5715,5715015,2,2024-10-14,192,F,2,valido,
18047,5713,5713001,1,2024-11-02,35,F,4,valido,
18048,5770,5770017,4,2024-03-17,58,F,4,valido,
18049,5768,5768067,4,2024-11-27,72,F,2,valido,
18050,5776,5776022,1,2024-06-17,79,F,6,valido,
18051,5708,5708004,2,2024-07-07,94,F,4,valido,
18052,5750,5750009,1,2024-07-20,21,F,5,valido,
18053,5744,5744002,3,2024-06-07,132,F,4,valido,
18054,5791,5791005,2,2024-05-15,33,F,3,valido,
18055,5754,5754026,2,2024-07-21,119,F,2,valido,
18056,5785,5785004,1,2024-09-09,86,F,5,modificado,A: fecha 24-09-09 -> 2024-09-09. Normalization by format and calendar. Year 2024 based on complete dataset dates.
18057,5754,5754023,4,2024-12-07,37,F,2,valido,
18058,5719,5719042,2,2024-05-07,62,F,6,valido,
18059,5715,5715092,2,2024-09-26,127,F,2,valido,
18060,5791,5791005,1,2024-11-16,117,F,3,valido,
18061,5719,5719029,3,2024-05-17,130,F,6,valido,
18062,5741,5741025,4,2024-06-12,83,F,3,valido,
18063,5705,5705118,3,2024-05-18,197,F,1,valido,
18064,5791,5791002,3,2024-05-18,51,F,3,valido,
18065,5781,5781005,4,2024-01-14,125,F,5,valido,
18066,5773,5773017,2,2024-06-02,116,F,3,valido,
18067,5786,5786013,4,2024-01-24,93,F,3,valido,
18068,5768,5768013,4,2024-06-25,191,F,2,valido,
18069,5727,5727002,2,2024-04-14,154,F,6,valido,
18070,5768,5768051,4,2024-09-14,71,F,2,valido,
18071,5747,5747023,1,2024-06-10,93,F,4,valido,
18072,5725,5725047,2,2024-08-10,99,F,2,valido,
18073,5723,5723026,3,2024-09-11,9,F,4,valido,
18074,5715,5715061,4,2024-04-09,15,F,2,valido,
18075,5773,5773026,1,2024-08-15,183,F,3,valido,
18076,5741,5741013,3,2024-05-01,129,F,3,valido,
18077,5713,5713020,2,2024-04-09,171,F,4,valido,
18078,5794,5794007,2,2024-09-03,75,F,5,valido,
18079,5752,5752048,3,2024-11-02,83,F,6,valido,
18080,5752,5752014,1,2024-08-09,61,F,6,valido,
18081,5715,5715071,3,2024-11-21,57,F,2,valido,
18082,5785,5785010,3,2024-08-27,95,F,5,valido,
18083,5727,5727027,1,2024-05-18,65,F,6,valido,
18084,5797,5797002,1,2024-08-06,63,F,3,valido,
18085,5797,5797003,3,2024-08-15,134,F,3,valido,
18086,5741,5741003,1,2024-12-11,136,F,3,valido,
18087,5705,5705106,4,2024-06-01,38,F,1,valido,
18088,5705,5705092,1,2024-06-25,182,F,1,valido,
18089,5750,5750008,4,2024-04-17,53,F,5,valido,
18090,5715,5715016,4,2024-11-10,87,F,2,valido,
18091,5705,5705009,2,2024-10-18,101,F,1,valido,
18092,5768,5768040,1,2024-06-13,139,F,2,valido,
18093,5754,5754034,2,2024-03-14,137,F,2,valido,
18094,5750,5750015,3,2024-01-25,27,F,5,valido,
18095,5720,5720002,3,2024-01-25,27,F,4,valido,
18096,5750,5750007,2,2024-05-07,126,F,5,valido,
18097,5705,5705054,4,2024-12-09,107,F,1,valido,
18098,5719,5719039,2,2024-02-05,90,F,6,valido,
18099,5741,5741034,1,2024-08-09,159,F,3,valido,
18100,5770,5770015,4,2024-04-21,82,F,4,valido,
18101,5754,5754004,1,2024-08-11,24,F,2,valido,
18102,5713,5713006,3,2024-11-13,117,F,4,valido,
18103,5770,5770001,1,2024-06-15,130,F,4,valido,
18104,5725,5725023,3,2024-08-02,187,F,2,valido,
18105,5768,5768082,2,2024-10-17,57,F,2,valido,
18106,5717,5717015,3,2024-01-11,43,F,1,valido,
18107,5715,5715001,3,2024-05-04,5,F,2,valido,
18108,5705,5705086,4,2024-04-19,18,F,1,valido,
18109,5715,5715042,3,2024-10-25,191,F,2,valido,
18110,5754,5754017,3,2024-10-08,192,F,2,valido,
18111,5723,5723021,3,2024-05-02,107,F,4,valido,
18112,5770,5770003,2,2024-01-22,158,F,4,valido,
18113,5725,5725053,1,2024-04-04,79,F,2,valido,
18114,5719,5719042,1,2024-02-22,128,F,6,valido,
18115,5705,5705094,4,2024-08-20,71,F,1,valido,
18116,5705,5705090,2,2024-11-27,132,F,1,valido,
18117,5723,5723004,1,2024-12-02,62,F,4,valido,
18118,5723,5723024,2,2024-08-16,77,F,4,valido,
18119,5705,5705058,2,2024-03-08,59,F,1,valido,
18120,5725,5725076,3,2024-10-12,60,F,2,valido,
18121,5776,5776031,2,2024-12-18,141,F,6,valido,
18122,5744,5744008,4,2024-02-04,32,F,4,valido,
18123,5705,5705023,2,2024-05-10,109,F,1,valido,
18124,5717,5717022,2,2024-07-25,124,F,1,valido,
18125,5768,5768076,1,2024-04-13,67,F,2,valido,
18126,5720,5720024,2,2024-02-13,181,F,4,modificado,C: cantidad -181 -> 181. Remove the negative sign with abs().
18127,5715,5715030,4,2024-08-28,50,F,2,valido,
18128,5754,5754016,4,2024-11-13,188,F,2,valido,
18129,5708,5708015,3,2024-04-28,119,F,4,valido,
18130,5723,5723016,4,2024-04-06,145,F,4,valido,
18131,5744,5744008,1,2024-09-18,191,F,4,valido,
18132,5776,5776020,1,2024-08-03,4,F,6,valido,
18133,5768,5768005,3,2024-01-16,197,F,2,valido,
18134,5741,5741026,4,2024-09-04,86,F,3,valido,
18135,5720,5720022,1,2024-12-12,109,F,4,valido,
18136,5725,5725088,2,2024-11-28,10,F,2,valido,
18137,5747,5747006,3,2024-07-09,12,F,4,valido,
18138,5768,5768035,1,2024-12-02,182,F,2,valido,
18139,5725,5725062,3,2024-06-14,195,F,2,valido,
18140,5715,5715049,3,2024-04-23,60,F,2,valido,
18141,5705,5705012,4,2024-10-23,163,F,1,valido,
18142,5754,5754029,3,2024-03-12,198,F,2,valido,
18143,5720,5720015,1,2024-05-09,145,F,4,valido,
18144,5752,5752051,3,2024-02-25,57,F,6,valido,
18145,5725,5725077,3,2024-03-21,57,F,2,valido,
18146,5708,5708015,3,2024-04-17,70,F,4,valido,
18147,5773,5773021,1,2024-10-26,159,F,3,valido,
18148,5725,5725044,3,2024-02-27,48,F,2,valido,
18149,5723,5723014,1,2024-01-27,121,F,4,valido,
18150,5768,5768043,1,2024-07-27,85,F,2,valido,
18151,5747,5747011,4,2024-09-28,191,F,4,valido,
18152,5768,5768037,2,2024-11-02,32,F,2,valido,
18153,5715,5715075,1,2024-07-21,196,F,2,valido,
18154,5725,5725068,4,2024-04-28,136,F,2,valido,
18155,5715,5715041,1,2024-07-02,29,F,2,valido,
18156,5752,5752006,3,2024-01-18,103,F,6,valido,
18157,5752,5752040,3,2024-03-25,59,F,6,valido,
18158,5750,5750019,1,2024-11-10,51,F,5,valido,
18159,5727,5727022,3,2024-04-16,162,F,6,valido,
18160,5723,5723019,1,2024-01-09,11,F,4,valido,
18161,5705,5705006,4,2024-11-05,60,F,1,valido,
18162,5705,5705081,1,2024-01-06,142,F,1,valido,
18163,5705,5705123,4,2024-05-19,105,F,1,valido,
18164,5727,5727012,1,2024-12-08,158,F,6,valido,
18165,5717,5717002,1,2024-05-08,90,F,1,valido,
18166,5776,5776015,2,2024-11-04,195,F,6,valido,
18167,5773,5773028,1,2024-03-14,58,F,3,valido,
18168,5715,5715008,1,2024-02-28,45,F,2,valido,
18169,5718,5718009,2,2024-02-26,20,F,3,valido,
18170,5705,5705004,1,2024-05-06,78,F,1,valido,
18171,5754,5754031,2,2024-04-24,148,F,2,valido,
18172,5786,5786013,1,2024-05-18,199,F,3,valido,
18173,5720,5720008,3,2024-01-09,72,F,4,valido,
18174,5768,5768066,4,2024-08-07,188,F,2,valido,
18175,5773,5773032,2,2024-10-27,142,F,3,valido,
18176,5715,5715099,4,2024-11-01,146,F,2,valido,
18177,5747,5747018,2,2024-05-09,114,F,4,valido,
18178,5711,5711001,2,2024-05-10,102,F,2,valido,
18179,5725,5725038,3,2024-08-24,25,F,2,valido,
18180,5750,5750011,1,2024-10-09,123,F,5,valido,
18181,5705,5705077,1,2024-11-08,131,F,1,valido,
18182,5768,5768052,3,2024-01-26,54,F,2,valido,
18183,5713,5713009,2,2024-08-12,141,F,4,valido,
18184,5705,5705050,4,2024-07-19,114,F,1,valido,
18185,5773,5773008,3,2024-03-01,192,F,3,valido,
18186,5715,5715011,2,2024-02-20,20,F,2,valido,
18187,5768,5768047,3,2024-03-24,20,F,2,valido,
18188,5713,5713039,2,2024-04-02,147,F,4,valido,
18189,5713,5713037,2,2024-04-23,200,F,4,valido,
18190,5776,5776006,3,2024-08-08,65,F,6,valido,
18191,5773,5773025,2,2024-08-01,70,F,3,valido,
18192,5718,5718010,2,2024-11-04,139,F,3,valido,
18193,5752,5752008,2,2024-01-06,89,F,6,valido,
18194,5768,5768059,1,2024-08-24,125,F,2,valido,
18195,5715,5715062,2,2024-09-07,29,F,2,valido,
18196,5747,5747018,3,2024-06-05,173,F,4,valido,
18197,5705,5705094,3,2024-08-03,76,F,1,valido,
18198,5725,5725070,3,2024-03-27,41,F,2,valido,
18199,5705,5705028,4,2024-08-04,106,F,1,valido,
18200,5786,5786007,3,2024-04-23,147,F,3,valido,
18201,5785,5785010,1,2024-11-08,39,F,5,valido,
18202,5715,5715079,4,2024-04-09,144,F,2,valido,
18203,5723,5723028,1,2024-05-21,175,F,4,valido,
18204,5781,5781003,4,2024-08-26,186,F,5,valido,
18205,5791,5791003,2,2024-05-05,30,F,3,valido,
18206,5768,5768055,3,2024-01-01,46,F,2,valido,
18207,5752,5752045,4,2024-10-06,39,F,6,valido,
18208,5723,5723004,2,2024-04-06,121,F,4,valido,
18209,5770,5770022,3,2024-02-13,173,F,4,valido,
18210,5752,5752052,3,2024-03-02,156,F,6,valido,
18211,5705,5705096,1,2024-03-04,96,F,1,valido,
18212,5741,5741019,1,2024-09-25,155,F,3,valido,
18213,5768,5768026,1,2024-05-10,20,F,2,valido,
18214,5708,5708005,3,2024-09-12,21,F,4,valido,
18215,5747,5747016,3,2024-05-08,199,F,4,valido,
18216,5794,5794001,1,2024-01-10,71,F,5,valido,
18217,5719,5719030,4,2024-10-11,23,F,6,valido,
18218,5747,5747007,2,2024-08-16,19,F,4,valido,
18219,5773,5773012,3,2024-10-20,147,F,3,valido,
18220,5715,5715031,1,2024-08-02,105,F,2,valido,
18221,5754,5754034,1,2024-11-07,70,F,2,valido,
18222,5768,5768007,2,2024-10-26,43,F,2,valido,
18223,5705,5705106,4,2024-10-15,56,F,1,valido,
18224,5715,5715023,4,2024-01-27,27,F,2,valido,
18225,5768,5768073,2,2024-11-25,92,F,2,valido,
18226,5752,5752005,1,2024-02-11,63,F,6,valido,
18227,5713,5713023,1,2024-08-11,157,F,4,valido,
18228,5727,5727020,3,2024-06-13,126,F,6,valido,
18229,5715,5715056,1,2024-01-07,47,F,2,valido,
18230,5773,5773021,1,2024-03-03,130,F,3,valido,
18231,5715,5715006,2,2024-08-07,127,F,2,valido,
18232,5786,5786012,3,2024-04-24,193,F,3,valido,
18233,5705,5705092,2,2024-12-08,123,F,1,valido,
18234,5725,5725072,3,2024-08-05,22,F,2,valido,
18235,5785,5785004,2,2024-12-02,197,F,5,valido,
18236,5705,5705113,4,2024-12-05,95,F,1,valido,
18237,5752,5752022,1,2024-02-27,132,F,6,valido,
18238,5718,5718003,4,2024-01-15,38,F,3,valido,
18239,5754,5754018,2,2024-11-03,11,F,2,valido,
18240,5725,5725039,4,2024-10-22,94,F,2,valido,
18241,5768,5768061,4,2024-05-12,73,F,2,valido,
18242,5715,5715036,3,2024-07-11,41,F,2,valido,
18243,5715,5715076,2,2024-04-04,182,F,2,valido,
18244,5705,5705025,3,2024-02-07,77,F,1,valido,
18245,5768,5768019,2,2024-01-08,121,F,2,valido,
18246,5750,5750021,2,2024-12-04,115,F,5,valido,
18247,5768,5768081,3,2024-04-17,71,F,2,valido,
18248,5747,5747029,4,2024-06-08,71,F,4,valido,
18249,5718,5718015,2,2024-12-21,45,F,3,valido,
18250,5747,5747014,1,2024-04-11,183,F,4,valido,
18251,5715,5715022,3,2024-02-19,154,F,2,valido,
18252,5766,5766014,4,2024-04-01,185,F,1,valido,
18253,5752,5752023,1,2024-04-18,170,F,6,valido,
18254,5752,5752031,4,2024-03-21,127,F,6,valido,
18255,5786,5786011,3,2024-10-12,91,F,3,valido,
18256,5705,5705060,1,2024-08-03,58,F,1,valido,
18257,5725,5725108,1,2024-07-24,7,F,2,valido,
18258,5768,5768027,4,2024-12-14,97,F,2,valido,
18259,5713,5713046,2,2024-04-10,103,F,4,valido,
18260,5776,5776019,4,2024-07-05,137,F,6,valido,
18261,5723,5723010,3,2024-05-12,85,F,4,valido,
18262,5799,5799004,4,2024-12-12,72,F,5,valido,
18263,5717,5717018,1,2024-04-03,112,F,1,valido,
18264,5773,5773006,3,2024-05-01,195,F,3,valido,
18265,5768,5768086,1,2024-05-27,167,F,2,valido,
18266,5705,5705072,2,2024-03-23,132,F,1,valido,
18267,5713,5713003,4,2024-05-10,170,F,4,valido,
18268,5799,5799003,4,2024-05-01,148,F,5,valido,
18269,5750,5750012,2,2024-09-15,31,F,5,valido,
18270,5744,5744005,3,2024-11-25,124,F,4,valido,
18271,5725,5725062,1,2024-06-06,199,F,2,valido,
18272,5750,5750021,1,2024-01-28,42,F,5,valido,
18273,5768,5768074,2,2024-12-02,114,F,2,valido,
18274,5708,5708016,2,2024-04-13,198,F,4,valido,
18275,5752,5752058,3,2024-05-01,4,F,6,valido,
18276,5720,5720005,4,2024-12-04,33,F,4,valido,
18277,5754,5754010,2,2024-05-17,88,F,2,valido,
18278,5744,5744014,2,2024-03-24,5,F,4,valido,
18279,5705,5705068,2,2024-12-19,57,F,1,valido,
18280,5705,5705054,3,2024-01-26,137,F,1,valido,
18281,5741,5741036,2,2024-07-16,136,F,3,valido,
18282,5719,5719021,1,2024-11-07,155,F,6,valido,
18283,5773,5773047,1,2024-10-28,35,F,3,valido,
18284,5744,5744005,3,2024-10-05,48,F,4,valido,
18285,5708,5708021,2,2024-12-20,101,F,4,valido,
18286,5713,5713036,3,2024-07-16,106,F,4,valido,
18287,5776,5776004,3,2024-11-05,87,F,6,valido,
18288,5705,5705124,3,2024-07-07,44,F,1,valido,
18289,5725,5725068,3,2024-05-22,22,F,2,valido,
18290,5725,5725062,3,2024-01-22,156,F,2,valido,
18291,5720,5720017,2,2024-02-17,41,F,4,valido,
18292,5776,5776021,2,2024-02-03,183,F,6,valido,
18293,5705,5705071,4,2024-02-03,87,F,1,valido,
18294,5725,5725078,2,2024-09-08,37,F,2,valido,
18295,5717,5717004,4,2024-08-20,159,F,1,valido,
18296,5744,5744004,1,2024-10-04,54,F,4,valido,
18297,5768,5768068,4,2024-09-11,167,F,2,valido,
18298,5752,5752009,3,2024-01-18,8,F,6,valido,
18299,5719,5719040,2,2024-02-09,48,F,6,valido,
18300,5715,5715004,1,2024-10-20,63,F,2,valido,
18301,5768,5768070,1,2024-06-23,142,F,2,valido,
18302,5719,5719016,4,2024-07-22,107,F,6,valido,
18303,5768,5768082,3,2024-03-22,87,F,2,valido,
18304,5713,5713046,2,2024-09-13,9,F,4,valido,
18305,5723,5723016,3,2024-08-19,44,F,4,valido,
18306,5776,5776020,2,2024-12-22,139,F,6,valido,
18307,5741,5741023,3,2024-06-06,169,F,3,valido,
18308,5766,5766001,3,2024-07-26,125,F,1,valido,
18309,5785,5785019,4,2024-01-10,55,F,5,valido,
18310,5705,5705055,2,2024-08-20,96,F,1,valido,
18311,5773,5773006,1,2024-09-28,162,F,3,valido,
18312,5725,5725005,1,2024-11-23,87,F,2,valido,
18313,5720,5720005,1,2024-09-24,53,F,4,valido,
18314,5717,5717011,2,2024-09-13,33,F,1,valido,
18315,5747,5747022,4,2024-11-23,53,F,4,valido,
18316,5715,5715012,1,2024-04-13,157,F,2,valido,
18317,5741,5741027,3,2024-02-05,22,F,3,valido,
18318,5717,5717023,2,2024-08-01,199,F,1,valido,
18319,5770,5770021,4,2024-01-26,80,F,4,valido,
18320,5719,5719021,4,2024-04-24,56,F,6,valido,
18321,5705,5705065,2,2024-05-07,75,F,1,valido,
18322,5741,5741025,1,2024-01-09,182,F,3,valido,
18323,5705,5705115,2,2024-02-05,126,F,1,valido,
18324,5705,5705019,3,2024-09-15,76,F,1,valido,
18325,5776,5776020,2,2024-10-06,1,F,6,valido,
18326,5768,5768053,2,2024-10-04,183,F,2,valido,
18327,5725,5725063,1,2024-07-23,31,F,2,valido,
18328,5708,5708018,1,2024-09-26,71,F,4,valido,
18329,5718,5718001,2,2024-03-05,17,F,3,valido,
18330,5725,5725067,2,2024-10-09,66,F,2,valido,
18331,5725,5725036,1,2024-12-06,86,F,2,valido,
18332,5725,5725057,3,2024-07-05,34,F,2,valido,
18333,5741,5741015,4,2024-09-26,160,F,3,valido,
18334,5752,5752010,2,2024-06-04,28,F,6,valido,
18335,5720,5720011,1,2024-02-24,199,F,4,valido,
18336,5752,5752038,3,2024-03-05,39,F,6,valido,
18337,5785,5785014,1,2024-07-23,119,F,5,valido,
18338,5786,5786007,4,2024-01-05,55,F,3,valido,
18339,5719,5719002,1,2024-05-20,63,F,6,valido,
18340,5747,5747029,1,2024-01-01,105,F,4,valido,
18341,5754,5754012,4,2024-01-02,48,F,2,valido,
18342,5763,5763012,1,2024-11-14,2,F,1,valido,
18343,5713,5713024,2,2024-12-19,159,F,4,valido,
18344,5747,5747007,4,2024-02-27,39,F,4,valido,
18345,5705,5705070,4,2024-04-15,154,F,1,valido,
18346,5768,5768054,3,2024-08-09,123,F,2,valido,
18347,5715,5715031,1,2024-04-26,190,F,2,valido,
18348,5720,5720015,3,2024-05-11,109,F,4,valido,
18349,5768,5768045,4,2024-08-17,67,F,2,valido,
18350,5708,5708018,3,2024-01-10,119,F,4,valido,
18351,5725,5725109,1,2024-10-10,127,F,2,valido,
18352,5725,5725102,1,2024-04-21,92,F,2,valido,
18353,5715,5715044,1,2024-07-10,16,F,2,valido,
18354,5727,5727001,1,2024-06-27,34,F,6,valido,
18355,5752,5752027,3,2024-03-04,78,F,6,valido,
18356,5723,5723013,4,2024-09-11,61,F,4,valido,
18357,5705,5705033,1,2024-12-17,129,F,1,valido,
18358,5768,5768044,3,2024-08-13,42,F,2,valido,
18359,5720,5720005,3,2024-02-11,11,F,4,valido,
18360,5723,5723026,3,2024-02-03,101,F,4,valido,
18361,5725,5725068,1,2024-10-01,166,F,2,valido,
18362,5768,5768067,4,2024-08-04,150,F,2,valido,
18363,5705,5705093,2,2024-09-21,75,F,1,valido,
18364,5727,5727023,1,2024-12-03,181,F,6,valido,
18365,5705,5705055,2,2024-01-26,69,F,1,valido,
18366,5723,5723028,4,2024-10-24,123,F,4,valido,
18367,5705,5705013,1,2024-04-01,138,F,1,valido,
18368,5713,5713003,3,2024-05-11,91,F,4,valido,
18369,5786,5786011,3,2024-11-08,159,F,3,valido,
18370,5715,5715083,4,2024-06-06,34,F,2,valido,
18371,5725,5725009,4,2024-02-01,36,F,2,valido,
18372,5768,5768002,2,2024-07-12,197,F,2,valido,
18373,5715,5715065,3,2024-01-17,139,F,2,valido,
18374,5715,5715065,4,2024-10-06,30,F,2,valido,
18375,5747,5747022,2,2024-05-17,147,F,4,valido,
18376,5725,5725074,2,2024-01-22,71,F,2,valido,
18377,5717,5717012,1,2024-09-17,103,F,1,valido,
18378,5718,5718006,1,2024-07-21,89,F,3,valido,
18379,5773,5773024,1,2024-02-16,112,F,3,valido,
18380,5725,5725100,1,2024-11-25,20,F,2,valido,
18381,5741,5741002,2,2024-11-27,130,F,3,valido,
18382,5705,5705013,4,2024-06-07,146,F,1,valido,
18383,5741,5741004,1,2024-11-06,86,F,3,valido,
18384,5750,5750001,4,2024-04-01,33,F,5,valido,
18385,5713,5713005,3,2024-02-10,141,F,4,valido,
18386,5705,5705093,3,2024-09-04,187,F,1,valido,
18387,5750,5750023,2,2024-06-22,142,F,5,valido,
18388,5715,5715086,3,2024-11-04,31,F,2,valido,
18389,5754,5754010,1,2024-12-09,148,F,2,valido,
18390,5715,5715082,3,2024-10-07,187,F,2,valido,
18391,5754,5754003,3,2024-11-06,41,F,2,valido,
18392,5715,5715031,2,2024-07-01,126,F,2,valido,
18393,5715,5715041,2,2024-03-07,138,F,2,valido,
18394,5744,5744015,1,2024-07-17,164,F,4,valido,
18395,5713,5713018,1,2024-03-01,53,F,4,valido,
18396,5725,5725072,3,2024-09-26,200,F,2,valido,
18397,5715,5715040,1,2024-07-24,31,F,2,valido,
18398,5754,5754040,4,2024-10-26,29,F,2,valido,
18399,5752,5752039,2,2024-06-10,1,F,6,valido,
18400,5705,5705035,3,2024-02-04,107,F,1,valido,
18401,5725,5725023,1,2024-01-27,86,F,2,valido,
18402,5720,5720003,4,2024-03-22,105,F,4,valido,
18403,5723,5723017,3,2024-06-25,4,F,4,valido,
18404,5705,5705075,4,2024-09-04,93,F,1,valido,
18405,5720,5720021,1,2024-02-19,167,F,4,valido,
18406,5795,5795004,4,2024-07-11,37,F,5,valido,
18407,5727,5727004,2,2024-12-12,187,F,6,valido,
18408,5754,5754010,4,2024-05-10,84,F,2,valido,
18409,5718,5718003,4,2024-12-24,145,F,3,valido,
18410,5705,5705013,1,2024-01-09,90,F,1,valido,
18411,5776,5776030,1,2024-11-20,167,F,6,valido,
18412,5741,5741032,4,2024-12-27,200,F,3,valido,
18413,5768,5768024,1,2024-08-05,47,F,2,valido,
18414,5719,5719028,4,2024-02-14,75,F,6,valido,
18415,5705,5705023,3,2024-08-17,117,F,1,valido,
18416,5768,5768028,3,2024-08-13,104,F,2,valido,
18417,5776,5776008,1,2024-03-14,82,F,6,valido,
18418,5717,5717015,4,2024-06-22,198,F,1,valido,
18419,5705,5705062,2,2024-01-03,73,F,1,valido,
18420,5752,5752052,2,2024-06-28,19,F,6,valido,
18421,5752,5752063,3,2024-11-21,174,F,6,valido,
18422,5720,5720020,4,2024-04-18,76,F,4,valido,
18423,5741,5741031,3,2024-06-19,123,F,3,valido,
18424,5715,5715053,4,2024-12-14,194,F,2,valido,
18425,5713,5713026,3,2024-10-01,135,F,4,valido,
18426,5723,5723023,2,2024-11-07,6,F,4,valido,
18427,5741,5741029,2,2024-08-10,159,F,3,valido,
18428,5766,5766003,3,2024-07-21,99,F,1,valido,
18429,5715,5715078,2,2024-03-28,39,F,2,valido,
18430,5715,5715041,3,2024-10-14,136,F,2,valido,
18431,5725,5725009,1,2024-06-02,157,F,2,valido,
18432,5715,5715009,2,2024-03-03,139,F,2,valido,
18433,5773,5773032,3,2024-06-19,123,F,3,valido,
18434,5725,5725050,4,2024-04-25,4,F,2,valido,
18435,5744,5744015,2,2024-03-09,71,F,4,valido,
18436,5705,5705037,3,2024-03-04,161,F,1,valido,
18437,5705,5705056,3,2024-09-16,127,F,1,valido,
18438,5776,5776036,3,2024-08-09,161,F,6,valido,
18439,5744,5744013,2,2024-05-25,137,F,4,valido,
18440,5754,5754024,3,2024-07-13,190,F,2,valido,
18441,5723,5723007,2,2024-02-24,151,F,4,valido,
18442,5752,5752026,1,2024-10-16,127,F,6,valido,
18443,5741,5741002,4,2024-05-26,73,F,3,valido,
18444,5747,5747026,2,2024-07-21,21,F,4,valido,
18445,5776,5776017,1,2024-09-23,100,F,6,valido,
18446,5719,5719003,4,2024-07-08,147,F,6,valido,
18447,5719,5719031,3,2024-06-02,164,F,6,valido,
18448,5773,5773042,1,2024-03-22,150,F,3,valido,
18449,5705,5705037,4,2024-10-20,172,F,1,valido,
18450,5705,5705092,1,2024-05-09,112,F,1,valido,
18451,5718,5718016,3,2024-10-14,186,F,3,valido,
18452,5785,5785010,4,2024-06-25,157,F,5,valido,
18453,5768,5768060,1,2024-12-08,124,F,2,valido,
18454,5773,5773006,4,2024-02-09,58,F,3,valido,
18455,5768,5768032,4,2024-02-22,112,F,2,valido,
18456,5752,5752064,4,2024-09-08,137,F,6,valido,
18457,5725,5725046,3,2024-11-18,62,F,2,valido,
18458,5715,5715027,1,2024-08-10,181,F,2,valido,
18459,5725,5725108,3,2024-05-04,51,F,2,valido,
18460,5708,5708011,3,2024-07-18,129,F,4,valido,
18461,5785,5785015,4,2024-09-16,9,F,5,valido,
18462,5725,5725011,2,2024-01-12,141,F,2,valido,
18463,5723,5723007,3,2024-03-11,149,F,4,valido,
18464,5705,5705106,1,2024-02-04,6,F,1,valido,
18465,5752,5752045,4,2024-06-17,104,F,6,valido,
18466,5754,5754038,1,2024-08-15,49,F,2,valido,
18467,5750,5750010,3,2024-08-27,105,F,5,valido,
18468,5781,5781007,4,2024-12-05,13,F,5,valido,
18469,5763,5763011,4,2024-06-20,2,F,1,modificado,D: id_departamento 0 -> 5763. Department obtained from the municipality catalog.
18470,5727,5727029,1,2024-11-09,156,F,6,valido,
18471,5752,5752010,1,2024-07-12,36,F,6,valido,
18472,5723,5723006,1,2024-06-02,180,F,4,valido,
18473,5785,5785003,2,2024-08-24,83,F,5,valido,
18474,5747,5747029,2,2024-10-18,69,F,4,valido,
18475,5705,5705093,1,2024-01-24,113,F,1,valido,
18476,5719,5719032,4,2024-05-16,31,F,6,valido,
18477,5720,5720018,3,2024-02-17,96,F,4,valido,
18478,5705,5705041,1,2024-01-28,94,F,1,valido,
18479,5744,5744008,3,2024-10-20,55,F,4,valido,
18480,5719,5719036,1,2024-01-15,44,F,6,valido,
18481,5725,5725010,4,2024-10-20,172,F,2,valido,
18482,5763,5763008,3,2024-02-05,18,F,1,valido,
18483,5715,5715100,4,2024-03-03,129,F,2,valido,
18484,5785,5785006,2,2024-10-14,186,F,5,valido,
18485,5719,5719005,4,2024-07-21,136,F,6,valido,
18486,5768,5768006,2,2024-07-28,16,F,2,valido,
18487,5786,5786012,2,2024-09-06,198,F,3,valido,
18488,5768,5768020,1,2024-06-28,96,F,2,valido,
18489,5773,5773011,1,2024-11-16,56,F,3,valido,
18490,5725,5725060,2,2024-12-28,75,F,2,valido,
18491,5797,5797005,1,2024-08-06,126,F,3,valido,
18492,5720,5720024,1,2024-01-13,50,F,4,valido,
18493,5747,5747025,3,2024-10-12,185,F,4,valido,
18494,5713,5713015,3,2024-07-21,178,F,4,valido,
18495,5705,5705017,4,2024-10-23,66,F,1,valido,
18496,5768,5768024,4,2024-11-08,119,F,2,valido,
18497,5727,5727007,4,2024-11-28,177,F,6,valido,
18498,5727,5727026,1,2024-06-20,171,F,6,valido,
18499,5715,5715117,4,2024-12-03,4,F,2,valido,
18500,5752,5752025,3,2024-02-18,86,F,6,valido,
18501,5705,5705007,3,2024-11-17,10,F,1,valido,
18502,5715,5715033,4,2024-01-26,149,F,2,valido,
18503,5773,5773025,3,2024-10-25,1,F,3,valido,
18504,5720,5720011,2,2024-04-19,24,F,4,valido,
18505,5708,5708008,1,2024-10-09,140,F,4,valido,
18506,5705,5705013,3,2024-11-15,75,F,1,valido,
18507,5723,5723004,4,2024-06-03,161,F,4,valido,
18508,5725,5725006,1,2024-11-21,41,F,2,valido,
18509,5786,5786011,2,2024-04-16,10,F,3,valido,
18510,5725,5725079,1,2024-10-22,187,F,2,valido,
18511,5795,5795001,1,2024-03-24,56,F,5,valido,
18512,5705,5705055,4,2024-01-07,199,F,1,valido,
18513,5791,5791011,2,2024-08-19,181,F,3,valido,
18514,5752,5752049,1,2024-04-15,111,F,6,valido,
18515,5752,5752039,3,2024-09-06,94,F,6,valido,
18516,5768,5768077,1,2024-04-01,163,F,2,valido,
18517,5723,5723017,4,2024-06-20,110,F,4,valido,
18518,5725,5725094,1,2024-05-27,117,F,2,valido,
18519,5718,5718016,4,2024-01-15,163,F,3,valido,
18520,5725,5725113,4,2024-10-20,189,F,2,valido,
18521,5744,5744008,3,2024-06-17,2,F,4,valido,
18522,5768,5768056,2,2024-04-04,185,F,2,valido,
18523,5752,5752001,1,2024-11-14,130,F,6,valido,
18524,5718,5718012,3,2024-12-22,43,F,3,valido,
18525,5752,5752036,3,2024-02-19,103,F,6,valido,
18526,5744,5744007,4,2024-05-19,17,F,4,valido,
18527,5773,5773013,4,2024-06-16,120,F,3,valido,
18528,5713,5713018,1,2024-03-09,27,F,4,valido,
18529,5715,5715120,3,2024-02-08,200,F,2,valido,
18530,5750,5750002,3,2024-02-12,98,F,5,valido,
18531,5725,5725066,2,2024-01-13,51,F,2,valido,
18532,5708,5708010,3,2024-07-16,6,F,4,valido,
18533,5705,5705099,1,2024-11-21,5,F,1,valido,
18534,5725,5725088,3,2024-08-08,117,F,2,valido,
18535,5719,5719010,2,2024-03-23,189,F,6,valido,
18536,5770,5770022,4,2024-02-28,71,F,4,valido,
18537,5766,5766005,1,2024-06-09,97,F,1,valido,
18538,5794,5794002,1,2024-07-14,133,F,5,valido,
18539,5794,5794007,3,2024-03-27,124,F,5,valido,
18540,5768,5768058,4,2024-04-07,83,F,2,valido,
18541,5766,5766010,1,2024-07-28,143,F,1,valido,
18542,5776,5776039,4,2024-12-20,113,F,6,valido,
18543,5791,5791009,1,2024-11-22,36,F,3,valido,
18544,5770,5770001,3,2024-01-28,128,F,4,valido,
18545,5741,5741013,1,2024-11-01,51,F,3,valido,
18546,5773,5773027,1,2024-05-27,71,F,3,valido,
18547,5715,5715106,1,2024-09-24,62,F,2,valido,
18548,5768,5768083,2,2024-02-22,77,F,2,valido,
18549,5715,5715088,1,2024-04-26,73,F,2,valido,
18550,5705,5705054,1,2024-11-17,129,F,1,valido,
18551,5725,5725086,3,2024-01-27,107,F,2,valido,
18552,5727,5727029,2,2024-01-25,37,F,6,valido,
18553,5768,5768079,1,2024-10-16,60,F,2,valido,
18554,5754,5754017,4,2024-01-03,115,F,2,valido,
18555,5713,5713033,3,2024-07-28,41,F,4,valido,
18556,5773,5773039,3,2024-07-02,52,F,3,valido,
18557,5725,5725057,1,2024-04-26,58,F,2,valido,
18558,5770,5770005,3,2024-02-28,88,F,4,valido,
18559,5768,5768087,1,2024-03-20,122,F,2,valido,
18560,5725,5725035,3,2024-10-28,61,F,2,valido,
18561,5723,5723030,4,2024-11-12,135,F,4,valido,
18562,5754,5754016,1,2024-12-12,191,F,2,valido,
18563,5750,5750010,1,2024-05-22,136,F,5,valido,
18564,5725,5725012,1,2024-05-08,131,F,2,valido,
18565,5725,5725044,4,2024-02-09,122,F,2,valido,
18566,5766,5766010,2,2024-07-08,149,F,1,valido,
18567,5754,5754031,1,2024-07-04,9,F,2,valido,
18568,5705,5705097,4,2024-02-20,125,F,1,valido,
18569,5708,5708015,3,2024-11-18,183,F,4,valido,
18570,5725,5725067,2,2024-04-02,142,F,2,valido,
18571,5715,5715060,1,2024-08-03,165,F,2,valido,
18572,5705,5705100,1,2024-07-28,170,F,1,valido,
18573,5725,5725102,2,2024-12-20,18,F,2,valido,
18574,5750,5750007,3,2024-11-05,191,F,5,valido,
18575,5717,5717006,3,2024-02-12,70,F,1,valido,
18576,5723,5723017,4,2024-08-15,16,F,4,valido,
18577,5717,5717017,3,2024-06-05,71,F,1,valido,
18578,5752,5752005,4,2024-04-11,76,F,6,valido,
18579,5715,5715092,3,2024-09-19,101,F,2,valido,
18580,5785,5785017,2,2024-01-15,98,F,5,valido,
18581,5770,5770003,4,2024-10-10,62,F,4,valido,
18582,5786,5786010,1,2024-12-15,20,F,3,valido,
18583,5715,5715017,2,2024-04-07,199,F,2,valido,
18584,5768,5768060,1,2024-01-15,89,F,2,valido,
18585,5754,5754010,4,2024-11-23,170,F,2,valido,
18586,5763,5763005,4,2024-06-18,199,F,1,valido,
18587,5776,5776018,2,2024-11-15,26,F,6,valido,
18588,5715,5715037,3,2024-01-21,90,F,2,valido,
18589,5713,5713025,3,2024-12-09,118,F,4,valido,
18590,5725,5725066,4,2024-02-24,141,F,2,valido,
18591,5719,5719006,2,2024-11-16,168,F,6,valido,
18592,5750,5750005,4,2024-01-01,10,F,5,valido,
18593,5750,5750009,1,2024-10-17,145,F,5,valido,
18594,5773,5773045,3,2024-03-09,120,F,3,valido,
18595,5754,5754009,3,2024-01-25,37,F,2,valido,
18596,5725,5725109,3,2024-08-08,41,F,2,valido,
18597,5715,5715034,4,2024-07-04,182,F,2,valido,
18598,5725,5725101,1,2024-02-26,15,F,2,valido,
18599,5791,5791011,2,2024-06-03,35,F,3,valido,
18600,5719,5719040,1,2024-09-16,116,F,6,valido,
18601,5717,5717014,2,2024-01-26,190,F,1,valido,
18602,5719,5719005,4,2024-05-18,190,F,6,valido,
18603,5794,5794003,3,2024-09-06,21,F,5,valido,
18604,5786,5786005,2,2024-08-12,14,F,3,valido,
18605,5741,5741032,1,2024-11-16,164,F,3,valido,
18606,5705,5705062,3,2024-05-28,67,F,1,valido,
18607,5770,5770014,1,2024-10-03,183,F,4,valido,
18608,5723,5723005,4,2024-02-26,7,F,4,valido,
18609,5715,5715063,2,2024-09-11,183,F,2,valido,
18610,5741,5741019,2,2024-07-28,192,F,3,valido,
18611,5725,5725056,2,2024-06-11,65,F,2,valido,
18612,5723,5723001,2,2024-02-09,95,F,4,valido,
18613,5715,5715088,1,2024-06-14,122,F,2,valido,
18614,5705,5705055,2,2024-04-25,171,F,1,valido,
18615,5768,5768024,2,2024-01-09,191,F,2,valido,
18616,5713,5713004,4,2024-02-03,152,F,4,valido,
18617,5768,5768021,1,2024-07-10,116,F,2,valido,
18618,5719,5719037,4,2024-09-07,194,F,6,valido,
18619,5715,5715018,3,2024-04-18,90,F,2,valido,
18620,5741,5741001,2,2024-11-07,109,F,3,valido,
18621,5773,5773005,4,2024-06-06,2,F,3,valido,
18622,5713,5713027,3,2024-10-07,110,F,4,valido,
18623,5741,5741034,4,2024-08-05,143,F,3,valido,
18624,5776,5776030,2,2024-12-14,61,F,6,valido,
18625,5766,5766014,1,2024-12-11,147,F,1,valido,
18626,5725,5725040,3,2024-04-04,130,F,2,valido,
18627,5715,5715090,1,2024-10-01,4,F,2,valido,
18628,5725,5725007,4,2024-05-28,72,F,2,valido,
18629,5776,5776030,4,2024-10-11,19,F,6,valido,
18630,5747,5747013,3,2024-09-01,59,F,4,valido,
18631,5725,5725087,4,2024-05-27,63,F,2,valido,
18632,5741,5741023,1,2024-01-21,104,F,3,valido,
18633,5741,5741010,1,2024-11-14,39,F,3,valido,
18634,5725,5725104,1,2024-06-06,181,F,2,valido,
18635,5752,5752007,3,2024-05-07,69,F,6,valido,
18636,5717,5717018,3,2024-06-09,100,F,1,valido,
18637,5776,5776038,3,2024-07-24,5,F,6,valido,
18638,5747,5747013,1,2024-04-26,194,F,4,valido,
18639,5715,5715086,3,2024-08-12,53,F,2,valido,
18640,5705,5705056,3,2024-08-06,24,F,1,valido,
18641,5725,5725008,3,2024-11-07,200,F,2,valido,
18642,5713,5713044,1,2024-04-07,25,F,4,valido,
18643,5725,5725065,2,2024-12-28,154,F,2,valido,
18644,5768,5768064,2,2024-07-19,28,F,2,valido,
18645,5720,5720024,4,2024-10-02,152,F,4,valido,
18646,5713,5713017,1,2024-04-19,114,F,4,valido,
18647,5786,5786006,3,2024-10-02,100,F,3,valido,
18648,5715,5715039,4,2024-06-25,6,F,2,valido,
18649,5713,5713005,4,2024-06-07,91,F,4,valido,
18650,5754,5754018,2,2024-01-14,139,F,2,valido,
18651,5705,5705071,2,2024-06-21,84,F,1,valido,
18652,5715,5715009,1,2024-12-26,48,F,2,valido,
18653,5727,5727014,4,2024-01-21,126,F,6,valido,
18654,5718,5718002,3,2024-03-05,4,F,3,valido,
18655,5723,5723009,3,2024-02-13,130,F,4,valido,
18656,5747,5747023,1,2024-01-12,50,F,4,valido,
18657,5741,5741027,4,2024-05-25,115,F,3,valido,
18658,5791,5791004,2,2024-03-14,154,F,3,valido,
18659,5776,5776012,2,2024-06-08,79,F,6,valido,
18660,5725,5725027,2,2024-07-21,62,F,2,valido,
18661,5719,5719028,1,2024-04-27,142,F,6,valido,
18662,5715,5715032,2,2024-10-17,158,F,2,valido,
18663,5715,5715087,3,2024-08-22,27,F,2,valido,
18664,5705,5705063,3,2024-09-25,74,F,1,valido,
18665,5713,5713035,2,2024-10-27,121,F,4,valido,
18666,5752,5752035,3,2024-02-15,116,F,6,valido,
18667,5768,5768020,2,2024-07-03,92,F,2,valido,
18668,5705,5705038,2,2024-10-15,43,F,1,valido,
18669,5781,5781005,1,2024-05-05,22,F,5,valido,
18670,5768,5768058,2,2024-05-28,117,F,2,valido,
18671,5715,5715123,2,2024-09-01,93,F,2,valido,
18672,5715,5715030,1,2024-09-24,147,F,2,valido,
18673,5720,5720016,4,2024-04-07,90,F,4,valido,
18674,5725,5725068,4,2024-12-13,41,F,2,valido,
18675,5773,5773017,3,2024-09-06,121,F,3,valido,
18676,5776,5776008,3,2024-08-14,161,F,6,valido,
18677,5754,5754027,3,2024-09-20,146,F,2,valido,
18678,5723,5723015,2,2024-04-28,24,F,4,valido,
18679,5747,5747030,3,2024-05-05,44,F,4,valido,
18680,5770,5770008,3,2024-06-02,27,F,4,valido,
18681,5776,5776022,3,2024-02-18,57,F,6,valido,
18682,5720,5720011,2,2024-06-12,192,F,4,valido,
18683,5781,5781007,1,2024-11-15,176,F,5,valido,
18684,5747,5747021,3,2024-09-27,82,F,4,valido,
18685,5725,5725012,1,2024-06-27,131,F,2,valido,
18686,5715,5715002,1,2024-12-05,115,F,2,valido,
18687,5766,5766009,1,2024-10-05,35,F,1,valido,
18688,5744,5744008,1,2024-09-12,187,F,4,valido,
18689,5768,5768005,4,2024-05-14,139,F,2,valido,
18690,5776,5776040,4,2024-06-12,88,F,6,valido,
18691,5768,5768048,3,2024-10-14,2,F,2,valido,
18692,5715,5715055,1,2024-04-06,161,F,2,valido,
18693,5773,5773005,4,2024-05-26,178,F,3,valido,
18694,5725,5725083,4,2024-04-06,123,F,2,valido,
18695,5705,5705040,2,2024-06-28,147,F,1,valido,
18696,5752,5752030,2,2024-09-23,156,F,6,valido,
18697,5752,5752039,4,2024-04-21,137,F,6,valido,
18698,5768,5768080,1,2024-06-10,105,F,2,valido,
18699,5747,5747022,1,2024-11-22,15,F,4,valido,
18700,5752,5752055,3,2024-05-13,165,F,6,valido,
18701,5723,5723030,4,2024-10-28,3,F,4,valido,
18702,5715,5715031,4,2024-02-19,68,F,2,valido,
18703,5770,5770015,2,2024-07-15,63,F,4,valido,
18704,5705,5705010,2,2024-01-14,25,F,1,valido,
18705,5725,5725072,1,2024-02-22,167,F,2,valido,
18706,5776,5776005,3,2024-10-05,173,F,6,valido,
18707,5750,5750002,3,2024-08-21,178,F,5,valido,
18708,5794,5794003,2,2024-05-18,85,F,5,valido,
18709,5720,5720021,1,2024-04-27,188,F,4,valido,
18710,5725,5725012,3,2024-03-11,79,F,2,valido,
18711,5718,5718011,4,2024-01-20,188,F,3,valido,
18712,5715,5715020,2,2024-07-11,5,F,2,valido,
18713,5752,5752054,1,2024-04-16,122,F,6,valido,
18714,5715,5715041,1,2024-03-19,49,F,2,valido,
18715,5715,5715028,4,2024-01-21,134,F,2,valido,
18716,5773,5773041,2,2024-10-06,112,F,3,valido,
18717,5719,5719034,4,2024-10-09,70,F,6,valido,
18718,5785,5785013,1,2024-01-08,68,F,5,valido,
18719,5713,5713035,3,2024-08-25,10,F,4,valido,
18720,5727,5727014,4,2024-04-05,95,F,6,valido,
18721,5768,5768029,2,2024-04-05,25,F,2,valido,
18722,5725,5725115,1,2024-07-09,151,F,2,valido,
18723,5725,5725068,4,2024-10-24,131,F,2,valido,
18724,5715,5715004,1,2024-12-14,62,F,2,valido,
18725,5776,5776006,4,2024-03-28,179,F,6,valido,
18726,5752,5752045,2,2024-03-06,171,F,6,valido,
18727,5705,5705027,3,2024-06-19,9,F,1,valido,
18728,5768,5768055,1,2024-08-19,1,F,2,valido,
18729,5705,5705028,3,2024-06-05,141,F,1,valido,
18730,5720,5720006,4,2024-07-25,62,F,4,valido,
18731,5705,5705004,4,2024-03-19,132,F,1,valido,
18732,5705,5705110,1,2024-02-09,191,F,1,valido,
18733,5723,5723011,1,2024-12-10,83,F,4,valido,
18734,5776,5776023,3,2024-07-20,18,F,6,valido,
18735,5705,5705103,3,2024-06-09,146,F,1,valido,
18736,5705,5705096,1,2024-08-14,34,F,1,valido,
18737,5715,5715002,1,2024-07-01,195,F,2,valido,
18738,5705,5705027,3,2024-02-07,10,F,1,valido,
18739,5705,5705029,2,2024-04-27,193,F,1,valido,
18740,5705,5705036,2,2024-03-27,16,F,1,valido,
18741,5752,5752061,4,2024-06-19,29,F,6,valido,
18742,5727,5727019,2,2024-02-15,27,F,6,valido,
18743,5747,5747021,4,2024-08-09,39,F,4,valido,
18744,5747,5747001,3,2024-06-05,85,F,4,valido,
18745,5776,5776005,1,2024-06-17,39,F,6,valido,
18746,5750,5750013,2,2024-12-18,170,F,5,valido,
18747,5713,5713001,4,2024-11-11,160,F,4,valido,
18748,5719,5719014,3,2024-03-28,176,F,6,valido,
18749,5713,5713044,3,2024-11-08,137,F,4,valido,
18750,5713,5713029,2,2024-10-25,151,F,4,valido,
18751,5715,5715084,4,2024-05-09,129,F,2,valido,
18752,5747,5747023,3,2024-07-22,198,F,4,valido,
18753,5715,5715057,1,2024-01-01,36,F,2,valido,
18754,5717,5717022,1,2024-12-01,58,F,1,valido,
18755,5768,5768027,4,2024-12-18,32,F,2,valido,
18756,5725,5725109,3,2024-02-20,157,F,2,valido,
18757,5741,5741020,4,2024-07-04,64,F,3,valido,
18758,5768,5768078,3,2024-10-04,70,F,2,valido,
18759,5719,5719012,4,2024-12-12,190,F,6,valido,
18760,5715,5715120,1,2024-03-19,65,F,2,valido,
18761,5723,5723011,3,2024-07-17,127,F,4,valido,
18762,5715,5715022,3,2024-05-02,28,F,2,valido,
18763,5705,5705048,4,2024-04-27,163,F,1,valido,
18764,5718,5718006,3,2024-03-09,5,F,3,valido,
18765,5773,5773044,1,2024-07-19,114,F,3,valido,
18766,5705,5705078,1,2024-01-05,175,F,1,valido,
18767,5713,5713009,2,2024-06-26,102,F,4,valido,
18768,5715,5715021,4,2024-05-17,43,F,2,valido,
18769,5715,5715061,4,2024-09-27,39,F,2,valido,
18770,5754,5754034,1,2024-07-27,62,F,2,valido,
18771,5713,5713010,1,2024-07-20,62,F,4,valido,
18772,5713,5713033,2,2024-08-22,16,F,4,valido,
18773,5715,5715077,2,2024-03-14,100,F,2,valido,
18774,5766,5766013,1,2024-05-06,48,F,1,valido,
18775,5705,5705072,3,2024-11-20,19,F,1,valido,
18776,5705,5705045,4,2024-08-01,188,F,1,valido,
18777,5705,5705118,2,2024-07-26,137,F,1,valido,
18778,5708,5708016,3,2024-05-19,70,F,4,valido,
18779,5752,5752039,2,2024-12-20,14,F,6,valido,
18780,5715,5715025,4,2024-07-22,33,F,2,valido,
18781,5718,5718014,4,2024-08-03,24,F,3,valido,
18782,5752,5752037,1,2024-11-02,111,F,6,valido,
18783,5715,5715069,3,2024-10-13,185,F,2,valido,
18784,5752,5752059,4,2024-10-18,154,F,6,valido,
18785,5705,5705004,4,2024-05-28,51,F,1,valido,
18786,5768,5768032,2,2024-06-10,27,F,2,valido,
18787,5773,5773011,4,2024-08-04,149,F,3,valido,
18788,5752,5752034,3,2024-05-21,47,F,6,valido,
18789,5719,5719042,4,2024-11-07,98,F,6,valido,
18790,5794,5794007,3,2024-08-24,109,F,5,valido,
18791,5718,5718014,2,2024-08-22,63,F,3,valido,
18792,5715,5715012,4,2024-02-18,68,F,2,valido,
18793,5715,5715090,3,2024-06-19,176,F,2,valido,
18794,5725,5725007,3,2024-08-12,20,F,2,valido,
18795,5723,5723002,3,2024-06-06,35,F,4,valido,
18796,5797,5797005,1,2024-01-05,4,F,3,valido,
18797,5768,5768007,2,2024-06-26,121,F,2,valido,
18798,5720,5720025,1,2024-05-09,58,F,4,valido,
18799,5768,5768037,2,2024-10-27,6,F,2,valido,
18800,5785,5785016,2,2024-02-27,159,F,5,valido,
18801,5766,5766002,3,2024-01-13,200,F,1,valido,
18802,5752,5752043,4,2024-04-04,12,F,6,valido,
18803,5773,5773008,4,2024-10-01,11,F,3,valido,
18804,5770,5770004,4,2024-01-15,102,F,4,valido,
18805,5705,5705096,2,2024-11-24,148,F,1,valido,
18806,5727,5727024,1,2024-12-05,47,F,6,valido,
18807,5705,5705008,1,2024-08-17,66,F,1,valido,
18808,5773,5773034,2,2024-08-28,119,F,3,valido,
18809,5705,5705004,2,2024-02-28,111,F,1,valido,
18810,5727,5727031,4,2024-04-22,187,F,6,valido,
18811,5773,5773005,1,2024-01-11,89,F,3,valido,
18812,5705,5705051,2,2024-11-02,118,F,1,valido,
18813,5747,5747003,2,2024-08-02,27,F,4,valido,
18814,5725,5725066,3,2024-12-13,31,F,2,valido,
18815,5713,5713018,2,2024-07-18,121,F,4,valido,
18816,5776,5776009,4,2024-08-06,93,F,6,valido,
18817,5750,5750022,1,2024-11-24,149,F,5,valido,
18818,5715,5715061,3,2024-03-11,134,F,2,valido,
18819,5776,5776007,3,2024-12-03,144,F,6,valido,
18820,5770,5770013,2,2024-08-07,182,F,4,valido,
18821,5727,5727009,3,2024-02-26,43,F,6,valido,
18822,5750,5750009,1,2024-08-22,132,F,5,valido,
18823,5773,5773009,2,2024-05-16,150,F,3,valido,
18824,5773,5773040,1,2024-10-21,16,F,3,valido,
18825,5717,5717027,1,2024-02-06,59,F,1,valido,
18826,5720,5720002,1,2024-01-25,81,F,4,valido,
18827,5773,5773034,3,2024-02-15,178,F,3,valido,
18828,5795,5795004,4,2024-05-21,4,F,5,valido,
18829,5744,5744009,4,2024-12-08,162,F,4,valido,
18830,5744,5744008,1,2024-02-09,15,F,4,valido,
18831,5752,5752044,2,2024-08-14,54,F,6,valido,
18832,5711,5711001,3,2024-01-04,7,F,2,valido,
18833,5715,5715047,3,2024-01-15,139,F,2,valido,
18834,5720,5720003,2,2024-08-06,34,F,4,valido,
18835,5725,5725094,2,2024-06-09,89,F,2,valido,
18836,5747,5747027,4,2024-09-21,25,F,4,valido,
18837,5725,5725003,2,2024-03-10,163,F,2,valido,
18838,5705,5705111,2,2024-10-20,153,F,1,valido,
18839,5741,5741007,1,2024-04-26,26,F,3,valido,
18840,5705,5705080,3,2024-06-27,133,F,1,valido,
18841,5705,5705034,3,2024-08-25,180,F,1,valido,
18842,5705,5705054,3,2024-05-05,18,F,1,valido,
18843,5705,5705027,4,2024-09-28,52,F,1,valido,
18844,5768,5768061,1,2024-09-12,187,F,2,valido,
18845,5776,5776015,3,2024-06-19,141,F,6,valido,
18846,5708,5708016,1,2024-05-27,176,F,4,valido,
18847,5776,5776020,3,2024-02-05,130,F,6,valido,
18848,5705,5705035,3,2024-03-22,87,F,1,valido,
18849,5752,5752057,1,2024-07-13,142,F,6,valido,
18850,5754,5754035,4,2024-12-18,115,F,2,valido,
18851,5770,5770004,1,2024-06-03,17,F,4,valido,
18852,5705,5705029,1,2024-04-05,156,F,1,valido,
18853,5752,5752027,1,2024-11-14,178,F,6,valido,
18854,5785,5785006,4,2024-08-20,19,F,5,valido,
18855,5708,5708001,4,2024-11-23,117,F,4,valido,
18856,5770,5770012,2,2024-07-22,181,F,4,valido,
18857,5725,5725115,1,2024-12-17,108,F,2,valido,
18858,5768,5768045,3,2024-03-20,37,F,2,valido,
18859,5725,5725087,4,2024-08-12,83,F,2,valido,
18860,5725,5725039,1,2024-10-09,87,F,2,valido,
18861,5770,5770008,3,2024-11-15,157,F,4,valido,
18862,5705,5705092,3,2024-07-01,135,F,1,valido,
18863,5705,5705091,1,2024-09-01,148,F,1,valido,
18864,5768,5768077,4,2024-07-08,53,F,2,valido,
18865,5719,5719019,1,2024-09-19,84,F,6,valido,
18866,5741,5741036,2,2024-06-09,25,F,3,valido,
18867,5768,5768085,2,2024-06-10,31,F,2,valido,
18868,5770,5770023,1,2024-03-22,86,F,4,valido,
18869,5768,5768011,4,2024-07-11,76,F,2,valido,
18870,5713,5713042,2,2024-07-08,111,F,4,valido,
18871,5776,5776033,3,2024-07-05,30,F,6,valido,
18872,5752,5752061,3,2024-07-28,116,F,6,valido,
18873,5727,5727026,1,2024-04-23,16,F,6,valido,
18874,5705,5705012,4,2024-04-11,93,F,1,valido,
18875,5719,5719009,4,2024-11-23,100,F,6,valido,
18876,5768,5768068,4,2024-12-12,69,F,2,valido,
18877,5776,5776018,3,2024-11-20,120,F,6,valido,
18878,5770,5770001,1,2024-09-15,163,F,4,valido,
18879,5719,5719039,2,2024-11-07,56,F,6,valido,
18880,5718,5718004,3,2024-10-21,82,F,3,valido,
18881,5747,5747006,1,2024-05-02,47,F,4,valido,
18882,5752,5752057,4,2024-05-18,51,F,6,valido,
18883,5727,5727007,2,2024-07-04,74,F,6,valido,
18884,5705,5705078,2,2024-08-28,26,F,1,valido,
18885,5719,5719030,1,2024-02-26,101,F,6,valido,
18886,5754,5754011,2,2024-06-14,3,F,2,valido,
18887,5725,5725010,1,2024-09-21,11,F,2,valido,
18888,5776,5776037,4,2024-08-11,142,F,6,valido,
18889,5720,5720014,1,2024-07-07,176,F,4,valido,
18890,5708,5708012,2,2024-04-02,179,F,4,valido,
18891,5715,5715043,3,2024-12-08,159,F,2,valido,
18892,5747,5747020,1,2024-10-16,92,F,4,valido,
18893,5718,5718013,4,2024-01-02,127,F,3,valido,
18894,5750,5750020,2,2024-03-09,17,F,5,valido,
18895,5741,5741005,3,2024-12-24,32,F,3,valido,
18896,5725,5725106,2,2024-02-26,115,F,2,valido,
18897,5752,5752019,3,2024-04-04,61,F,6,valido,
18898,5713,5713031,1,2024-09-04,197,F,4,valido,
18899,5717,5717022,1,2024-03-23,161,F,1,valido,
18900,5770,5770013,3,2024-10-24,13,F,4,valido,
18901,5720,5720016,3,2024-01-11,124,F,4,valido,
18902,5768,5768042,4,2024-10-10,151,F,2,valido,
18903,5773,5773020,4,2024-01-14,169,F,3,valido,
18904,5768,5768039,4,2024-10-24,171,F,2,valido,
18905,5763,5763004,3,2024-08-24,85,F,1,valido,
18906,5750,5750026,4,2024-03-23,16,F,5,valido,
18907,5773,5773006,3,2024-02-11,123,F,3,valido,
18908,5713,5713038,4,2024-08-05,51,F,4,valido,
18909,5725,5725069,4,2024-07-02,64,F,2,valido,
18910,5727,5727010,1,2024-08-18,142,F,6,valido,
18911,5705,5705108,4,2024-03-23,126,F,1,modificado,"E: id_producto 0 -> 4. Case rule: only NARANJITA is sold in Támesis, Antioquia."
18912,5766,5766014,3,2024-08-27,166,F,1,valido,
18913,5752,5752037,4,2024-02-25,82,F,6,valido,
18914,5754,5754028,2,2024-05-24,178,F,2,valido,
18915,5754,5754033,3,2024-04-17,69,F,2,valido,
18916,5754,5754033,3,2024-10-05,25,F,2,valido,
18917,5770,5770005,2,2024-03-03,57,F,4,valido,
18918,5715,5715058,4,2024-02-20,132,F,2,valido,
18919,5708,5708007,1,2024-08-09,163,F,4,valido,
18920,5727,5727001,1,2024-06-01,115,F,6,valido,
18921,5768,5768044,1,2024-09-11,92,F,2,valido,
18922,5719,5719034,2,2024-06-16,21,F,6,valido,
18923,5752,5752012,4,2024-11-02,163,F,6,valido,
18924,5713,5713037,2,2024-10-01,144,F,4,valido,
18925,5744,5744012,1,2024-06-14,171,F,4,valido,
18926,5705,5705099,2,2024-06-17,176,F,1,valido,
18927,5752,5752053,2,2024-01-13,24,F,6,valido,
18928,5768,5768020,4,2024-03-04,102,F,2,valido,
18929,5754,5754019,3,2024-08-04,14,F,2,valido,
18930,5725,5725080,1,2024-10-06,50,F,2,valido,
18931,5747,5747027,4,2024-11-16,191,F,4,valido,
18932,5750,5750006,4,2024-08-21,144,F,5,valido,
18933,5776,5776010,3,2024-12-16,179,F,6,valido,
18934,5723,5723015,2,2024-07-10,54,F,4,valido,
18935,5791,5791005,3,2024-03-21,72,F,3,valido,
18936,5715,5715085,4,2024-07-11,160,F,2,valido,
18937,5754,5754016,4,2024-09-18,150,F,2,valido,
18938,5715,5715115,1,2024-06-28,133,F,2,valido,
18939,5725,5725108,4,2024-01-18,5,F,2,valido,
18940,5770,5770020,4,2024-09-25,197,F,4,valido,
18941,5768,5768047,3,2024-07-20,77,F,2,valido,
18942,5715,5715019,3,2024-01-26,30,F,2,valido,
18943,5713,5713023,3,2024-11-05,177,F,4,valido,
18944,5773,5773011,3,2024-08-17,85,F,3,valido,
18945,5752,5752054,2,2024-04-02,28,F,6,valido,
18946,5705,5705100,1,2024-01-17,173,F,1,valido,
18947,5763,5763011,1,2024-04-01,162,F,1,valido,
18948,5754,5754011,4,2024-12-02,130,F,2,valido,
18949,5715,5715069,4,2024-03-03,130,F,2,valido,
18950,5725,5725020,2,2024-01-04,184,F,2,valido,
18951,5768,5768086,2,2024-12-18,146,F,2,valido,
18952,5752,5752059,2,2024-06-27,172,F,6,valido,
18953,5725,5725008,2,2024-02-02,137,F,2,valido,
18954,5717,5717009,4,2024-06-27,56,F,1,valido,
18955,5708,5708011,3,2024-01-02,107,F,4,valido,
18956,5715,5715024,4,2024-01-28,142,F,2,valido,
18957,5708,5708017,4,2024-11-05,120,F,4,valido,
18958,5754,5754008,3,2024-12-17,101,F,2,valido,
18959,5708,5708012,2,2024-04-08,50,F,4,valido,
18960,5752,5752051,3,2024-10-27,12,F,6,valido,
18961,5725,5725054,3,2024-04-16,197,F,2,valido,
18962,5773,5773029,2,2024-01-24,128,F,3,valido,
18963,5705,5705035,3,2024-08-04,126,F,1,valido,
18964,5776,5776027,2,2024-02-09,25,F,6,valido,
18965,5747,5747007,1,2024-09-11,102,F,4,valido,
18966,5715,5715082,2,2024-06-23,81,F,2,valido,
18967,5768,5768050,4,2024-08-21,7,F,2,valido,
18968,5773,5773022,4,2024-11-03,25,F,3,valido,
18969,5768,5768016,1,2024-04-06,94,F,2,valido,
18970,5720,5720022,4,2024-10-05,96,F,4,valido,
18971,5727,5727003,2,2024-05-14,96,F,6,valido,
18972,5725,5725084,1,2024-01-21,39,F,2,valido,
18973,5715,5715027,3,2024-08-05,154,F,2,valido,
18974,5715,5715029,3,2024-11-18,174,F,2,valido,
18975,5786,5786010,4,2024-04-02,21,F,3,valido,
18976,5705,5705005,4,2024-08-22,182,F,1,valido,
18977,5768,5768010,4,2024-06-28,43,F,2,valido,
18978,5752,5752038,1,2024-01-06,178,F,6,valido,
18979,5725,5725085,3,2024-02-23,6,F,2,valido,
18980,5718,5718009,3,2024-04-15,43,F,3,valido,
18981,5720,5720023,2,2024-06-04,40,F,4,valido,
18982,5747,5747029,2,2024-07-20,190,F,4,valido,
18983,5768,5768069,3,2024-12-26,25,F,2,valido,
18984,5725,5725042,2,2024-10-25,136,F,2,valido,
18985,5768,5768005,2,2024-12-03,42,F,2,valido,
18986,5763,5763007,2,2024-08-17,114,F,1,valido,
18987,5747,5747016,3,2024-06-05,72,F,4,valido,
18988,5705,5705091,2,2024-08-12,193,F,1,valido,
18989,5715,5715093,1,2024-06-06,181,F,2,valido,
18990,5770,5770016,3,2024-03-12,76,F,4,valido,
18991,5725,5725087,3,2024-12-22,51,F,2,valido,
18992,5768,5768029,1,2024-02-12,49,F,2,valido,
18993,5705,5705091,1,2024-04-22,24,F,1,valido,
18994,5776,5776016,3,2024-07-26,191,F,6,valido,
18995,5725,5725025,4,2024-03-06,60,F,2,valido,
18996,5715,5715107,3,2024-04-06,13,F,2,valido,
18997,5719,5719042,1,2024-03-16,160,F,6,valido,
18998,5705,5705069,3,2024-10-26,129,F,1,valido,
18999,5715,5715107,1,2024-06-19,179,F,2,valido,
19000,5747,5747017,3,2024-12-19,21,F,4,valido,
19001,5705,5705058,3,2024-11-16,35,F,1,valido,
19002,5715,5715104,4,2024-04-17,17,F,2,valido,
19003,5773,5773017,3,2024-10-05,174,F,3,valido,
19004,5720,5720014,2,2024-07-12,128,F,4,valido,
19005,5717,5717021,3,2024-10-15,127,F,1,valido,
19006,5705,5705079,3,2024-11-17,125,F,1,valido,
19007,5768,5768084,2,2024-07-11,88,F,2,valido,
19008,5773,5773025,3,2024-01-27,179,F,3,valido,
19009,5750,5750002,2,2024-09-25,137,F,5,valido,
19010,5725,5725092,2,2024-11-15,200,F,2,valido,
19011,5747,5747017,3,2024-03-26,65,F,4,valido,
19012,5725,5725019,4,2024-10-08,166,F,2,valido,
19013,5719,5719005,2,2024-04-03,16,F,6,valido,
19014,5719,5719021,3,2024-07-15,27,F,6,valido,
19015,5773,5773022,3,2024-12-01,27,F,3,valido,
19016,5741,5741008,2,2024-09-12,192,F,3,valido,
19017,5786,5786006,4,2024-03-28,127,F,3,valido,
19018,5705,5705104,4,2024-10-05,194,F,1,valido,
19019,5763,5763007,4,2024-12-23,192,F,1,valido,
19020,5752,5752039,1,2024-09-20,151,F,6,valido,
19021,5723,5723028,3,2024-12-15,62,F,4,valido,
19022,5715,5715010,3,2024-08-21,169,F,2,valido,
19023,5768,5768041,1,2024-05-08,96,F,2,valido,
19024,5715,5715015,2,2024-12-15,19,F,2,valido,
19025,5705,5705001,1,2024-07-04,162,F,1,valido,
19026,5705,5705098,1,2024-09-23,187,F,1,valido,
19027,5723,5723002,2,2024-02-10,4,F,4,valido,
19028,5715,5715078,1,2024-06-21,166,F,2,valido,
19029,5715,5715021,3,2024-01-26,9,F,2,valido,
19030,5785,5785013,2,2024-02-15,22,F,5,valido,
19031,5727,5727024,2,2024-04-08,94,F,6,valido,
19032,5705,5705007,2,2024-11-07,150,F,1,valido,
19033,5727,5727008,1,2024-01-11,60,F,6,valido,
19034,5768,5768085,2,2024-03-04,181,F,2,valido,
19035,5747,5747004,4,2024-03-13,69,F,4,valido,
19036,5717,5717005,4,2024-05-13,142,F,1,valido,
19037,5795,5795003,4,2024-05-01,175,F,5,valido,
19038,5754,5754012,3,2024-01-10,165,F,2,valido,
19039,5720,5720011,2,2024-03-22,178,F,4,valido,
19040,5752,5752062,1,2024-10-03,62,F,6,valido,
19041,5768,5768083,3,2024-05-10,195,F,2,valido,
19042,5776,5776018,4,2024-01-17,32,F,6,valido,
19043,5747,5747018,4,2024-07-05,83,F,4,valido,
19044,5768,5768067,4,2024-08-17,5,F,2,valido,
19045,5773,5773019,1,2024-01-22,139,F,3,valido,
19046,5776,5776021,1,2024-06-01,89,F,6,valido,
19047,5715,5715074,4,2024-01-21,60,F,2,valido,
19048,5750,5750025,1,2024-03-07,51,F,5,valido,
19049,5768,5768049,2,2024-01-11,187,F,2,valido,
19050,5785,5785003,3,2024-03-24,48,F,5,valido,
19051,5715,5715084,2,2024-05-24,71,F,2,valido,
19052,5747,5747025,4,2024-04-28,75,F,4,valido,
19053,5768,5768052,3,2024-10-15,152,F,2,valido,
19054,5720,5720017,3,2024-04-11,133,F,4,valido,
19055,5770,5770004,4,2024-01-25,65,F,4,valido,
19056,5752,5752055,2,2024-11-28,7,F,6,valido,
19057,5754,5754014,3,2024-07-09,3,F,2,valido,
19058,5723,5723027,3,2024-11-16,140,F,4,valido,
19059,5786,5786002,3,2024-11-23,173,F,3,valido,
19060,5752,5752034,1,2024-10-17,174,F,6,valido,
19061,5768,5768065,1,2024-12-14,49,F,2,valido,
19062,5719,5719005,3,2024-04-10,67,F,6,valido,
19063,5713,5713034,1,2024-03-16,158,F,4,valido,
19064,5744,5744011,3,2024-02-23,178,F,4,valido,
19065,5747,5747014,2,2024-02-07,200,F,4,valido,
19066,5713,5713001,1,2024-09-23,112,F,4,valido,
19067,5747,5747003,4,2024-08-13,150,F,4,valido,
19068,5768,5768013,1,2024-12-13,167,F,2,valido,
19069,5773,5773039,2,2024-08-05,3,F,3,valido,
19070,5754,5754020,4,2024-11-24,87,F,2,valido,
19071,5754,5754008,2,2024-05-21,157,F,2,valido,
19072,5719,5719031,4,2024-08-06,51,F,6,valido,
19073,5719,5719024,4,2024-03-04,7,F,6,valido,
19074,5785,5785017,4,2024-03-03,144,F,5,valido,
19075,5773,5773022,3,2024-07-04,128,F,3,valido,
19076,5705,5705109,3,2024-12-25,71,F,1,valido,
19077,5719,5719024,2,2024-10-03,109,F,6,valido,
19078,5705,5705038,2,2024-07-18,54,F,1,valido,
19079,5705,5705048,1,2024-06-03,198,F,1,valido,
19080,5719,5719032,3,2024-11-12,117,F,6,valido,
19081,5725,5725110,2,2024-04-26,95,F,2,valido,
19082,5715,5715079,4,2024-02-16,14,F,2,valido,
19083,5752,5752053,2,2024-08-06,162,F,6,valido,
19084,5708,5708010,3,2024-07-03,39,F,4,valido,
19085,5725,5725002,4,2024-10-05,95,F,2,valido,
19086,5725,5725097,3,2024-07-03,2,F,2,valido,
19087,5741,5741032,1,2024-02-19,58,F,3,valido,
19088,5705,5705018,2,2024-01-05,128,F,1,valido,
19089,5776,5776014,3,2024-12-15,98,F,6,valido,
19090,5754,5754016,2,2024-11-17,77,F,2,valido,
19091,5770,5770026,3,2024-11-11,87,F,4,valido,
19092,5727,5727007,4,2024-03-18,43,F,6,valido,
19093,5766,5766008,3,2024-02-13,74,F,1,valido,
19094,5741,5741034,1,2024-03-27,37,F,3,valido,
19095,5718,5718016,2,2024-04-17,114,F,3,valido,
19096,5766,5766005,2,2024-10-18,190,F,1,valido,
19097,5768,5768008,2,2024-07-23,84,F,2,valido,
19098,5723,5723002,4,2024-06-18,35,F,4,valido,
19099,5768,5768051,4,2024-11-16,87,F,2,valido,
19100,5768,5768032,3,2024-06-28,2,F,2,valido,
19101,5768,5768086,3,2024-05-02,51,F,2,valido,
19102,5725,5725082,2,2024-06-16,28,F,2,valido,
19103,5773,5773022,4,2024-04-19,73,F,3,valido,
19104,5768,5768015,2,2024-05-28,23,F,2,valido,
19105,5776,5776025,3,2024-08-15,131,F,6,valido,
19106,5773,5773009,2,2024-11-23,181,F,3,valido,
19107,5754,5754008,1,2024-09-06,8,F,2,valido,
19108,5747,5747007,3,2024-05-09,61,F,4,valido,
19109,5770,5770014,4,2024-11-17,97,F,4,valido,
19110,5705,5705003,3,2024-12-17,190,F,1,valido,
19111,5719,5719017,1,2024-11-20,52,F,6,valido,
19112,5725,5725020,1,2024-05-08,184,F,2,valido,
19113,5752,5752001,1,2024-11-07,139,F,6,valido,
19114,5718,5718015,1,2024-11-09,173,F,3,valido,
19115,5715,5715110,4,2024-06-07,195,F,2,valido,
19116,5776,5776020,1,2024-07-17,144,F,6,valido,
19117,5754,5754040,1,2024-01-03,138,F,2,valido,
19118,5752,5752044,4,2024-09-21,22,F,6,valido,
19119,5786,5786011,2,2024-08-07,56,F,3,valido,
19120,5720,5720012,3,2024-01-14,96,F,4,valido,
19121,5773,5773046,1,2024-07-20,99,F,3,valido,
19122,5770,5770017,4,2024-11-16,173,F,4,valido,
19123,5763,5763009,4,2024-01-12,156,F,1,valido,
19124,5776,5776030,3,2024-06-06,122,F,6,valido,
19125,5705,5705038,4,2024-01-27,90,F,1,valido,
19126,5705,5705096,4,2024-03-16,177,F,1,valido,
19127,5781,5781005,2,2024-02-28,172,F,5,valido,
19128,5770,5770023,3,2024-01-23,9,F,4,valido,
19129,5763,5763001,2,2024-05-16,93,F,1,valido,
19130,5768,5768065,3,2024-01-24,53,F,2,valido,
19131,5725,5725035,2,2024-01-04,92,F,2,valido,
19132,5770,5770026,1,2024-11-09,25,F,4,valido,
19133,5750,5750028,4,2024-03-28,143,F,5,valido,
19134,5747,5747021,1,2024-03-05,197,F,4,valido,
19135,5776,5776042,4,2024-12-11,67,F,6,valido,
19136,5719,5719022,1,2024-03-28,128,F,6,valido,
19137,5717,5717025,2,2024-05-15,148,F,1,valido,
19138,5727,5727002,1,2024-06-06,84,F,6,valido,
19139,5708,5708018,2,2024-07-21,153,F,4,valido,
19140,5705,5705072,2,2024-01-02,36,F,1,valido,
19141,5725,5725112,1,2024-08-11,33,F,2,valido,
19142,5741,5741032,3,2024-10-05,72,F,3,valido,
19143,5768,5768030,1,2024-06-06,167,F,2,valido,
19144,5705,5705028,4,2024-05-03,66,F,1,valido,
19145,5768,5768087,1,2024-03-26,176,F,2,valido,
19146,5773,5773009,2,2024-04-03,139,F,3,valido,
19147,5705,5705115,3,2024-05-13,169,F,1,valido,
19148,5773,5773042,2,2024-01-04,190,F,3,valido,
19149,5713,5713036,2,2024-08-14,187,F,4,valido,
19150,5705,5705061,3,2024-10-27,75,F,1,valido,
19151,5715,5715051,1,2024-10-12,5,F,2,valido,
19152,5715,5715085,4,2024-12-14,12,F,2,valido,
19153,5768,5768079,3,2024-07-09,126,F,2,valido,
19154,5776,5776031,3,2024-08-11,101,F,6,valido,
19155,5773,5773036,1,2024-11-25,162,F,3,valido,
19156,5776,5776017,3,2024-02-04,134,F,6,valido,
19157,5725,5725043,3,2024-01-15,52,F,2,valido,
19158,5715,5715106,2,2024-12-07,183,F,2,valido,
19159,5773,5773024,2,2024-11-15,175,F,3,valido,
19160,5752,5752002,2,2024-04-14,58,F,6,valido,
19161,5768,5768025,4,2024-11-14,30,F,2,valido,
19162,5776,5776014,4,2024-11-20,96,F,6,valido,
19163,5768,5768024,4,2024-09-09,47,F,2,valido,
19164,5770,5770004,2,2024-01-23,14,F,4,valido,
19165,5713,5713030,4,2024-11-18,106,F,4,valido,
19166,5719,5719037,2,2024-11-28,56,F,6,valido,
19167,5791,5791007,1,2024-05-04,50,F,3,valido,
19168,5720,5720004,3,2024-06-02,159,F,4,valido,
19169,5725,5725007,3,2024-09-13,116,F,2,valido,
19170,5719,5719027,2,2024-03-13,41,F,6,valido,
19171,5785,5785006,3,2024-04-16,28,F,5,valido,
19172,5768,5768034,1,2024-07-12,24,F,2,valido,
19173,5752,5752034,2,2024-02-04,108,F,6,valido,
19174,5773,5773037,4,2024-05-05,32,F,3,valido,
19175,5705,5705009,4,2024-02-27,77,F,1,valido,
19176,5719,5719024,3,2024-12-21,142,F,6,valido,
19177,5723,5723017,1,2024-12-23,39,F,4,valido,
19178,5754,5754001,1,2024-06-03,107,F,2,valido,
19179,5705,5705053,2,2024-11-07,71,F,1,valido,
19180,5725,5725112,4,2024-04-15,30,F,2,valido,
19181,5715,5715078,4,2024-12-08,107,F,2,modificado,B: cantidad 0 -> 107. Municipal average 107.181818 from 11 positive quantities; rounded to unit.
19182,5752,5752054,2,2024-01-15,62,F,6,valido,
19183,5766,5766010,3,2024-01-12,160,F,1,valido,
19184,5705,5705109,2,2024-04-19,21,F,1,valido,
19185,5752,5752028,2,2024-01-27,92,F,6,valido,
19186,5725,5725051,2,2024-08-17,192,F,2,valido,
19187,5752,5752015,3,2024-06-06,155,F,6,valido,
19188,5720,5720005,4,2024-01-23,61,F,4,valido,
19189,5750,5750005,2,2024-12-15,64,F,5,valido,
19190,5715,5715076,1,2024-03-09,167,F,2,valido,
19191,5786,5786011,4,2024-08-01,56,F,3,valido,
19192,5786,5786011,3,2024-06-11,28,F,3,valido,
19193,5725,5725022,3,2024-10-19,134,F,2,valido,
19194,5752,5752048,3,2024-09-20,178,F,6,valido,
19195,5705,5705108,4,2024-03-15,126,F,1,modificado,"E: id_producto 0 -> 4. Case rule: only NARANJITA is sold in Támesis, Antioquia."
19196,5768,5768024,4,2024-04-05,115,F,2,valido,
19197,5715,5715006,3,2024-08-10,71,F,2,valido,
19198,5763,5763006,2,2024-01-24,63,F,1,valido,
19199,5750,5750028,2,2024-02-03,197,F,5,valido,
19200,5725,5725075,1,2024-09-05,135,F,2,valido,
19201,5791,5791009,3,2024-07-17,127,F,3,valido,
19202,5725,5725114,4,2024-04-25,1,F,2,valido,
19203,5715,5715003,2,2024-02-12,170,F,2,valido,
19204,5776,5776037,2,2024-06-20,8,F,6,valido,
19205,5715,5715118,3,2024-09-12,192,F,2,valido,
19206,5773,5773002,3,2024-11-27,45,F,3,valido,
19207,5785,5785004,1,2024-04-07,150,F,5,valido,
19208,5750,5750021,2,2024-11-16,23,F,5,valido,
19209,5768,5768031,4,2024-04-14,196,F,2,valido,
19210,5776,5776006,4,2024-08-21,160,F,6,valido,
19211,5715,5715121,3,2024-01-02,106,F,2,valido,
19212,5727,5727025,4,2024-02-25,51,F,6,valido,
19213,5773,5773013,4,2024-04-05,155,F,3,valido,
19214,5713,5713009,4,2024-12-24,39,F,4,valido,
19215,5711,5711001,2,2024-01-04,70,F,2,valido,
19216,5752,5752012,3,2024-10-28,165,F,6,valido,
19217,5785,5785004,4,2024-07-15,156,F,5,valido,
19218,5723,5723004,4,2024-08-15,157,F,4,valido,
19219,5768,5768048,4,2024-07-16,55,F,2,valido,
19220,5705,5705078,3,2024-03-06,90,F,1,valido,
19221,5752,5752027,4,2024-06-24,92,F,6,valido,
19222,5768,5768048,3,2024-10-28,116,F,2,valido,
19223,5797,5797002,1,2024-05-19,87,F,3,valido,
19224,5785,5785013,1,2024-03-11,2,F,5,valido,
19225,5725,5725063,3,2024-02-17,28,F,2,valido,
19226,5754,5754011,3,2024-08-05,85,F,2,valido,
19227,5715,5715015,1,2024-04-14,183,F,2,valido,
19228,5752,5752027,4,2024-03-21,59,F,6,valido,
19229,5715,5715066,1,2024-09-01,135,F,2,valido,
19230,5705,5705061,1,2024-08-02,8,F,1,valido,
19231,5717,5717011,1,2024-05-08,164,F,1,valido,
19232,5713,5713039,1,2024-06-10,195,F,4,valido,
19233,5768,5768015,1,2024-01-14,54,F,2,valido,
19234,5768,5768074,2,2024-01-24,116,F,2,valido,
19235,5773,5773038,3,2024-01-22,75,F,3,valido,
19236,5715,5715047,1,2024-11-08,153,F,2,valido,
19237,5713,5713006,4,2024-05-24,180,F,4,valido,
19238,5720,5720002,4,2024-11-14,164,F,4,valido,
19239,5773,5773031,4,2024-05-23,153,F,3,valido,
19240,5752,5752049,3,2024-04-12,185,F,6,valido,
19241,5715,5715040,3,2024-12-15,14,F,2,valido,
19242,5797,5797003,2,2024-03-26,54,F,3,valido,
19243,5741,5741029,1,2024-10-26,98,F,3,valido,
19244,5750,5750025,2,2024-01-07,134,F,5,valido,
19245,5715,5715103,2,2024-07-21,132,F,2,valido,
19246,5715,5715046,2,2024-11-27,33,F,2,valido,
19247,5713,5713022,2,2024-11-16,164,F,4,valido,
19248,5768,5768031,2,2024-07-04,101,F,2,valido,
19249,5768,5768073,4,2024-10-26,40,F,2,valido,
19250,5741,5741026,3,2024-09-12,2,F,3,valido,
19251,5725,5725094,2,2024-02-27,136,F,2,valido,
19252,5747,5747021,4,2024-05-10,63,F,4,valido,
19253,5725,5725093,2,2024-01-17,133,F,2,valido,
19254,5720,5720021,3,2024-05-10,137,F,4,valido,
19255,5715,5715051,1,2024-06-06,124,F,2,valido,
19256,5708,5708008,2,2024-11-11,72,F,4,valido,
19257,5705,5705040,2,2024-06-07,53,F,1,valido,
19258,5768,5768030,1,2024-02-11,115,F,2,valido,
19259,5797,5797004,3,2024-02-10,150,F,3,valido,
19260,5747,5747013,2,2024-10-08,18,F,4,valido,
19261,5725,5725028,4,2024-09-11,178,F,2,valido,
19262,5727,5727016,1,2024-08-10,81,F,6,valido,
19263,5725,5725100,1,2024-02-14,98,F,2,valido,
19264,5795,5795003,4,2024-03-08,14,F,5,valido,
19265,5705,5705107,4,2024-07-28,88,F,1,valido,
19266,5719,5719009,1,2024-01-25,163,F,6,valido,
19267,5797,5797005,1,2024-02-24,30,F,3,valido,
19268,5776,5776028,4,2024-06-10,87,F,6,valido,
19269,5725,5725007,3,2024-02-25,153,F,2,valido,
19270,5705,5705097,1,2024-01-23,185,F,1,valido,
19271,5752,5752030,3,2024-08-01,27,F,6,valido,
19272,5705,5705015,1,2024-04-23,11,F,1,valido,
19273,5768,5768045,1,2024-06-15,59,F,2,valido,
19274,5715,5715029,3,2024-10-25,124,F,2,valido,
19275,5754,5754033,4,2024-02-25,49,F,2,valido,
19276,5754,5754040,4,2024-03-18,112,F,2,valido,
19277,5715,5715052,3,2024-04-25,53,F,2,valido,
19278,5744,5744009,2,2024-04-28,68,F,4,valido,
19279,5768,5768012,1,2024-06-27,41,F,2,valido,
19280,5752,5752026,2,2024-12-16,93,F,6,valido,
19281,5725,5725045,1,2024-03-18,76,F,2,valido,
19282,5770,5770015,2,2024-03-08,148,F,4,valido,
19283,5725,5725060,1,2024-02-10,67,F,2,valido,
19284,5719,5719036,3,2024-05-22,105,F,6,valido,
19285,5770,5770013,2,2024-06-09,80,F,4,valido,
19286,5705,5705073,1,2024-10-28,183,F,1,valido,
19287,5766,5766014,3,2024-03-24,12,F,1,valido,
19288,5717,5717019,4,2024-01-08,92,F,1,valido,
19289,5719,5719009,4,2024-09-01,51,F,6,valido,
19290,5773,5773033,3,2024-11-06,85,F,3,valido,
19291,5773,5773010,1,2024-10-22,133,F,3,valido,
19292,5747,5747025,4,2024-04-03,112,F,4,valido,
19293,5725,5725031,3,2024-07-20,197,F,2,valido,
19294,5715,5715045,4,2024-02-22,14,F,2,valido,
19295,5705,5705070,2,2024-11-03,39,F,1,valido,
19296,5785,5785011,2,2024-09-11,151,F,5,valido,
19297,5705,5705120,4,2024-08-08,39,F,1,valido,
19298,5773,5773032,4,2024-11-19,3,F,3,valido,
19299,5723,5723014,3,2024-12-17,12,F,4,valido,
19300,5791,5791003,2,2024-06-21,31,F,3,valido,
19301,5708,5708015,4,2024-08-04,199,F,4,valido,
19302,5715,5715037,1,2024-05-08,185,F,2,valido,
19303,5773,5773026,4,2024-07-20,178,F,3,valido,
19304,5768,5768017,3,2024-10-02,97,F,2,valido,
19305,5773,5773046,1,2024-07-07,62,F,3,valido,
19306,5768,5768016,1,2024-01-25,66,F,2,valido,
19307,5754,5754007,2,2024-08-08,62,F,2,valido,
19308,5773,5773023,4,2024-04-07,166,F,3,valido,
19309,5727,5727015,2,2024-05-08,11,F,6,valido,
19310,5719,5719018,2,2024-07-07,70,F,6,valido,
19311,5720,5720022,1,2024-04-03,15,F,4,valido,
19312,5752,5752011,2,2024-01-21,44,F,6,valido,
19313,5754,5754016,2,2024-08-20,82,F,2,valido,
19314,5768,5768085,1,2024-12-08,135,F,2,valido,
19315,5715,5715096,3,2024-06-24,90,F,2,valido,
19316,5768,5768011,1,2024-08-22,118,F,2,valido,
19317,5705,5705039,1,2024-08-24,87,F,1,valido,
19318,5705,5705065,4,2024-11-17,69,F,1,valido,
19319,5768,5768075,4,2024-05-27,144,F,2,valido,
19320,5715,5715085,3,2024-07-02,89,F,2,valido,
19321,5719,5719005,4,2024-11-01,87,F,6,valido,
19322,5725,5725011,4,2024-08-14,113,F,2,valido,
19323,5705,5705066,1,2024-04-18,58,F,1,valido,
19324,5754,5754002,3,2024-10-02,91,F,2,valido,
19325,5776,5776010,1,2024-08-11,133,F,6,valido,
19326,5776,5776027,3,2024-11-04,59,F,6,valido,
19327,5715,5715038,1,2024-01-23,164,F,2,valido,
19328,5768,5768059,4,2024-08-11,96,F,2,valido,
19329,5785,5785012,1,2024-11-01,166,F,5,valido,
19330,5785,5785008,2,2024-12-27,162,F,5,valido,
19331,5781,5781001,4,2024-03-01,81,F,5,valido,
19332,5768,5768045,3,2024-12-27,115,F,2,valido,
19333,5718,5718007,2,2024-03-09,71,F,3,valido,
19334,5776,5776032,2,2024-04-20,122,F,6,valido,
19335,5723,5723026,2,2024-02-26,108,F,4,valido,
19336,5773,5773044,1,2024-12-24,170,F,3,valido,
19337,5705,5705093,1,2024-05-01,172,F,1,valido,
19338,5773,5773029,1,2024-02-05,147,F,3,valido,
19339,5720,5720015,2,2024-05-02,161,F,4,valido,
19340,5727,5727016,3,2024-04-24,142,F,6,valido,
19341,5719,5719023,2,2024-09-23,72,F,6,valido,
19342,5715,5715112,2,2024-11-16,128,F,2,valido,
19343,5725,5725062,3,2024-12-12,160,F,2,valido,
19344,5791,5791009,4,2024-07-18,46,F,3,valido,
19345,5750,5750006,2,2024-03-06,135,F,5,valido,
19346,5752,5752042,4,2024-03-12,23,F,6,valido,
19347,5725,5725065,1,2024-08-27,16,F,2,valido,
19348,5715,5715038,2,2024-01-21,93,F,2,valido,
19349,5747,5747009,1,2024-03-08,124,F,4,valido,
19350,5794,5794007,4,2024-01-02,130,F,5,valido,
19351,5713,5713025,3,2024-09-15,38,F,4,valido,
19352,5744,5744004,2,2024-02-23,80,F,4,valido,
19353,5725,5725001,3,2024-02-15,13,F,2,valido,
19354,5744,5744011,1,2024-10-07,27,F,4,valido,
19355,5713,5713034,2,2024-06-13,154,F,4,valido,
19356,5725,5725064,3,2024-07-06,70,F,2,valido,
19357,5776,5776013,1,2024-07-25,62,F,6,valido,
19358,5705,5705107,1,2024-06-14,147,F,1,valido,
19359,5715,5715121,3,2024-06-10,122,F,2,valido,
19360,5713,5713045,3,2024-08-18,54,F,4,valido,
19361,5725,5725114,4,2024-03-18,83,F,2,valido,
19362,5715,5715047,3,2024-02-26,85,F,2,valido,
19363,5715,5715101,4,2024-08-17,147,F,2,valido,
19364,5766,5766009,2,2024-08-14,86,F,1,valido,
19365,5747,5747003,3,2024-05-23,22,F,4,valido,
19366,5768,5768051,1,2024-10-13,96,F,2,valido,
19367,5773,5773012,3,2024-10-12,81,F,3,valido,
19368,5752,5752018,4,2024-02-15,92,F,6,valido,
19369,5705,5705007,4,2024-02-16,152,F,1,valido,
19370,5717,5717019,1,2024-11-16,139,F,1,valido,
19371,5741,5741037,2,2024-08-02,182,F,3,valido,
19372,5705,5705073,1,2024-08-01,155,F,1,valido,
19373,5718,5718009,2,2024-06-17,142,F,3,valido,
19374,5754,5754025,3,2024-08-25,126,F,2,valido,
19375,5725,5725034,1,2024-08-05,21,F,2,valido,
19376,5708,5708008,4,2024-01-11,158,F,4,valido,
19377,5768,5768066,1,2024-09-28,83,F,2,valido,
19378,5713,5713024,3,2024-07-01,21,F,4,valido,
19379,5747,5747019,4,2024-07-23,97,F,4,valido,
19380,5725,5725036,4,2024-02-26,26,F,2,valido,
19381,5719,5719014,2,2024-05-26,185,F,6,valido,
19382,5715,5715070,2,2024-11-11,200,F,2,valido,
19383,5752,5752005,2,2024-02-12,182,F,6,valido,
19384,5713,5713026,3,2024-01-06,67,F,4,valido,
19385,5754,5754031,3,2024-05-07,125,F,2,valido,
19386,5718,5718013,2,2024-01-17,74,F,3,valido,
19387,5725,5725089,4,2024-02-17,135,F,2,valido,
19388,5773,5773003,4,2024-05-17,82,F,3,valido,
19389,5768,5768059,1,2024-11-01,75,F,2,valido,
19390,5717,5717003,1,2024-11-01,78,F,1,valido,
19391,5723,5723008,1,2024-02-14,66,F,4,valido,
19392,5708,5708014,1,2024-02-23,110,F,4,valido,
19393,5715,5715097,1,2024-02-07,11,F,2,valido,
19394,5768,5768046,1,2024-08-15,39,F,2,valido,
19395,5719,5719031,3,2024-09-04,113,F,6,valido,
19396,5719,5719037,3,2024-10-01,47,F,6,valido,
19397,5705,5705011,3,2024-01-25,149,F,1,valido,
19398,5770,5770010,1,2024-01-14,183,F,4,valido,
19399,5725,5725089,4,2024-12-23,115,F,2,valido,
19400,5725,5725061,3,2024-04-13,192,F,2,valido,
19401,5741,5741023,4,2024-10-28,93,F,3,valido,
19402,5705,5705100,3,2024-12-10,44,F,1,valido,
19403,5705,5705099,2,2024-02-05,100,F,1,valido,
19404,5768,5768031,4,2024-08-28,138,F,2,valido,
19405,5725,5725047,3,2024-09-21,115,F,2,valido,
19406,5776,5776003,4,2024-08-08,117,F,6,valido,
19407,5794,5794005,2,2024-12-10,154,F,5,valido,
19408,5773,5773004,2,2024-11-17,109,F,3,valido,
19409,5747,5747029,2,2024-04-15,197,F,4,valido,
19410,5763,5763007,1,2024-11-12,158,F,1,valido,
19411,5715,5715061,2,2024-10-27,196,F,2,valido,
19412,5725,5725103,1,2024-06-08,124,F,2,valido,
19413,5768,5768072,4,2024-12-28,151,F,2,valido,
19414,5781,5781004,4,2024-12-09,168,F,5,valido,
19415,5713,5713027,4,2024-06-06,120,F,4,valido,
19416,5768,5768080,3,2024-07-01,197,F,2,valido,
19417,5727,5727007,1,2024-07-10,8,F,6,valido,
19418,5744,5744003,1,2024-11-08,61,F,4,valido,
19419,5717,5717007,4,2024-08-19,162,F,1,valido,
19420,5715,5715016,1,2024-07-25,10,F,2,valido,
19421,5708,5708020,1,2024-02-11,35,F,4,valido,
19422,5705,5705085,4,2024-12-27,70,F,1,valido,
19423,5705,5705101,4,2024-06-11,10,F,1,valido,
19424,5705,5705123,1,2024-12-06,178,F,1,valido,
19425,5747,5747002,2,2024-08-16,112,F,4,valido,
19426,5713,5713029,1,2024-07-25,53,F,4,valido,
19427,5741,5741003,4,2024-07-20,176,F,3,valido,
19428,5725,5725030,4,2024-10-18,53,F,2,valido,
19429,5794,5794002,2,2024-09-11,155,F,5,valido,
19430,5717,5717007,2,2024-09-16,94,F,1,valido,
19431,5723,5723016,4,2024-01-04,70,F,4,valido,
19432,5717,5717027,2,2024-03-12,93,F,1,valido,
19433,5705,5705113,3,2024-02-01,123,F,1,valido,
19434,5713,5713046,3,2024-02-15,24,F,4,valido,
19435,5770,5770023,1,2024-02-03,105,F,4,valido,
19436,5717,5717005,4,2024-11-02,127,F,1,valido,
19437,5715,5715020,3,2024-11-28,188,F,2,valido,
19438,5752,5752022,3,2024-10-11,64,F,6,valido,
19439,5768,5768008,4,2024-06-01,135,F,2,valido,
19440,5713,5713023,1,2024-10-13,100,F,4,valido,
19441,5715,5715111,1,2024-07-22,74,F,2,valido,
19442,5713,5713036,2,2024-02-20,71,F,4,valido,
19443,5705,5705005,2,2024-10-14,113,F,1,valido,
19444,5754,5754007,1,2024-08-15,25,F,2,valido,
19445,5776,5776019,4,2024-01-16,170,F,6,valido,
19446,5723,5723021,1,2024-01-03,53,F,4,valido,
19447,5715,5715075,4,2024-11-14,31,F,2,valido,
19448,5747,5747028,4,2024-10-06,185,F,4,valido,
19449,5773,5773019,4,2024-08-05,8,F,3,valido,
19450,5723,5723027,1,2024-01-06,158,F,4,valido,
19451,5752,5752052,4,2024-07-25,68,F,6,valido,
19452,5786,5786012,1,2024-08-04,102,F,3,valido,
19453,5744,5744001,4,2024-09-19,51,F,4,valido,
19454,5727,5727020,3,2024-01-22,129,F,6,valido,
19455,5752,5752013,4,2024-01-14,63,F,6,valido,
19456,5768,5768045,3,2024-10-13,176,F,2,valido,
19457,5754,5754035,4,2024-08-12,170,F,2,valido,
19458,5773,5773025,3,2024-08-10,180,F,3,valido,
19459,5741,5741033,2,2024-03-04,180,F,3,valido,
19460,5754,5754020,4,2024-05-24,170,F,2,valido,
19461,5747,5747029,2,2024-04-09,105,F,4,valido,
19462,5718,5718010,1,2024-03-04,63,F,3,valido,
19463,5727,5727005,3,2024-07-07,189,F,6,valido,
19464,5768,5768076,1,2024-05-07,200,F,2,valido,
19465,5725,5725006,2,2024-10-14,174,F,2,valido,
19466,5785,5785003,2,2024-11-19,79,F,5,valido,
19467,5715,5715012,2,2024-03-18,159,F,2,valido,
19468,5725,5725071,2,2024-09-17,8,F,2,valido,
19469,5715,5715095,4,2024-09-27,17,F,2,valido,
19470,5720,5720020,2,2024-01-26,190,F,4,valido,
19471,5713,5713046,3,2024-08-19,35,F,4,valido,
19472,5705,5705123,1,2024-12-16,66,F,1,valido,
19473,5720,5720004,3,2024-07-04,170,F,4,valido,
19474,5705,5705118,1,2024-04-17,66,F,1,valido,
19475,5752,5752064,2,2024-04-07,34,F,6,valido,
19476,5786,5786001,2,2024-07-05,135,F,3,valido,
19477,5705,5705003,4,2024-10-20,136,F,1,valido,
19478,5725,5725037,4,2024-07-13,97,F,2,valido,
19479,5750,5750014,1,2024-11-05,115,F,5,valido,
19480,5725,5725111,1,2024-09-24,8,F,2,valido,
19481,5752,5752035,4,2024-06-01,142,F,6,valido,
19482,5715,5715046,3,2024-07-21,185,F,2,valido,
19483,5750,5750013,3,2024-12-21,111,F,5,valido,
19484,5725,5725080,2,2024-03-17,1,F,2,valido,
19485,5705,5705113,4,2024-07-06,153,F,1,valido,
19486,5750,5750029,4,2024-06-28,4,F,5,valido,
19487,5725,5725041,2,2024-12-09,85,F,2,valido,
19488,5785,5785007,3,2024-01-08,124,F,5,valido,
19489,5770,5770004,2,2024-05-16,146,F,4,valido,
19490,5773,5773026,4,2024-09-27,35,F,3,valido,
19491,5718,5718001,4,2024-03-03,133,F,3,valido,
19492,5705,5705035,3,2024-06-18,166,F,1,valido,
19493,5725,5725045,1,2024-01-22,184,F,2,valido,
19494,5770,5770008,4,2024-07-18,12,F,4,valido,
19495,5752,5752041,1,2024-07-25,85,F,6,valido,
19496,5750,5750001,2,2024-03-23,100,F,5,valido,
19497,5725,5725059,3,2024-03-01,97,F,2,valido,
19498,5752,5752058,1,2024-04-27,1,F,6,valido,
19499,5768,5768029,3,2024-07-28,182,F,2,valido,
19500,5750,5750021,3,2024-08-26,105,F,5,valido,
19501,5754,5754006,1,2024-04-03,76,F,2,valido,
19502,5705,5705094,2,2024-12-28,108,F,1,valido,
19503,5752,5752052,1,2024-08-07,7,F,6,valido,
19504,5773,5773005,3,2024-07-27,179,F,3,valido,
19505,5768,5768063,4,2024-04-02,14,F,2,valido,
19506,5781,5781005,1,2024-06-20,174,F,5,valido,
19507,5747,5747030,3,2024-07-20,51,F,4,valido,
19508,5723,5723028,1,2024-11-09,82,F,4,valido,
19509,5768,5768087,3,2024-02-08,143,F,2,valido,
19510,5715,5715080,3,2024-03-27,192,F,2,valido,
19511,5768,5768055,3,2024-12-26,163,F,2,valido,
19512,5725,5725097,4,2024-05-16,24,F,2,valido,
19513,5725,5725051,2,2024-12-14,194,F,2,valido,
19514,5717,5717021,3,2024-07-22,26,F,1,valido,
19515,5752,5752021,1,2024-02-20,78,F,6,valido,
19516,5719,5719042,1,2024-04-06,86,F,6,valido,
19517,5715,5715058,4,2024-10-15,178,F,2,valido,
19518,5715,5715007,1,2024-04-25,35,F,2,valido,
19519,5791,5791003,1,2024-12-20,172,F,3,valido,
19520,5715,5715016,3,2024-08-23,48,F,2,valido,
19521,5719,5719026,1,2024-03-13,84,F,6,valido,
19522,5715,5715054,1,2024-03-21,130,F,2,valido,
19523,5727,5727010,4,2024-08-21,124,F,6,valido,
19524,5744,5744015,4,2024-03-09,166,F,4,valido,
19525,5715,5715074,4,2024-04-12,164,F,2,valido,
19526,5752,5752004,1,2024-09-24,162,F,6,valido,
19527,5715,5715006,1,2024-07-17,142,F,2,valido,
19528,5725,5725010,3,2024-11-03,163,F,2,valido,
19529,5786,5786009,2,2024-11-08,98,F,3,valido,
19530,5794,5794003,1,2024-05-09,138,F,5,valido,
19531,5795,5795002,2,2024-01-16,105,F,5,valido,
19532,5713,5713003,1,2024-09-22,38,F,4,valido,
19533,5786,5786002,3,2024-09-18,96,F,3,valido,
19534,5720,5720003,4,2024-10-24,21,F,4,valido,
19535,5705,5705010,1,2024-02-12,44,F,1,valido,
19536,5752,5752014,2,2024-12-20,167,F,6,valido,
19537,5708,5708022,4,2024-08-27,62,F,4,valido,
19538,5754,5754021,1,2024-08-23,112,F,2,modificado,C: cantidad -112 -> 112. Remove the negative sign with abs().
19539,5715,5715097,4,2024-05-28,11,F,2,valido,
19540,5768,5768049,1,2024-11-27,80,F,2,valido,
19541,5785,5785013,2,2024-12-25,172,F,5,valido,
19542,5770,5770003,3,2024-04-12,198,F,4,valido,
19543,5776,5776017,2,2024-01-08,142,F,6,valido,
19544,5781,5781003,2,2024-05-04,65,F,5,valido,
19545,5781,5781003,4,2024-10-13,71,F,5,valido,
19546,5723,5723018,4,2024-08-10,148,F,4,valido,
19547,5725,5725109,2,2024-08-24,143,F,2,valido,
19548,5747,5747027,2,2024-12-21,169,F,4,valido,
19549,5725,5725083,3,2024-07-23,145,F,2,valido,
19550,5717,5717014,2,2024-07-12,156,F,1,valido,
19551,5708,5708005,4,2024-08-05,197,F,4,valido,
19552,5715,5715006,1,2024-06-24,144,F,2,valido,
19553,5752,5752016,3,2024-05-09,3,F,6,valido,
19554,5725,5725039,1,2024-02-11,81,F,2,valido,
19555,5723,5723020,2,2024-04-01,130,F,4,valido,
19556,5725,5725113,3,2024-05-07,183,F,2,valido,
19557,5747,5747020,3,2024-01-21,20,F,4,valido,
19558,5754,5754036,3,2024-02-14,20,F,2,valido,
19559,5768,5768036,2,2024-09-06,190,F,2,valido,
19560,5727,5727020,3,2024-07-23,44,F,6,valido,
19561,5705,5705080,1,2024-04-16,25,F,1,valido,
19562,5752,5752010,3,2024-08-13,135,F,6,valido,
19563,5776,5776003,4,2024-10-05,52,F,6,valido,
19564,5720,5720025,1,2024-11-22,30,F,4,valido,
19565,5725,5725015,3,2024-06-15,44,F,2,valido,
19566,5785,5785011,3,2024-01-19,100,F,5,valido,
19567,5723,5723018,2,2024-05-12,148,F,4,valido,
19568,5715,5715006,1,2024-02-13,28,F,2,valido,
19569,5773,5773002,2,2024-10-17,162,F,3,valido,
19570,5723,5723024,4,2024-09-03,182,F,4,valido,
19571,5773,5773018,1,2024-06-18,14,F,3,valido,
19572,5754,5754021,2,2024-04-06,90,F,2,valido,
19573,5719,5719002,3,2024-06-18,10,F,6,valido,
19574,5727,5727015,3,2024-08-23,108,F,6,valido,
19575,5715,5715112,3,2024-11-24,94,F,2,valido,
19576,5715,5715093,3,2024-08-06,143,F,2,valido,
19577,5725,5725084,1,2024-09-12,116,F,2,valido,
19578,5713,5713026,4,2024-02-17,164,F,4,valido,
19579,5715,5715120,1,2024-06-11,61,F,2,valido,
19580,5705,5705007,4,2024-06-12,142,F,1,valido,
19581,5719,5719027,3,2024-01-08,123,F,6,valido,
19582,5770,5770008,2,2024-01-19,43,F,4,valido,
19583,5725,5725053,1,2024-09-06,125,F,2,valido,
19584,5747,5747011,1,2024-10-06,158,F,4,valido,
19585,5725,5725071,1,2024-08-23,94,F,2,valido,
19586,5768,5768007,2,2024-03-07,197,F,2,valido,
19587,5750,5750002,4,2024-04-14,190,F,5,valido,
19588,5725,5725062,2,2024-04-08,114,F,2,valido,
19589,5705,5705020,1,2024-08-16,73,F,1,valido,
19590,5773,5773025,2,2024-08-03,115,F,3,valido,
19591,5723,5723002,3,2024-05-28,181,F,4,valido,
19592,5773,5773017,2,2024-12-09,62,F,3,valido,
19593,5719,5719035,4,2024-12-24,97,F,6,valido,
19594,5785,5785014,4,2024-07-07,24,F,5,valido,
19595,5752,5752004,2,2024-02-05,77,F,6,valido,
19596,5747,5747024,3,2024-04-17,91,F,4,valido,
19597,5705,5705106,2,2024-10-21,10,F,1,valido,
19598,5713,5713029,1,2024-02-03,95,F,4,valido,
19599,5725,5725071,4,2024-11-07,190,F,2,valido,
19600,5725,5725019,2,2024-08-19,75,F,2,valido,
19601,5785,5785016,1,2024-04-23,166,F,5,valido,
19602,5750,5750009,3,2024-09-11,57,F,5,valido,
19603,5752,5752008,2,2024-07-18,169,F,6,valido,
19604,5705,5705080,1,2024-02-10,39,F,1,valido,
19605,5705,5705077,4,2024-05-03,161,F,1,valido,
19606,5776,5776002,4,2024-03-01,192,F,6,valido,
19607,5715,5715048,4,2024-09-16,180,F,2,valido,
19608,5776,5776037,3,2024-01-18,63,F,6,valido,
19609,5768,5768008,3,2024-07-12,183,F,2,valido,
19610,5723,5723006,3,2024-07-23,149,F,4,valido,
19611,5768,5768077,4,2024-05-07,196,F,2,valido,
19612,5719,5719034,1,2024-11-21,30,F,6,valido,
19613,5785,5785009,2,2024-01-19,107,F,5,valido,
19614,5776,5776031,4,2024-03-19,72,F,6,valido,
19615,5715,5715019,2,2024-08-13,41,F,2,valido,
19616,5705,5705124,1,2024-07-01,166,F,1,valido,
19617,5715,5715110,2,2024-04-11,87,F,2,valido,
19618,5744,5744005,3,2024-10-08,144,F,4,valido,
19619,5744,5744013,1,2024-01-12,120,F,4,valido,
19620,5773,5773027,4,2024-09-27,47,F,3,valido,
19621,5705,5705008,1,2024-05-25,157,F,1,valido,
19622,5727,5727013,4,2024-09-21,58,F,6,valido,
19623,5720,5720023,4,2024-01-09,143,F,4,valido,
19624,5763,5763001,4,2024-06-22,2,F,1,valido,
19625,5713,5713010,3,2024-12-23,167,F,4,valido,
19626,5705,5705105,1,2024-06-26,1,F,1,valido,
19627,5725,5725076,4,2024-02-11,23,F,2,valido,
19628,5752,5752037,2,2024-10-26,126,F,6,valido,
19629,5715,5715057,2,2024-11-18,90,F,2,valido,
19630,5781,5781003,1,2024-08-07,11,F,5,valido,
19631,5770,5770023,1,2024-06-01,73,F,4,valido,
19632,5768,5768073,3,2024-01-25,111,F,2,valido,
19633,5752,5752014,2,2024-08-28,82,F,6,valido,
19634,5715,5715107,3,2024-03-10,27,F,2,valido,
19635,5719,5719023,2,2024-04-24,32,F,6,valido,
19636,5705,5705116,1,2024-08-10,140,F,1,valido,
19637,5794,5794007,2,2024-12-21,88,F,5,valido,
19638,5752,5752019,2,2024-09-07,78,F,6,valido,
19639,5768,5768016,1,2024-07-14,100,F,2,valido,
19640,5727,5727022,1,2024-03-10,146,F,6,valido,
19641,5799,5799002,4,2024-04-11,166,F,5,valido,
19642,5725,5725017,3,2024-04-23,71,F,2,valido,
19643,5717,5717007,4,2024-04-25,106,F,1,valido,
19644,5768,5768051,4,2024-06-08,147,F,2,valido,
19645,5768,5768015,3,2024-07-19,79,F,2,valido,
19646,5715,5715059,1,2024-02-07,170,F,2,valido,
19647,5715,5715002,1,2024-07-14,102,F,2,valido,
19648,5719,5719031,4,2024-09-17,119,F,6,valido,
19649,5754,5754014,4,2024-10-17,129,F,2,valido,
19650,5752,5752009,4,2024-01-12,86,F,6,valido,
19651,5725,5725075,3,2024-03-10,199,F,2,valido,
19652,5768,5768054,2,2024-06-22,39,F,2,valido,
19653,5715,5715029,3,2024-07-06,194,F,2,valido,
19654,5752,5752037,4,2024-11-17,72,F,6,valido,
19655,5723,5723030,3,2024-07-14,194,F,4,valido,
19656,5773,5773021,4,2024-08-04,199,F,3,valido,
19657,5754,5754039,4,2024-04-03,143,F,2,valido,
19658,5725,5725106,1,2024-08-21,74,F,2,valido,
19659,5747,5747004,4,2024-05-03,61,F,4,valido,
19660,5776,5776041,1,2024-04-28,119,F,6,valido,
19661,5705,5705031,1,2024-05-16,128,F,1,valido,
19662,5713,5713031,3,2024-01-15,125,F,4,valido,
19663,5717,5717023,4,2024-01-18,135,F,1,valido,
19664,5754,5754027,2,2024-12-26,75,F,2,valido,
19665,5776,5776041,3,2024-02-13,58,F,6,valido,
19666,5715,5715058,1,2024-11-23,26,F,2,valido,
19667,5754,5754038,2,2024-12-04,114,F,2,valido,
19668,5715,5715096,2,2024-08-22,138,F,2,valido,
19669,5768,5768003,1,2024-04-17,43,F,2,valido,
19670,5776,5776026,2,2024-09-02,21,F,6,valido,
19671,5768,5768017,4,2024-06-20,4,F,2,valido,
19672,5719,5719040,4,2024-04-16,192,F,6,valido,
19673,5750,5750024,4,2024-03-03,129,F,5,valido,
19674,5720,5720020,2,2024-02-17,91,F,4,valido,
19675,5776,5776014,4,2024-01-13,30,F,6,valido,
19676,5725,5725091,1,2024-04-01,1,F,2,valido,
19677,5725,5725096,2,2024-08-16,38,F,2,valido,
19678,5776,5776040,1,2024-07-19,181,F,6,valido,
19679,5705,5705050,4,2024-06-27,200,F,1,valido,
19680,5705,5705102,4,2024-11-23,129,F,1,modificado,A: fecha 11-23-2024 -> 2024-11-23. Normalization by format and calendar.
19681,5794,5794007,1,2024-11-21,40,F,5,valido,
19682,5725,5725084,2,2024-08-15,75,F,2,valido,
19683,5715,5715075,4,2024-06-15,55,F,2,valido,
19684,5781,5781001,3,2024-06-02,184,F,5,valido,
19685,5705,5705006,2,2024-07-10,20,F,1,valido,
19686,5705,5705100,4,2024-01-02,100,F,1,valido,
19687,5708,5708015,4,2024-04-07,121,F,4,valido,
19688,5768,5768055,2,2024-09-11,87,F,2,valido,
19689,5715,5715075,3,2024-06-15,187,F,2,valido,
19690,5715,5715039,1,2024-07-27,97,F,2,valido,
19691,5705,5705109,3,2024-11-02,100,F,1,valido,
19692,5715,5715035,3,2024-07-18,47,F,2,valido,
19693,5773,5773008,4,2024-03-04,107,F,3,valido,
19694,5725,5725103,4,2024-06-28,15,F,2,valido,
19695,5717,5717019,3,2024-09-12,105,F,1,valido,
19696,5744,5744015,4,2024-07-07,65,F,4,valido,
19697,5725,5725039,2,2024-10-03,21,F,2,valido,
19698,5750,5750022,1,2024-03-16,97,F,5,valido,
19699,5719,5719014,2,2024-06-19,2,F,6,valido,
19700,5725,5725108,2,2024-09-08,39,F,2,valido,
19701,5713,5713014,3,2024-01-17,190,F,4,valido,
19702,5715,5715043,1,2024-06-15,25,F,2,valido,
19703,5741,5741031,4,2024-11-15,108,F,3,valido,
19704,5750,5750010,1,2024-11-23,193,F,5,valido,
19705,5791,5791002,1,2024-07-04,191,F,3,valido,
19706,5719,5719042,1,2024-07-06,102,F,6,valido,
19707,5708,5708019,1,2024-09-26,128,F,4,valido,
19708,5715,5715085,1,2024-08-11,74,F,2,valido,
19709,5723,5723010,2,2024-10-05,38,F,4,valido,
19710,5768,5768052,1,2024-08-25,143,F,2,valido,
19711,5705,5705024,4,2024-11-22,172,F,1,valido,
19712,5741,5741017,4,2024-12-07,180,F,3,valido,
19713,5715,5715123,4,2024-01-10,103,F,2,valido,
19714,5750,5750026,4,2024-05-26,17,F,5,valido,
19715,5723,5723024,3,2024-01-18,22,F,4,valido,
19716,5752,5752010,4,2024-07-12,60,F,6,valido,
19717,5705,5705022,3,2024-05-07,81,F,1,valido,
19718,5705,5705012,3,2024-06-25,82,F,1,valido,
19719,5750,5750020,1,2024-01-14,9,F,5,valido,
19720,5725,5725061,4,2024-10-26,107,F,2,valido,
19721,5705,5705076,2,2024-02-06,144,F,1,valido,
19722,5752,5752022,3,2024-01-07,148,F,6,valido,
19723,5752,5752030,4,2024-10-20,190,F,6,valido,
19724,5752,5752033,3,2024-12-07,62,F,6,valido,
19725,5725,5725083,3,2024-10-11,197,F,2,valido,
19726,5744,5744014,4,2024-09-10,106,F,4,valido,
19727,5776,5776012,3,2024-02-19,145,F,6,valido,
19728,5715,5715057,3,2024-06-12,12,F,2,valido,
19729,5705,5705038,1,2024-05-20,77,F,1,valido,
19730,5727,5727007,4,2024-04-01,173,F,6,valido,
19731,5785,5785009,1,2024-07-09,146,F,5,valido,
19732,5715,5715101,2,2024-07-23,3,F,2,valido,
19733,5752,5752023,1,2024-03-21,80,F,6,valido,
19734,5770,5770005,3,2024-04-03,98,F,4,valido,
19735,5776,5776010,4,2024-09-04,9,F,6,valido,
19736,5715,5715073,1,2024-01-25,62,F,2,valido,
19737,5791,5791002,3,2024-01-12,177,F,3,valido,
19738,5715,5715003,3,2024-04-21,107,F,2,valido,
19739,5741,5741034,2,2024-08-28,129,F,3,valido,
19740,5705,5705058,2,2024-10-01,196,F,1,valido,
19741,5705,5705023,3,2024-11-12,183,F,1,valido,
19742,5715,5715025,4,2024-08-11,41,F,2,valido,
19743,5727,5727011,3,2024-08-26,29,F,6,valido,
19744,5723,5723008,2,2024-11-14,2,F,4,valido,
19745,5725,5725084,3,2024-07-13,85,F,2,valido,
19746,5713,5713018,2,2024-11-24,128,F,4,valido,
19747,5741,5741013,2,2024-09-28,114,F,3,valido,
19748,5715,5715073,3,2024-04-25,110,F,2,valido,
19749,5741,5741017,1,2024-12-02,182,F,3,valido,
19750,5752,5752010,4,2024-04-14,34,F,6,valido,
19751,5750,5750027,3,2024-02-20,20,F,5,valido,
19752,5720,5720005,1,2024-06-20,43,F,4,valido,
19753,5741,5741020,1,2024-08-26,124,F,3,valido,
19754,5794,5794002,3,2024-01-13,94,F,5,valido,
19755,5725,5725095,2,2024-03-13,190,F,2,valido,
19756,5741,5741036,1,2024-04-03,51,F,3,valido,
19757,5747,5747030,3,2024-04-06,147,F,4,valido,
19758,5768,5768045,2,2024-02-27,187,F,2,valido,
19759,5713,5713004,1,2024-06-22,173,F,4,valido,
19760,5715,5715115,3,2024-08-21,114,F,2,valido,
19761,5719,5719008,3,2024-01-06,199,F,6,valido,
19762,5752,5752020,1,2024-09-07,184,F,6,valido,
19763,5715,5715028,2,2024-05-27,168,F,2,valido,
19764,5719,5719003,1,2024-02-15,75,F,6,valido,
19765,5725,5725058,2,2024-01-27,28,F,2,valido,
19766,5750,5750006,4,2024-06-27,181,F,5,valido,
19767,5776,5776020,1,2024-09-23,104,F,6,valido,
19768,5786,5786004,2,2024-09-18,80,F,3,valido,
19769,5713,5713002,3,2024-09-14,178,F,4,valido,
19770,5770,5770006,2,2024-01-11,153,F,4,valido,
19771,5713,5713046,4,2024-10-03,126,F,4,valido,
19772,5725,5725091,2,2024-08-28,150,F,2,valido,
19773,5725,5725068,3,2024-07-18,99,F,2,valido,
19774,5747,5747018,4,2024-08-01,60,F,4,valido,
19775,5768,5768044,3,2024-03-01,56,F,2,valido,
19776,5725,5725011,2,2024-03-22,124,F,2,valido,
19777,5705,5705089,4,2024-07-16,127,F,1,valido,
19778,5705,5705119,1,2024-05-07,64,F,1,valido,
19779,5752,5752050,4,2024-11-01,2,F,6,valido,
19780,5705,5705013,4,2024-11-22,189,F,1,valido,
19781,5754,5754023,1,2024-05-01,10,F,2,valido,
19782,5725,5725040,1,2024-10-12,4,F,2,valido,
19783,5715,5715093,1,2024-09-15,121,F,2,valido,
19784,5754,5754010,3,2024-01-20,62,F,2,valido,
19785,5766,5766007,2,2024-02-22,200,F,1,valido,
19786,5768,5768064,4,2024-07-20,47,F,2,valido,
19787,5715,5715082,1,2024-01-24,102,F,2,valido,
19788,5718,5718009,3,2024-09-23,36,F,3,valido,
19789,5717,5717019,4,2024-10-23,135,F,1,valido,
19790,5768,5768045,1,2024-09-19,21,F,2,valido,
19791,5773,5773012,1,2024-09-09,100,F,3,valido,
19792,5705,5705019,2,2024-03-27,43,F,1,valido,
19793,5719,5719008,1,2024-07-26,94,F,6,valido,
19794,5795,5795001,3,2024-09-08,116,F,5,valido,
19795,5720,5720006,4,2024-12-28,93,F,4,valido,
19796,5705,5705049,4,2024-06-01,182,F,1,valido,
19797,5725,5725079,1,2024-06-28,112,F,2,valido,
19798,5763,5763002,3,2024-04-05,130,F,1,valido,
19799,5715,5715095,1,2024-10-13,165,F,2,valido,
19800,5715,5715085,4,2024-01-20,142,F,2,valido,
19801,5723,5723006,1,2024-07-13,71,F,4,valido,
19802,5727,5727011,3,2024-03-18,42,F,6,valido,
19803,5770,5770026,3,2024-11-08,178,F,4,valido,
19804,5776,5776002,1,2024-04-21,28,F,6,valido,
19805,5715,5715067,4,2024-07-16,188,F,2,valido,
19806,5750,5750008,1,2024-09-07,170,F,5,valido,
19807,5754,5754018,1,2024-04-10,136,F,2,valido,
19808,5725,5725066,4,2024-05-04,76,F,2,valido,
19809,5715,5715021,1,2024-04-18,193,F,2,valido,
19810,5717,5717010,2,2024-12-25,154,F,1,valido,
19811,5725,5725095,1,2024-06-22,192,F,2,valido,
19812,5727,5727015,1,2024-09-12,190,F,6,valido,
19813,5770,5770018,3,2024-04-14,197,F,4,valido,
19814,5776,5776027,4,2024-09-15,67,F,6,valido,
19815,5705,5705084,4,2024-11-24,98,F,1,valido,
19816,5763,5763009,1,2024-08-06,192,F,1,valido,
19817,5719,5719007,4,2024-03-26,100,F,6,valido,
19818,5768,5768047,1,2024-10-10,56,F,2,valido,
19819,5750,5750007,1,2024-07-19,111,F,5,valido,
19820,5715,5715091,1,2024-03-07,104,F,2,valido,
19821,5776,5776027,4,2024-04-18,75,F,6,valido,
19822,5719,5719033,4,2024-03-15,69,F,6,valido,
19823,5768,5768073,2,2024-10-21,71,F,2,valido,
19824,5715,5715003,2,2024-01-24,63,F,2,valido,
19825,5747,5747006,3,2024-09-06,60,F,4,valido,
19826,5768,5768044,3,2024-04-27,52,F,2,valido,
19827,5715,5715033,4,2024-03-19,183,F,2,valido,
19828,5754,5754023,2,2024-11-04,64,F,2,valido,
19829,5747,5747030,3,2024-05-13,95,F,4,valido,
19830,5768,5768060,3,2024-10-12,64,F,2,valido,
19831,5768,5768019,4,2024-11-21,107,F,2,valido,
19832,5752,5752030,1,2024-10-19,199,F,6,valido,
19833,5715,5715012,3,2024-08-28,24,F,2,valido,
19834,5752,5752061,4,2024-05-17,137,F,6,valido,
19835,5786,5786005,3,2024-01-27,200,F,3,valido,
19836,5705,5705103,3,2024-08-03,162,F,1,valido,
19837,5715,5715064,1,2024-02-24,43,F,2,valido,
19838,5725,5725062,3,2024-01-16,49,F,2,valido,
19839,5768,5768017,1,2024-05-14,143,F,2,valido,
19840,5719,5719020,2,2024-04-10,65,F,6,valido,
19841,5770,5770026,2,2024-07-20,18,F,4,valido,
19842,5791,5791006,3,2024-03-23,64,F,3,valido,
19843,5725,5725008,2,2024-03-19,199,F,2,valido,
19844,5723,5723015,4,2024-02-16,149,F,4,valido,
19845,5715,5715026,3,2024-07-13,161,F,2,valido,
19846,5705,5705066,1,2024-10-16,117,F,1,valido,
19847,5768,5768003,1,2024-09-25,13,F,2,valido,
19848,5744,5744012,1,2024-06-27,149,F,4,valido,
19849,5705,5705027,3,2024-03-03,84,F,1,valido,
19850,5725,5725067,2,2024-04-15,178,F,2,valido,
19851,5794,5794009,1,2024-03-21,97,F,5,valido,
19852,5715,5715075,4,2024-03-21,18,F,2,valido,
19853,5754,5754018,4,2024-12-21,24,F,2,valido,
19854,5720,5720014,2,2024-10-11,55,F,4,valido,
19855,5768,5768040,1,2024-04-27,39,F,2,valido,
19856,5752,5752056,1,2024-11-13,27,F,6,valido,
19857,5715,5715051,2,2024-12-03,196,F,2,valido,
19858,5725,5725020,3,2024-05-28,78,F,2,valido,
19859,5725,5725087,1,2024-01-09,187,F,2,valido,
19860,5794,5794009,1,2024-06-16,72,F,5,valido,
19861,5727,5727023,2,2024-03-26,63,F,6,valido,
19862,5752,5752008,4,2024-06-22,126,F,6,valido,
19863,5720,5720002,4,2024-10-24,144,F,4,valido,
19864,5719,5719038,4,2024-06-26,176,F,6,valido,
19865,5768,5768054,4,2024-01-28,23,F,2,valido,
19866,5705,5705005,3,2024-12-27,162,F,1,valido,
19867,5752,5752030,3,2024-02-19,10,F,6,valido,
19868,5752,5752060,4,2024-03-06,26,F,6,valido,
19869,5715,5715118,1,2024-09-11,135,F,2,valido,
19870,5725,5725003,4,2024-05-23,125,F,2,valido,
19871,5715,5715049,1,2024-02-11,54,F,2,valido,
19872,5727,5727020,3,2024-03-26,86,F,6,valido,
19873,5752,5752022,4,2024-04-18,152,F,6,valido,
19874,5741,5741018,1,2024-03-18,198,F,3,valido,
19875,5715,5715048,1,2024-07-28,29,F,2,valido,
19876,5725,5725029,4,2024-06-04,92,F,2,valido,
19877,5723,5723026,3,2024-08-13,81,F,4,valido,
19878,5715,5715082,2,2024-04-08,157,F,2,valido,
19879,5718,5718004,2,2024-01-05,159,F,3,valido,
19880,5725,5725009,3,2024-08-14,159,F,2,valido,
19881,5705,5705013,1,2024-11-03,47,F,1,valido,
19882,5791,5791011,2,2024-10-07,59,F,3,valido,
19883,5705,5705030,1,2024-11-07,35,F,1,valido,
19884,5705,5705024,3,2024-05-18,96,F,1,valido,
19885,5773,5773015,3,2024-09-09,9,F,3,valido,
19886,5715,5715061,3,2024-03-22,158,F,2,valido,
19887,5723,5723017,3,2024-10-10,130,F,4,valido,
19888,5725,5725085,4,2024-06-03,192,F,2,valido,
19889,5705,5705116,1,2024-05-17,185,F,1,valido,
19890,5750,5750007,4,2024-04-19,55,F,5,valido,
19891,5715,5715054,1,2024-11-23,139,F,2,valido,
19892,5705,5705068,2,2024-01-03,88,F,1,valido,
19893,5770,5770025,4,2024-02-14,70,F,4,valido,
19894,5752,5752055,1,2024-10-04,11,F,6,valido,
19895,5715,5715122,3,2024-04-24,150,F,2,valido,
19896,5768,5768014,2,2024-08-27,121,F,2,valido,
19897,5776,5776040,1,2024-06-08,26,F,6,valido,
19898,5725,5725048,2,2024-04-24,34,F,2,valido,
19899,5768,5768084,4,2024-01-13,128,F,2,valido,
19900,5750,5750023,3,2024-10-05,67,F,5,valido,
19901,5713,5713011,2,2024-09-16,184,F,4,valido,
19902,5725,5725026,2,2024-08-27,50,F,2,valido,
19903,5705,5705097,1,2024-03-03,72,F,1,valido,
19904,5727,5727012,4,2024-11-26,115,F,6,valido,
19905,5766,5766006,4,2024-12-05,155,F,1,valido,
19906,5754,5754036,4,2024-04-03,26,F,2,valido,
19907,5719,5719020,1,2024-06-28,11,F,6,valido,
19908,5741,5741009,4,2024-01-28,40,F,3,valido,
19909,5766,5766004,4,2024-10-10,40,F,1,valido,
19910,5705,5705098,1,2024-09-09,22,F,1,valido,
19911,5705,5705073,2,2024-06-02,80,F,1,valido,
19912,5754,5754006,2,2024-06-22,83,F,2,valido,
19913,5794,5794003,3,2024-11-14,35,F,5,valido,
19914,5715,5715043,3,2024-04-15,24,F,2,valido,
19915,5754,5754039,4,2024-10-20,88,F,2,valido,
19916,5705,5705044,1,2024-05-27,165,F,1,valido,
19917,5715,5715069,1,2024-11-27,34,F,2,valido,
19918,5705,5705014,3,2024-02-25,108,F,1,valido,
19919,5776,5776026,1,2024-01-23,107,F,6,valido,
19920,5754,5754009,2,2024-12-02,18,F,2,valido,
19921,5752,5752061,1,2024-01-18,146,F,6,valido,
19922,5715,5715059,3,2024-10-10,134,F,2,valido,
19923,5713,5713031,2,2024-12-05,129,F,4,valido,
19924,5768,5768076,3,2024-08-27,108,F,2,valido,
19925,5770,5770003,4,2024-08-14,22,F,4,valido,
19926,5763,5763002,3,2024-10-18,130,F,1,valido,
19927,5705,5705050,4,2024-06-21,113,F,1,valido,
19928,5773,5773024,2,2024-08-10,89,F,3,valido,
19929,5708,5708013,2,2024-01-27,18,F,4,valido,
19930,5752,5752030,2,2024-06-21,195,F,6,valido,
19931,5705,5705110,4,2024-02-12,41,F,1,valido,
19932,5725,5725101,3,2024-02-04,114,F,2,valido,
19933,5776,5776028,1,2024-01-21,122,F,6,valido,
19934,5725,5725070,4,2024-10-26,137,F,2,valido,
19935,5747,5747021,4,2024-09-02,200,F,4,valido,
19936,5791,5791006,1,2024-02-01,44,F,3,valido,
19937,5715,5715081,2,2024-07-22,118,F,2,valido,
19938,5785,5785001,2,2024-05-14,59,F,5,valido,
19939,5781,5781002,1,2024-02-01,146,F,5,valido,
19940,5791,5791006,3,2024-04-20,121,F,3,valido,
19941,5770,5770019,3,2024-06-17,86,F,4,valido,
19942,5752,5752001,1,2024-04-16,32,F,6,valido,
19943,5715,5715010,1,2024-07-08,71,F,2,valido,
19944,5725,5725016,2,2024-06-24,8,F,2,valido,
19945,5715,5715021,4,2024-09-23,179,F,2,valido,
19946,5727,5727029,4,2024-07-08,119,F,6,valido,
19947,5727,5727019,2,2024-06-14,192,F,6,valido,
19948,5741,5741001,1,2024-02-15,94,F,3,valido,
19949,5770,5770021,4,2024-04-20,81,F,4,valido,
19950,5713,5713018,1,2024-05-05,137,F,4,valido,
19951,5794,5794006,4,2024-03-17,148,F,5,valido,
19952,5705,5705098,2,2024-03-13,124,F,1,valido,
19953,5715,5715003,1,2024-03-02,29,F,2,valido,
19954,5741,5741008,4,2024-02-20,8,F,3,valido,
19955,5773,5773029,4,2024-02-13,11,F,3,valido,
19956,5705,5705050,3,2024-07-16,38,F,1,valido,
19957,5725,5725034,3,2024-12-14,137,F,2,valido,
19958,5713,5713004,2,2024-10-27,119,F,4,valido,
19959,5768,5768051,2,2024-06-01,142,F,2,valido,
19960,5725,5725068,1,2024-01-19,105,F,2,valido,
19961,5727,5727031,2,2024-03-10,138,F,6,valido,
19962,5752,5752030,4,2024-12-25,133,F,6,valido,
19963,5705,5705077,4,2024-06-08,144,F,1,valido,
19964,5785,5785004,1,2024-06-18,98,F,5,valido,
19965,5725,5725021,4,2024-06-15,4,F,2,valido,
19966,5705,5705073,1,2024-08-09,197,F,1,valido,
19967,5705,5705044,2,2024-05-27,100,F,1,valido,
19968,5791,5791004,2,2024-03-23,190,F,3,valido,
19969,5754,5754005,1,2024-02-02,4,F,2,valido,
19970,5725,5725047,1,2024-04-23,17,F,2,valido,
19971,5768,5768069,4,2024-11-18,66,F,2,valido,
19972,5768,5768060,2,2024-09-09,140,F,2,valido,
19973,5725,5725077,1,2024-06-02,48,F,2,valido,
19974,5763,5763007,1,2024-04-15,184,F,1,valido,
19975,5705,5705041,1,2024-05-02,30,F,1,valido,
19976,5752,5752059,3,2024-09-27,94,F,6,valido,
19977,5713,5713044,2,2024-01-02,41,F,4,valido,
19978,5725,5725045,3,2024-04-21,119,F,2,valido,
19979,5773,5773037,3,2024-01-05,50,F,3,valido,
19980,5754,5754017,1,2024-10-02,141,F,2,valido,
19981,5768,5768028,3,2024-07-14,166,F,2,valido,
19982,5725,5725098,2,2024-10-23,102,F,2,valido,
19983,5766,5766008,2,2024-07-21,69,F,1,valido,
19984,5741,5741021,1,2024-11-21,56,F,3,valido,
19985,5705,5705022,1,2024-03-25,129,F,1,valido,
19986,5725,5725088,2,2024-11-12,66,F,2,valido,
19987,5715,5715028,4,2024-12-07,30,F,2,valido,
19988,5768,5768076,1,2024-11-04,61,F,2,valido,
19989,5705,5705077,1,2024-11-08,138,F,1,valido,
19990,5763,5763007,1,2024-10-03,190,F,1,valido,
19991,5754,5754024,4,2024-04-20,123,F,2,valido,
19992,5752,5752032,4,2024-02-04,149,F,6,valido,
19993,5727,5727020,1,2024-04-25,200,F,6,valido,
19994,5719,5719012,3,2024-12-21,97,F,6,valido,
19995,5785,5785001,3,2024-07-26,171,F,5,valido,
19996,5715,5715078,4,2024-06-23,147,F,2,valido,
19997,5708,5708002,1,2024-11-20,16,F,4,valido,
19998,5747,5747015,2,2024-08-03,63,F,4,valido,
19999,5715,5715103,2,2024-03-11,126,F,2,valido,
20000,5785,5785006,1,2024-04-20,110,F,5,valido,
